{
  "schemaVersion": "solver-environment-v1",
  "software": {"gmsh": "4.8.4", "getdp": "3.5.0"},
  "image": {"reference": "opensimphy-edwin-gray-fem@sha256:27f6e63f74e9d33b0071820a6b0765d4cac1578e0dcf7c748cebe7f6770f2b2d", "revision": "817d122-source-v2"},
  "source": {"kind": "debian-snapshot+getdp-official-sha256", "baseImage": "debian@sha256:362e64223cc0da95422b3b13c045186fc0a81250e765d31c025fbddf257f6143", "debianSnapshot": "20260804T000000Z", "gmshPackage": "4.8.4+ds2-3", "getdpPackage": "official-3.5.0"},
  "architecture": {"os": "linux", "debian": "amd64", "kernel": "x86_64"},
  "execution": {"command": "gmsh", "options": ["/output/ac66e80266d88f64f9afe4c2/geometry-wrapper.geo","-3","-nt","1","-format","msh4","-o","/output/ac66e80266d88f64f9afe4c2/motor.msh"], "threadCount": 1},
  "runner": {"revision": "6dafb09f4f8ad45d2aae3c8bc5ceb9af274f2994", "sourceRevision": "0df2f6aca645b53a2ba28847c08273311fdfd3ff5a56928438575d3537f608b5"}
}
Info    : Running 'gmsh /output/ac66e80266d88f64f9afe4c2/geometry-wrapper.geo -3 -nt 1 -format msh4 -o /output/ac66e80266d88f64f9afe4c2/motor.msh' [Gmsh 4.8.4, 1 node, max. 1 thread]
Info    : Started on Sun Aug 16 19:34:36 2026
Info    : Reading '/output/ac66e80266d88f64f9afe4c2/geometry-wrapper.geo'...
Info    : Reading '/workspace/geometry/patent-3890548-3d.geo'...
Info    : Done reading '/workspace/geometry/patent-3890548-3d.geo'
Info    : Done reading '/output/ac66e80266d88f64f9afe4c2/geometry-wrapper.geo'
Info    : Meshing 1D...
Info    : [  0%] Meshing curve 28 (Line)
Info    : [ 10%] Meshing curve 29 (Line)
Info    : [ 10%] Meshing curve 30 (Line)
Info    : [ 10%] Meshing curve 31 (Line)
Info    : [ 10%] Meshing curve 32 (Line)
Info    : [ 10%] Meshing curve 33 (Line)
Info    : [ 10%] Meshing curve 34 (Line)
Info    : [ 10%] Meshing curve 35 (Line)
Info    : [ 10%] Meshing curve 36 (Line)
Info    : [ 10%] Meshing curve 37 (Line)
Info    : [ 10%] Meshing curve 38 (Line)
Info    : [ 10%] Meshing curve 39 (Line)
Info    : [ 10%] Meshing curve 40 (Line)
Info    : [ 10%] Meshing curve 41 (Line)
Info    : [ 10%] Meshing curve 42 (Line)
Info    : [ 10%] Meshing curve 43 (Line)
Info    : [ 10%] Meshing curve 44 (Line)
Info    : [ 10%] Meshing curve 45 (Line)
Info    : [ 10%] Meshing curve 46 (Line)
Info    : [ 10%] Meshing curve 47 (Line)
Info    : [ 10%] Meshing curve 48 (Line)
Info    : [ 10%] Meshing curve 49 (Line)
Info    : [ 10%] Meshing curve 50 (Line)
Info    : [ 10%] Meshing curve 51 (Line)
Info    : [ 10%] Meshing curve 76 (Line)
Info    : [ 10%] Meshing curve 77 (Line)
Info    : [ 10%] Meshing curve 78 (Line)
Info    : [ 10%] Meshing curve 79 (Line)
Info    : [ 10%] Meshing curve 80 (Line)
Info    : [ 10%] Meshing curve 81 (Line)
Info    : [ 10%] Meshing curve 82 (Line)
Info    : [ 10%] Meshing curve 83 (Line)
Info    : [ 10%] Meshing curve 84 (Line)
Info    : [ 10%] Meshing curve 85 (Line)
Info    : [ 10%] Meshing curve 86 (Line)
Info    : [ 10%] Meshing curve 87 (Line)
Info    : [ 10%] Meshing curve 88 (Line)
Info    : [ 10%] Meshing curve 89 (Line)
Info    : [ 10%] Meshing curve 90 (Line)
Info    : [ 10%] Meshing curve 91 (Line)
Info    : [ 10%] Meshing curve 92 (Line)
Info    : [ 10%] Meshing curve 93 (Line)
Info    : [ 10%] Meshing curve 94 (Line)
Info    : [ 10%] Meshing curve 95 (Line)
Info    : [ 10%] Meshing curve 96 (Line)
Info    : [ 10%] Meshing curve 97 (Line)
Info    : [ 10%] Meshing curve 98 (Line)
Info    : [ 10%] Meshing curve 99 (Line)
Info    : [ 10%] Meshing curve 124 (Line)
Info    : [ 10%] Meshing curve 125 (Line)
Info    : [ 10%] Meshing curve 126 (Line)
Info    : [ 10%] Meshing curve 127 (Line)
Info    : [ 10%] Meshing curve 128 (Line)
Info    : [ 10%] Meshing curve 129 (Line)
Info    : [ 10%] Meshing curve 130 (Line)
Info    : [ 10%] Meshing curve 131 (Line)
Info    : [ 10%] Meshing curve 132 (Line)
Info    : [ 10%] Meshing curve 133 (Line)
Info    : [ 10%] Meshing curve 134 (Line)
Info    : [ 10%] Meshing curve 135 (Line)
Info    : [ 10%] Meshing curve 136 (Line)
Info    : [ 10%] Meshing curve 137 (Line)
Info    : [ 10%] Meshing curve 138 (Line)
Info    : [ 10%] Meshing curve 139 (Line)
Info    : [ 10%] Meshing curve 140 (Line)
Info    : [ 10%] Meshing curve 141 (Line)
Info    : [ 10%] Meshing curve 142 (Line)
Info    : [ 10%] Meshing curve 143 (Line)
Info    : [ 10%] Meshing curve 144 (Line)
Info    : [ 10%] Meshing curve 145 (Line)
Info    : [ 10%] Meshing curve 146 (Line)
Info    : [ 10%] Meshing curve 147 (Line)
Info    : [ 10%] Meshing curve 172 (Line)
Info    : [ 10%] Meshing curve 173 (Line)
Info    : [ 10%] Meshing curve 174 (Line)
Info    : [ 10%] Meshing curve 175 (Line)
Info    : [ 10%] Meshing curve 176 (Line)
Info    : [ 10%] Meshing curve 177 (Line)
Info    : [ 10%] Meshing curve 178 (Line)
Info    : [ 10%] Meshing curve 179 (Line)
Info    : [ 10%] Meshing curve 180 (Line)
Info    : [ 10%] Meshing curve 181 (Line)
Info    : [ 10%] Meshing curve 182 (Line)
Info    : [ 10%] Meshing curve 183 (Line)
Info    : [ 10%] Meshing curve 184 (Line)
Info    : [ 10%] Meshing curve 185 (Line)
Info    : [ 10%] Meshing curve 186 (Line)
Info    : [ 10%] Meshing curve 187 (Line)
Info    : [ 10%] Meshing curve 188 (Line)
Info    : [ 10%] Meshing curve 189 (Line)
Info    : [ 10%] Meshing curve 190 (Line)
Info    : [ 10%] Meshing curve 191 (Line)
Info    : [ 10%] Meshing curve 192 (Line)
Info    : [ 10%] Meshing curve 193 (Line)
Info    : [ 10%] Meshing curve 194 (Line)
Info    : [ 10%] Meshing curve 195 (Line)
Info    : [ 10%] Meshing curve 220 (Line)
Info    : [ 10%] Meshing curve 221 (Line)
Info    : [ 10%] Meshing curve 222 (Line)
Info    : [ 10%] Meshing curve 223 (Line)
Info    : [ 10%] Meshing curve 224 (Line)
Info    : [ 10%] Meshing curve 225 (Line)
Info    : [ 10%] Meshing curve 226 (Line)
Info    : [ 10%] Meshing curve 227 (Line)
Info    : [ 10%] Meshing curve 228 (Line)
Info    : [ 10%] Meshing curve 229 (Line)
Info    : [ 10%] Meshing curve 230 (Line)
Info    : [ 10%] Meshing curve 231 (Line)
Info    : [ 10%] Meshing curve 232 (Line)
Info    : [ 10%] Meshing curve 233 (Line)
Info    : [ 10%] Meshing curve 234 (Line)
Info    : [ 10%] Meshing curve 235 (Line)
Info    : [ 10%] Meshing curve 236 (Line)
Info    : [ 10%] Meshing curve 237 (Line)
Info    : [ 10%] Meshing curve 238 (Line)
Info    : [ 10%] Meshing curve 239 (Line)
Info    : [ 20%] Meshing curve 240 (Line)
Info    : [ 20%] Meshing curve 241 (Line)
Info    : [ 20%] Meshing curve 242 (Line)
Info    : [ 20%] Meshing curve 243 (Line)
Info    : [ 20%] Meshing curve 268 (Line)
Info    : [ 20%] Meshing curve 269 (Line)
Info    : [ 20%] Meshing curve 270 (Line)
Info    : [ 20%] Meshing curve 271 (Line)
Info    : [ 20%] Meshing curve 272 (Line)
Info    : [ 20%] Meshing curve 273 (Line)
Info    : [ 20%] Meshing curve 274 (Line)
Info    : [ 20%] Meshing curve 275 (Line)
Info    : [ 20%] Meshing curve 276 (Line)
Info    : [ 20%] Meshing curve 277 (Line)
Info    : [ 20%] Meshing curve 278 (Line)
Info    : [ 20%] Meshing curve 279 (Line)
Info    : [ 20%] Meshing curve 280 (Line)
Info    : [ 20%] Meshing curve 281 (Line)
Info    : [ 20%] Meshing curve 282 (Line)
Info    : [ 20%] Meshing curve 283 (Line)
Info    : [ 20%] Meshing curve 284 (Line)
Info    : [ 20%] Meshing curve 285 (Line)
Info    : [ 20%] Meshing curve 286 (Line)
Info    : [ 20%] Meshing curve 287 (Line)
Info    : [ 20%] Meshing curve 288 (Line)
Info    : [ 20%] Meshing curve 289 (Line)
Info    : [ 20%] Meshing curve 290 (Line)
Info    : [ 20%] Meshing curve 291 (Line)
Info    : [ 20%] Meshing curve 316 (Line)
Info    : [ 20%] Meshing curve 317 (Line)
Info    : [ 20%] Meshing curve 318 (Line)
Info    : [ 20%] Meshing curve 319 (Line)
Info    : [ 20%] Meshing curve 320 (Line)
Info    : [ 20%] Meshing curve 321 (Line)
Info    : [ 20%] Meshing curve 322 (Line)
Info    : [ 20%] Meshing curve 323 (Line)
Info    : [ 20%] Meshing curve 324 (Line)
Info    : [ 20%] Meshing curve 325 (Line)
Info    : [ 20%] Meshing curve 326 (Line)
Info    : [ 20%] Meshing curve 327 (Line)
Info    : [ 20%] Meshing curve 328 (Line)
Info    : [ 20%] Meshing curve 329 (Line)
Info    : [ 20%] Meshing curve 330 (Line)
Info    : [ 20%] Meshing curve 331 (Line)
Info    : [ 20%] Meshing curve 332 (Line)
Info    : [ 20%] Meshing curve 333 (Line)
Info    : [ 20%] Meshing curve 334 (Line)
Info    : [ 20%] Meshing curve 335 (Line)
Info    : [ 20%] Meshing curve 336 (Line)
Info    : [ 20%] Meshing curve 337 (Line)
Info    : [ 20%] Meshing curve 338 (Line)
Info    : [ 20%] Meshing curve 339 (Line)
Info    : [ 20%] Meshing curve 364 (Line)
Info    : [ 20%] Meshing curve 365 (Line)
Info    : [ 20%] Meshing curve 366 (Line)
Info    : [ 20%] Meshing curve 367 (Line)
Info    : [ 20%] Meshing curve 368 (Line)
Info    : [ 20%] Meshing curve 369 (Line)
Info    : [ 20%] Meshing curve 370 (Line)
Info    : [ 20%] Meshing curve 371 (Line)
Info    : [ 20%] Meshing curve 372 (Line)
Info    : [ 20%] Meshing curve 373 (Line)
Info    : [ 20%] Meshing curve 374 (Line)
Info    : [ 20%] Meshing curve 375 (Line)
Info    : [ 20%] Meshing curve 376 (Line)
Info    : [ 20%] Meshing curve 377 (Line)
Info    : [ 20%] Meshing curve 378 (Line)
Info    : [ 20%] Meshing curve 379 (Line)
Info    : [ 20%] Meshing curve 380 (Line)
Info    : [ 20%] Meshing curve 381 (Line)
Info    : [ 20%] Meshing curve 382 (Line)
Info    : [ 20%] Meshing curve 383 (Line)
Info    : [ 20%] Meshing curve 384 (Line)
Info    : [ 20%] Meshing curve 385 (Line)
Info    : [ 20%] Meshing curve 386 (Line)
Info    : [ 20%] Meshing curve 387 (Line)
Info    : [ 20%] Meshing curve 412 (Line)
Info    : [ 20%] Meshing curve 413 (Line)
Info    : [ 20%] Meshing curve 414 (Line)
Info    : [ 20%] Meshing curve 415 (Line)
Info    : [ 20%] Meshing curve 416 (Line)
Info    : [ 20%] Meshing curve 417 (Line)
Info    : [ 20%] Meshing curve 418 (Line)
Info    : [ 20%] Meshing curve 419 (Line)
Info    : [ 20%] Meshing curve 420 (Line)
Info    : [ 20%] Meshing curve 421 (Line)
Info    : [ 20%] Meshing curve 422 (Line)
Info    : [ 20%] Meshing curve 423 (Line)
Info    : [ 20%] Meshing curve 424 (Line)
Info    : [ 20%] Meshing curve 425 (Line)
Info    : [ 20%] Meshing curve 426 (Line)
Info    : [ 20%] Meshing curve 427 (Line)
Info    : [ 20%] Meshing curve 428 (Line)
Info    : [ 20%] Meshing curve 429 (Line)
Info    : [ 20%] Meshing curve 430 (Line)
Info    : [ 20%] Meshing curve 431 (Line)
Info    : [ 20%] Meshing curve 432 (Line)
Info    : [ 20%] Meshing curve 433 (Line)
Info    : [ 20%] Meshing curve 434 (Line)
Info    : [ 20%] Meshing curve 435 (Line)
Info    : [ 20%] Meshing curve 460 (Line)
Info    : [ 20%] Meshing curve 461 (Line)
Info    : [ 20%] Meshing curve 462 (Line)
Info    : [ 20%] Meshing curve 463 (Line)
Info    : [ 20%] Meshing curve 464 (Line)
Info    : [ 20%] Meshing curve 465 (Line)
Info    : [ 20%] Meshing curve 466 (Line)
Info    : [ 20%] Meshing curve 467 (Line)
Info    : [ 20%] Meshing curve 468 (Line)
Info    : [ 20%] Meshing curve 469 (Line)
Info    : [ 20%] Meshing curve 470 (Line)
Info    : [ 20%] Meshing curve 471 (Line)
Info    : [ 20%] Meshing curve 472 (Line)
Info    : [ 20%] Meshing curve 473 (Line)
Info    : [ 20%] Meshing curve 474 (Line)
Info    : [ 20%] Meshing curve 475 (Line)
Info    : [ 30%] Meshing curve 476 (Line)
Info    : [ 30%] Meshing curve 477 (Line)
Info    : [ 30%] Meshing curve 478 (Line)
Info    : [ 30%] Meshing curve 479 (Line)
Info    : [ 30%] Meshing curve 480 (Line)
Info    : [ 30%] Meshing curve 481 (Line)
Info    : [ 30%] Meshing curve 482 (Line)
Info    : [ 30%] Meshing curve 483 (Line)
Info    : [ 30%] Meshing curve 508 (Line)
Info    : [ 30%] Meshing curve 509 (Line)
Info    : [ 30%] Meshing curve 510 (Line)
Info    : [ 30%] Meshing curve 511 (Line)
Info    : [ 30%] Meshing curve 512 (Line)
Info    : [ 30%] Meshing curve 513 (Line)
Info    : [ 30%] Meshing curve 514 (Line)
Info    : [ 30%] Meshing curve 515 (Line)
Info    : [ 30%] Meshing curve 516 (Line)
Info    : [ 30%] Meshing curve 517 (Line)
Info    : [ 30%] Meshing curve 518 (Line)
Info    : [ 30%] Meshing curve 519 (Line)
Info    : [ 30%] Meshing curve 520 (Line)
Info    : [ 30%] Meshing curve 521 (Line)
Info    : [ 30%] Meshing curve 522 (Line)
Info    : [ 30%] Meshing curve 523 (Line)
Info    : [ 30%] Meshing curve 524 (Line)
Info    : [ 30%] Meshing curve 525 (Line)
Info    : [ 30%] Meshing curve 526 (Line)
Info    : [ 30%] Meshing curve 527 (Line)
Info    : [ 30%] Meshing curve 528 (Line)
Info    : [ 30%] Meshing curve 529 (Line)
Info    : [ 30%] Meshing curve 530 (Line)
Info    : [ 30%] Meshing curve 531 (Line)
Info    : [ 30%] Meshing curve 556 (Line)
Info    : [ 30%] Meshing curve 557 (Line)
Info    : [ 30%] Meshing curve 558 (Line)
Info    : [ 30%] Meshing curve 559 (Line)
Info    : [ 30%] Meshing curve 560 (Line)
Info    : [ 30%] Meshing curve 561 (Line)
Info    : [ 30%] Meshing curve 562 (Line)
Info    : [ 30%] Meshing curve 563 (Line)
Info    : [ 30%] Meshing curve 564 (Line)
Info    : [ 30%] Meshing curve 565 (Line)
Info    : [ 30%] Meshing curve 566 (Line)
Info    : [ 30%] Meshing curve 567 (Line)
Info    : [ 30%] Meshing curve 568 (Line)
Info    : [ 30%] Meshing curve 569 (Line)
Info    : [ 30%] Meshing curve 570 (Line)
Info    : [ 30%] Meshing curve 571 (Line)
Info    : [ 30%] Meshing curve 572 (Line)
Info    : [ 30%] Meshing curve 573 (Line)
Info    : [ 30%] Meshing curve 574 (Line)
Info    : [ 30%] Meshing curve 575 (Line)
Info    : [ 30%] Meshing curve 576 (Line)
Info    : [ 30%] Meshing curve 577 (Line)
Info    : [ 30%] Meshing curve 578 (Line)
Info    : [ 30%] Meshing curve 579 (Line)
Info    : [ 30%] Meshing curve 604 (Line)
Info    : [ 30%] Meshing curve 605 (Line)
Info    : [ 30%] Meshing curve 606 (Line)
Info    : [ 30%] Meshing curve 607 (Line)
Info    : [ 30%] Meshing curve 608 (Line)
Info    : [ 30%] Meshing curve 609 (Line)
Info    : [ 30%] Meshing curve 610 (Line)
Info    : [ 30%] Meshing curve 611 (Line)
Info    : [ 30%] Meshing curve 612 (Line)
Info    : [ 30%] Meshing curve 613 (Line)
Info    : [ 30%] Meshing curve 614 (Line)
Info    : [ 30%] Meshing curve 615 (Line)
Info    : [ 30%] Meshing curve 616 (Line)
Info    : [ 30%] Meshing curve 617 (Line)
Info    : [ 30%] Meshing curve 618 (Line)
Info    : [ 30%] Meshing curve 619 (Line)
Info    : [ 30%] Meshing curve 620 (Line)
Info    : [ 30%] Meshing curve 621 (Line)
Info    : [ 30%] Meshing curve 622 (Line)
Info    : [ 30%] Meshing curve 623 (Line)
Info    : [ 30%] Meshing curve 624 (Line)
Info    : [ 30%] Meshing curve 625 (Line)
Info    : [ 30%] Meshing curve 626 (Line)
Info    : [ 30%] Meshing curve 627 (Line)
Info    : [ 30%] Meshing curve 652 (Line)
Info    : [ 30%] Meshing curve 653 (Line)
Info    : [ 30%] Meshing curve 654 (Line)
Info    : [ 30%] Meshing curve 655 (Line)
Info    : [ 30%] Meshing curve 656 (Line)
Info    : [ 30%] Meshing curve 657 (Line)
Info    : [ 30%] Meshing curve 658 (Line)
Info    : [ 30%] Meshing curve 659 (Line)
Info    : [ 30%] Meshing curve 660 (Line)
Info    : [ 30%] Meshing curve 661 (Line)
Info    : [ 30%] Meshing curve 662 (Line)
Info    : [ 30%] Meshing curve 663 (Line)
Info    : [ 30%] Meshing curve 664 (Line)
Info    : [ 30%] Meshing curve 665 (Line)
Info    : [ 30%] Meshing curve 666 (Line)
Info    : [ 30%] Meshing curve 667 (Line)
Info    : [ 30%] Meshing curve 668 (Line)
Info    : [ 30%] Meshing curve 669 (Line)
Info    : [ 30%] Meshing curve 670 (Line)
Info    : [ 30%] Meshing curve 671 (Line)
Info    : [ 30%] Meshing curve 672 (Line)
Info    : [ 30%] Meshing curve 673 (Line)
Info    : [ 30%] Meshing curve 674 (Line)
Info    : [ 30%] Meshing curve 675 (Line)
Info    : [ 30%] Meshing curve 700 (Line)
Info    : [ 30%] Meshing curve 701 (Line)
Info    : [ 30%] Meshing curve 702 (Line)
Info    : [ 30%] Meshing curve 703 (Line)
Info    : [ 30%] Meshing curve 704 (Line)
Info    : [ 30%] Meshing curve 705 (Line)
Info    : [ 30%] Meshing curve 706 (Line)
Info    : [ 30%] Meshing curve 707 (Line)
Info    : [ 30%] Meshing curve 708 (Line)
Info    : [ 30%] Meshing curve 709 (Line)
Info    : [ 30%] Meshing curve 710 (Line)
Info    : [ 40%] Meshing curve 711 (Line)
Info    : [ 40%] Meshing curve 712 (Line)
Info    : [ 40%] Meshing curve 713 (Line)
Info    : [ 40%] Meshing curve 714 (Line)
Info    : [ 40%] Meshing curve 715 (Line)
Info    : [ 40%] Meshing curve 716 (Line)
Info    : [ 40%] Meshing curve 717 (Line)
Info    : [ 40%] Meshing curve 718 (Line)
Info    : [ 40%] Meshing curve 719 (Line)
Info    : [ 40%] Meshing curve 720 (Line)
Info    : [ 40%] Meshing curve 721 (Line)
Info    : [ 40%] Meshing curve 722 (Line)
Info    : [ 40%] Meshing curve 723 (Line)
Info    : [ 40%] Meshing curve 748 (Line)
Info    : [ 40%] Meshing curve 749 (Line)
Info    : [ 40%] Meshing curve 750 (Line)
Info    : [ 40%] Meshing curve 751 (Line)
Info    : [ 40%] Meshing curve 752 (Line)
Info    : [ 40%] Meshing curve 753 (Line)
Info    : [ 40%] Meshing curve 754 (Line)
Info    : [ 40%] Meshing curve 755 (Line)
Info    : [ 40%] Meshing curve 756 (Line)
Info    : [ 40%] Meshing curve 757 (Line)
Info    : [ 40%] Meshing curve 758 (Line)
Info    : [ 40%] Meshing curve 759 (Line)
Info    : [ 40%] Meshing curve 760 (Line)
Info    : [ 40%] Meshing curve 761 (Line)
Info    : [ 40%] Meshing curve 762 (Line)
Info    : [ 40%] Meshing curve 763 (Line)
Info    : [ 40%] Meshing curve 764 (Line)
Info    : [ 40%] Meshing curve 765 (Line)
Info    : [ 40%] Meshing curve 766 (Line)
Info    : [ 40%] Meshing curve 767 (Line)
Info    : [ 40%] Meshing curve 768 (Line)
Info    : [ 40%] Meshing curve 769 (Line)
Info    : [ 40%] Meshing curve 770 (Line)
Info    : [ 40%] Meshing curve 771 (Line)
Info    : [ 40%] Meshing curve 796 (Line)
Info    : [ 40%] Meshing curve 797 (Line)
Info    : [ 40%] Meshing curve 798 (Line)
Info    : [ 40%] Meshing curve 799 (Line)
Info    : [ 40%] Meshing curve 800 (Line)
Info    : [ 40%] Meshing curve 801 (Line)
Info    : [ 40%] Meshing curve 802 (Line)
Info    : [ 40%] Meshing curve 803 (Line)
Info    : [ 40%] Meshing curve 804 (Line)
Info    : [ 40%] Meshing curve 805 (Line)
Info    : [ 40%] Meshing curve 806 (Line)
Info    : [ 40%] Meshing curve 807 (Line)
Info    : [ 40%] Meshing curve 808 (Line)
Info    : [ 40%] Meshing curve 809 (Line)
Info    : [ 40%] Meshing curve 810 (Line)
Info    : [ 40%] Meshing curve 811 (Line)
Info    : [ 40%] Meshing curve 812 (Line)
Info    : [ 40%] Meshing curve 813 (Line)
Info    : [ 40%] Meshing curve 814 (Line)
Info    : [ 40%] Meshing curve 815 (Line)
Info    : [ 40%] Meshing curve 816 (Line)
Info    : [ 40%] Meshing curve 817 (Line)
Info    : [ 40%] Meshing curve 818 (Line)
Info    : [ 40%] Meshing curve 819 (Line)
Info    : [ 40%] Meshing curve 844 (Line)
Info    : [ 40%] Meshing curve 845 (Line)
Info    : [ 40%] Meshing curve 846 (Line)
Info    : [ 40%] Meshing curve 847 (Line)
Info    : [ 40%] Meshing curve 848 (Line)
Info    : [ 40%] Meshing curve 849 (Line)
Info    : [ 40%] Meshing curve 850 (Line)
Info    : [ 40%] Meshing curve 851 (Line)
Info    : [ 40%] Meshing curve 852 (Line)
Info    : [ 40%] Meshing curve 853 (Line)
Info    : [ 40%] Meshing curve 854 (Line)
Info    : [ 40%] Meshing curve 855 (Line)
Info    : [ 40%] Meshing curve 856 (Line)
Info    : [ 40%] Meshing curve 857 (Line)
Info    : [ 40%] Meshing curve 858 (Line)
Info    : [ 40%] Meshing curve 859 (Line)
Info    : [ 40%] Meshing curve 860 (Line)
Info    : [ 40%] Meshing curve 861 (Line)
Info    : [ 40%] Meshing curve 862 (Line)
Info    : [ 40%] Meshing curve 863 (Line)
Info    : [ 40%] Meshing curve 864 (Line)
Info    : [ 40%] Meshing curve 865 (Line)
Info    : [ 40%] Meshing curve 866 (Line)
Info    : [ 40%] Meshing curve 867 (Line)
Info    : [ 40%] Meshing curve 892 (Line)
Info    : [ 40%] Meshing curve 893 (Line)
Info    : [ 40%] Meshing curve 894 (Line)
Info    : [ 40%] Meshing curve 895 (Line)
Info    : [ 40%] Meshing curve 896 (Line)
Info    : [ 40%] Meshing curve 897 (Line)
Info    : [ 40%] Meshing curve 898 (Line)
Info    : [ 40%] Meshing curve 899 (Line)
Info    : [ 40%] Meshing curve 900 (Line)
Info    : [ 40%] Meshing curve 901 (Line)
Info    : [ 40%] Meshing curve 902 (Line)
Info    : [ 40%] Meshing curve 903 (Line)
Info    : [ 40%] Meshing curve 904 (Line)
Info    : [ 40%] Meshing curve 905 (Line)
Info    : [ 40%] Meshing curve 906 (Line)
Info    : [ 40%] Meshing curve 907 (Line)
Info    : [ 40%] Meshing curve 908 (Line)
Info    : [ 40%] Meshing curve 909 (Line)
Info    : [ 40%] Meshing curve 910 (Line)
Info    : [ 40%] Meshing curve 911 (Line)
Info    : [ 40%] Meshing curve 912 (Line)
Info    : [ 40%] Meshing curve 913 (Line)
Info    : [ 40%] Meshing curve 914 (Line)
Info    : [ 40%] Meshing curve 915 (Line)
Info    : [ 40%] Meshing curve 940 (Line)
Info    : [ 40%] Meshing curve 941 (Line)
Info    : [ 40%] Meshing curve 942 (Line)
Info    : [ 40%] Meshing curve 943 (Line)
Info    : [ 40%] Meshing curve 944 (Line)
Info    : [ 40%] Meshing curve 945 (Line)
Info    : [ 40%] Meshing curve 946 (Line)
Info    : [ 50%] Meshing curve 947 (Line)
Info    : [ 50%] Meshing curve 948 (Line)
Info    : [ 50%] Meshing curve 949 (Line)
Info    : [ 50%] Meshing curve 950 (Line)
Info    : [ 50%] Meshing curve 951 (Line)
Info    : [ 50%] Meshing curve 952 (Line)
Info    : [ 50%] Meshing curve 953 (Line)
Info    : [ 50%] Meshing curve 954 (Line)
Info    : [ 50%] Meshing curve 955 (Line)
Info    : [ 50%] Meshing curve 956 (Line)
Info    : [ 50%] Meshing curve 957 (Line)
Info    : [ 50%] Meshing curve 958 (Line)
Info    : [ 50%] Meshing curve 959 (Line)
Info    : [ 50%] Meshing curve 960 (Line)
Info    : [ 50%] Meshing curve 961 (Line)
Info    : [ 50%] Meshing curve 962 (Line)
Info    : [ 50%] Meshing curve 963 (Line)
Info    : [ 50%] Meshing curve 988 (Line)
Info    : [ 50%] Meshing curve 989 (Line)
Info    : [ 50%] Meshing curve 990 (Line)
Info    : [ 50%] Meshing curve 991 (Line)
Info    : [ 50%] Meshing curve 992 (Line)
Info    : [ 50%] Meshing curve 993 (Line)
Info    : [ 50%] Meshing curve 994 (Line)
Info    : [ 50%] Meshing curve 995 (Line)
Info    : [ 50%] Meshing curve 996 (Line)
Info    : [ 50%] Meshing curve 997 (Line)
Info    : [ 50%] Meshing curve 998 (Line)
Info    : [ 50%] Meshing curve 999 (Line)
Info    : [ 50%] Meshing curve 1000 (Line)
Info    : [ 50%] Meshing curve 1001 (Line)
Info    : [ 50%] Meshing curve 1002 (Line)
Info    : [ 50%] Meshing curve 1003 (Line)
Info    : [ 50%] Meshing curve 1004 (Line)
Info    : [ 50%] Meshing curve 1005 (Line)
Info    : [ 50%] Meshing curve 1006 (Line)
Info    : [ 50%] Meshing curve 1007 (Line)
Info    : [ 50%] Meshing curve 1008 (Line)
Info    : [ 50%] Meshing curve 1009 (Line)
Info    : [ 50%] Meshing curve 1010 (Line)
Info    : [ 50%] Meshing curve 1011 (Line)
Info    : [ 50%] Meshing curve 1036 (Line)
Info    : [ 50%] Meshing curve 1037 (Line)
Info    : [ 50%] Meshing curve 1038 (Line)
Info    : [ 50%] Meshing curve 1039 (Line)
Info    : [ 50%] Meshing curve 1040 (Line)
Info    : [ 50%] Meshing curve 1041 (Line)
Info    : [ 50%] Meshing curve 1042 (Line)
Info    : [ 50%] Meshing curve 1043 (Line)
Info    : [ 50%] Meshing curve 1044 (Line)
Info    : [ 50%] Meshing curve 1045 (Line)
Info    : [ 50%] Meshing curve 1046 (Line)
Info    : [ 50%] Meshing curve 1047 (Line)
Info    : [ 50%] Meshing curve 1048 (Line)
Info    : [ 50%] Meshing curve 1049 (Line)
Info    : [ 50%] Meshing curve 1050 (Line)
Info    : [ 50%] Meshing curve 1051 (Line)
Info    : [ 50%] Meshing curve 1052 (Line)
Info    : [ 50%] Meshing curve 1053 (Line)
Info    : [ 50%] Meshing curve 1054 (Line)
Info    : [ 50%] Meshing curve 1055 (Line)
Info    : [ 50%] Meshing curve 1056 (Line)
Info    : [ 50%] Meshing curve 1057 (Line)
Info    : [ 50%] Meshing curve 1058 (Line)
Info    : [ 50%] Meshing curve 1059 (Line)
Info    : [ 50%] Meshing curve 1084 (Line)
Info    : [ 50%] Meshing curve 1085 (Line)
Info    : [ 50%] Meshing curve 1086 (Line)
Info    : [ 50%] Meshing curve 1087 (Line)
Info    : [ 50%] Meshing curve 1088 (Line)
Info    : [ 50%] Meshing curve 1089 (Line)
Info    : [ 50%] Meshing curve 1090 (Line)
Info    : [ 50%] Meshing curve 1091 (Line)
Info    : [ 50%] Meshing curve 1092 (Line)
Info    : [ 50%] Meshing curve 1093 (Line)
Info    : [ 50%] Meshing curve 1094 (Line)
Info    : [ 50%] Meshing curve 1095 (Line)
Info    : [ 50%] Meshing curve 1096 (Line)
Info    : [ 50%] Meshing curve 1097 (Line)
Info    : [ 50%] Meshing curve 1098 (Line)
Info    : [ 50%] Meshing curve 1099 (Line)
Info    : [ 50%] Meshing curve 1100 (Line)
Info    : [ 50%] Meshing curve 1101 (Line)
Info    : [ 50%] Meshing curve 1102 (Line)
Info    : [ 50%] Meshing curve 1103 (Line)
Info    : [ 50%] Meshing curve 1104 (Line)
Info    : [ 50%] Meshing curve 1105 (Line)
Info    : [ 50%] Meshing curve 1106 (Line)
Info    : [ 50%] Meshing curve 1107 (Line)
Info    : [ 50%] Meshing curve 1132 (Line)
Info    : [ 50%] Meshing curve 1133 (Line)
Info    : [ 50%] Meshing curve 1134 (Line)
Info    : [ 50%] Meshing curve 1135 (Line)
Info    : [ 50%] Meshing curve 1136 (Line)
Info    : [ 50%] Meshing curve 1137 (Line)
Info    : [ 50%] Meshing curve 1138 (Line)
Info    : [ 50%] Meshing curve 1139 (Line)
Info    : [ 50%] Meshing curve 1140 (Line)
Info    : [ 50%] Meshing curve 1141 (Line)
Info    : [ 50%] Meshing curve 1142 (Line)
Info    : [ 50%] Meshing curve 1143 (Line)
Info    : [ 50%] Meshing curve 1144 (Line)
Info    : [ 50%] Meshing curve 1145 (Line)
Info    : [ 50%] Meshing curve 1146 (Line)
Info    : [ 50%] Meshing curve 1147 (Line)
Info    : [ 50%] Meshing curve 1148 (Line)
Info    : [ 50%] Meshing curve 1149 (Line)
Info    : [ 50%] Meshing curve 1150 (Line)
Info    : [ 50%] Meshing curve 1151 (Line)
Info    : [ 50%] Meshing curve 1152 (Line)
Info    : [ 50%] Meshing curve 1153 (Line)
Info    : [ 50%] Meshing curve 1154 (Line)
Info    : [ 50%] Meshing curve 1155 (Line)
Info    : [ 50%] Meshing curve 1180 (Line)
Info    : [ 50%] Meshing curve 1181 (Line)
Info    : [ 60%] Meshing curve 1182 (Line)
Info    : [ 60%] Meshing curve 1183 (Line)
Info    : [ 60%] Meshing curve 1184 (Line)
Info    : [ 60%] Meshing curve 1185 (Line)
Info    : [ 60%] Meshing curve 1186 (Line)
Info    : [ 60%] Meshing curve 1187 (Line)
Info    : [ 60%] Meshing curve 1188 (Line)
Info    : [ 60%] Meshing curve 1189 (Line)
Info    : [ 60%] Meshing curve 1190 (Line)
Info    : [ 60%] Meshing curve 1191 (Line)
Info    : [ 60%] Meshing curve 1192 (Line)
Info    : [ 60%] Meshing curve 1193 (Line)
Info    : [ 60%] Meshing curve 1194 (Line)
Info    : [ 60%] Meshing curve 1195 (Line)
Info    : [ 60%] Meshing curve 1196 (Line)
Info    : [ 60%] Meshing curve 1197 (Line)
Info    : [ 60%] Meshing curve 1198 (Line)
Info    : [ 60%] Meshing curve 1199 (Line)
Info    : [ 60%] Meshing curve 1200 (Line)
Info    : [ 60%] Meshing curve 1201 (Line)
Info    : [ 60%] Meshing curve 1202 (Line)
Info    : [ 60%] Meshing curve 1203 (Line)
Info    : [ 60%] Meshing curve 1228 (Line)
Info    : [ 60%] Meshing curve 1229 (Line)
Info    : [ 60%] Meshing curve 1230 (Line)
Info    : [ 60%] Meshing curve 1231 (Line)
Info    : [ 60%] Meshing curve 1232 (Line)
Info    : [ 60%] Meshing curve 1233 (Line)
Info    : [ 60%] Meshing curve 1234 (Line)
Info    : [ 60%] Meshing curve 1235 (Line)
Info    : [ 60%] Meshing curve 1236 (Line)
Info    : [ 60%] Meshing curve 1237 (Line)
Info    : [ 60%] Meshing curve 1238 (Line)
Info    : [ 60%] Meshing curve 1239 (Line)
Info    : [ 60%] Meshing curve 1240 (Line)
Info    : [ 60%] Meshing curve 1241 (Line)
Info    : [ 60%] Meshing curve 1242 (Line)
Info    : [ 60%] Meshing curve 1243 (Line)
Info    : [ 60%] Meshing curve 1244 (Line)
Info    : [ 60%] Meshing curve 1245 (Line)
Info    : [ 60%] Meshing curve 1246 (Line)
Info    : [ 60%] Meshing curve 1247 (Line)
Info    : [ 60%] Meshing curve 1248 (Line)
Info    : [ 60%] Meshing curve 1249 (Line)
Info    : [ 60%] Meshing curve 1250 (Line)
Info    : [ 60%] Meshing curve 1251 (Line)
Info    : [ 60%] Meshing curve 1276 (Line)
Info    : [ 60%] Meshing curve 1277 (Line)
Info    : [ 60%] Meshing curve 1278 (Line)
Info    : [ 60%] Meshing curve 1279 (Line)
Info    : [ 60%] Meshing curve 1280 (Line)
Info    : [ 60%] Meshing curve 1281 (Line)
Info    : [ 60%] Meshing curve 1282 (Line)
Info    : [ 60%] Meshing curve 1283 (Line)
Info    : [ 60%] Meshing curve 1284 (Line)
Info    : [ 60%] Meshing curve 1285 (Line)
Info    : [ 60%] Meshing curve 1286 (Line)
Info    : [ 60%] Meshing curve 1287 (Line)
Info    : [ 60%] Meshing curve 1288 (Line)
Info    : [ 60%] Meshing curve 1289 (Line)
Info    : [ 60%] Meshing curve 1290 (Line)
Info    : [ 60%] Meshing curve 1291 (Line)
Info    : [ 60%] Meshing curve 1292 (Line)
Info    : [ 60%] Meshing curve 1293 (Line)
Info    : [ 60%] Meshing curve 1294 (Line)
Info    : [ 60%] Meshing curve 1295 (Line)
Info    : [ 60%] Meshing curve 1296 (Line)
Info    : [ 60%] Meshing curve 1297 (Line)
Info    : [ 60%] Meshing curve 1298 (Line)
Info    : [ 60%] Meshing curve 1299 (Line)
Info    : [ 60%] Meshing curve 1324 (Line)
Info    : [ 60%] Meshing curve 1325 (Line)
Info    : [ 60%] Meshing curve 1326 (Line)
Info    : [ 60%] Meshing curve 1327 (Line)
Info    : [ 60%] Meshing curve 1328 (Line)
Info    : [ 60%] Meshing curve 1329 (Line)
Info    : [ 60%] Meshing curve 1330 (Line)
Info    : [ 60%] Meshing curve 1331 (Line)
Info    : [ 60%] Meshing curve 1332 (Line)
Info    : [ 60%] Meshing curve 1333 (Line)
Info    : [ 60%] Meshing curve 1334 (Line)
Info    : [ 60%] Meshing curve 1335 (Line)
Info    : [ 60%] Meshing curve 1336 (Line)
Info    : [ 60%] Meshing curve 1337 (Line)
Info    : [ 60%] Meshing curve 1338 (Line)
Info    : [ 60%] Meshing curve 1339 (Line)
Info    : [ 60%] Meshing curve 1340 (Line)
Info    : [ 60%] Meshing curve 1341 (Line)
Info    : [ 60%] Meshing curve 1342 (Line)
Info    : [ 60%] Meshing curve 1343 (Line)
Info    : [ 60%] Meshing curve 1344 (Line)
Info    : [ 60%] Meshing curve 1345 (Line)
Info    : [ 60%] Meshing curve 1346 (Line)
Info    : [ 60%] Meshing curve 1347 (Line)
Info    : [ 60%] Meshing curve 1372 (Line)
Info    : [ 60%] Meshing curve 1373 (Line)
Info    : [ 60%] Meshing curve 1374 (Line)
Info    : [ 60%] Meshing curve 1375 (Line)
Info    : [ 60%] Meshing curve 1376 (Line)
Info    : [ 60%] Meshing curve 1377 (Line)
Info    : [ 60%] Meshing curve 1378 (Line)
Info    : [ 60%] Meshing curve 1379 (Line)
Info    : [ 60%] Meshing curve 1380 (Line)
Info    : [ 60%] Meshing curve 1381 (Line)
Info    : [ 60%] Meshing curve 1382 (Line)
Info    : [ 60%] Meshing curve 1383 (Line)
Info    : [ 60%] Meshing curve 1384 (Line)
Info    : [ 60%] Meshing curve 1385 (Line)
Info    : [ 60%] Meshing curve 1386 (Line)
Info    : [ 60%] Meshing curve 1387 (Line)
Info    : [ 60%] Meshing curve 1388 (Line)
Info    : [ 60%] Meshing curve 1389 (Line)
Info    : [ 60%] Meshing curve 1390 (Line)
Info    : [ 60%] Meshing curve 1391 (Line)
Info    : [ 60%] Meshing curve 1392 (Line)
Info    : [ 60%] Meshing curve 1393 (Line)
Info    : [ 70%] Meshing curve 1394 (Line)
Info    : [ 70%] Meshing curve 1395 (Line)
Info    : [ 70%] Meshing curve 1420 (Line)
Info    : [ 70%] Meshing curve 1421 (Line)
Info    : [ 70%] Meshing curve 1422 (Line)
Info    : [ 70%] Meshing curve 1423 (Line)
Info    : [ 70%] Meshing curve 1424 (Line)
Info    : [ 70%] Meshing curve 1425 (Line)
Info    : [ 70%] Meshing curve 1426 (Line)
Info    : [ 70%] Meshing curve 1427 (Line)
Info    : [ 70%] Meshing curve 1428 (Line)
Info    : [ 70%] Meshing curve 1429 (Line)
Info    : [ 70%] Meshing curve 1430 (Line)
Info    : [ 70%] Meshing curve 1431 (Line)
Info    : [ 70%] Meshing curve 1432 (Line)
Info    : [ 70%] Meshing curve 1433 (Line)
Info    : [ 70%] Meshing curve 1434 (Line)
Info    : [ 70%] Meshing curve 1435 (Line)
Info    : [ 70%] Meshing curve 1436 (Line)
Info    : [ 70%] Meshing curve 1437 (Line)
Info    : [ 70%] Meshing curve 1438 (Line)
Info    : [ 70%] Meshing curve 1439 (Line)
Info    : [ 70%] Meshing curve 1440 (Line)
Info    : [ 70%] Meshing curve 1441 (Line)
Info    : [ 70%] Meshing curve 1442 (Line)
Info    : [ 70%] Meshing curve 1443 (Line)
Info    : [ 70%] Meshing curve 1468 (Line)
Info    : [ 70%] Meshing curve 1469 (Line)
Info    : [ 70%] Meshing curve 1470 (Line)
Info    : [ 70%] Meshing curve 1471 (Line)
Info    : [ 70%] Meshing curve 1472 (Line)
Info    : [ 70%] Meshing curve 1473 (Line)
Info    : [ 70%] Meshing curve 1474 (Line)
Info    : [ 70%] Meshing curve 1475 (Line)
Info    : [ 70%] Meshing curve 1476 (Line)
Info    : [ 70%] Meshing curve 1477 (Line)
Info    : [ 70%] Meshing curve 1478 (Line)
Info    : [ 70%] Meshing curve 1479 (Line)
Info    : [ 70%] Meshing curve 1480 (Line)
Info    : [ 70%] Meshing curve 1481 (Line)
Info    : [ 70%] Meshing curve 1482 (Line)
Info    : [ 70%] Meshing curve 1483 (Line)
Info    : [ 70%] Meshing curve 1484 (Line)
Info    : [ 70%] Meshing curve 1485 (Line)
Info    : [ 70%] Meshing curve 1486 (Line)
Info    : [ 70%] Meshing curve 1487 (Line)
Info    : [ 70%] Meshing curve 1488 (Line)
Info    : [ 70%] Meshing curve 1489 (Line)
Info    : [ 70%] Meshing curve 1490 (Line)
Info    : [ 70%] Meshing curve 1491 (Line)
Info    : [ 70%] Meshing curve 1516 (Line)
Info    : [ 70%] Meshing curve 1517 (Line)
Info    : [ 70%] Meshing curve 1518 (Line)
Info    : [ 70%] Meshing curve 1519 (Line)
Info    : [ 70%] Meshing curve 1520 (Line)
Info    : [ 70%] Meshing curve 1521 (Line)
Info    : [ 70%] Meshing curve 1522 (Line)
Info    : [ 70%] Meshing curve 1523 (Line)
Info    : [ 70%] Meshing curve 1524 (Line)
Info    : [ 70%] Meshing curve 1525 (Line)
Info    : [ 70%] Meshing curve 1526 (Line)
Info    : [ 70%] Meshing curve 1527 (Line)
Info    : [ 70%] Meshing curve 1528 (Line)
Info    : [ 70%] Meshing curve 1529 (Line)
Info    : [ 70%] Meshing curve 1530 (Line)
Info    : [ 70%] Meshing curve 1531 (Line)
Info    : [ 70%] Meshing curve 1532 (Line)
Info    : [ 70%] Meshing curve 1533 (Line)
Info    : [ 70%] Meshing curve 1534 (Line)
Info    : [ 70%] Meshing curve 1535 (Line)
Info    : [ 70%] Meshing curve 1536 (Line)
Info    : [ 70%] Meshing curve 1537 (Line)
Info    : [ 70%] Meshing curve 1538 (Line)
Info    : [ 70%] Meshing curve 1539 (Line)
Info    : [ 70%] Meshing curve 1564 (Line)
Info    : [ 70%] Meshing curve 1565 (Line)
Info    : [ 70%] Meshing curve 1566 (Line)
Info    : [ 70%] Meshing curve 1567 (Line)
Info    : [ 70%] Meshing curve 1568 (Line)
Info    : [ 70%] Meshing curve 1569 (Line)
Info    : [ 70%] Meshing curve 1570 (Line)
Info    : [ 70%] Meshing curve 1571 (Line)
Info    : [ 70%] Meshing curve 1572 (Line)
Info    : [ 70%] Meshing curve 1573 (Line)
Info    : [ 70%] Meshing curve 1574 (Line)
Info    : [ 70%] Meshing curve 1575 (Line)
Info    : [ 70%] Meshing curve 1576 (Line)
Info    : [ 70%] Meshing curve 1577 (Line)
Info    : [ 70%] Meshing curve 1578 (Line)
Info    : [ 70%] Meshing curve 1579 (Line)
Info    : [ 70%] Meshing curve 1580 (Line)
Info    : [ 70%] Meshing curve 1581 (Line)
Info    : [ 70%] Meshing curve 1582 (Line)
Info    : [ 70%] Meshing curve 1583 (Line)
Info    : [ 70%] Meshing curve 1584 (Line)
Info    : [ 70%] Meshing curve 1585 (Line)
Info    : [ 70%] Meshing curve 1586 (Line)
Info    : [ 70%] Meshing curve 1587 (Line)
Info    : [ 70%] Meshing curve 1612 (Line)
Info    : [ 70%] Meshing curve 1613 (Line)
Info    : [ 70%] Meshing curve 1614 (Line)
Info    : [ 70%] Meshing curve 1615 (Line)
Info    : [ 70%] Meshing curve 1616 (Line)
Info    : [ 70%] Meshing curve 1617 (Line)
Info    : [ 70%] Meshing curve 1618 (Line)
Info    : [ 70%] Meshing curve 1619 (Line)
Info    : [ 70%] Meshing curve 1620 (Line)
Info    : [ 70%] Meshing curve 1621 (Line)
Info    : [ 70%] Meshing curve 1622 (Line)
Info    : [ 70%] Meshing curve 1623 (Line)
Info    : [ 70%] Meshing curve 1624 (Line)
Info    : [ 70%] Meshing curve 1625 (Line)
Info    : [ 70%] Meshing curve 1626 (Line)
Info    : [ 70%] Meshing curve 1627 (Line)
Info    : [ 70%] Meshing curve 1628 (Line)
Info    : [ 80%] Meshing curve 1629 (Line)
Info    : [ 80%] Meshing curve 1630 (Line)
Info    : [ 80%] Meshing curve 1631 (Line)
Info    : [ 80%] Meshing curve 1632 (Line)
Info    : [ 80%] Meshing curve 1633 (Line)
Info    : [ 80%] Meshing curve 1634 (Line)
Info    : [ 80%] Meshing curve 1635 (Line)
Info    : [ 80%] Meshing curve 1660 (Line)
Info    : [ 80%] Meshing curve 1661 (Line)
Info    : [ 80%] Meshing curve 1662 (Line)
Info    : [ 80%] Meshing curve 1663 (Line)
Info    : [ 80%] Meshing curve 1664 (Line)
Info    : [ 80%] Meshing curve 1665 (Line)
Info    : [ 80%] Meshing curve 1666 (Line)
Info    : [ 80%] Meshing curve 1667 (Line)
Info    : [ 80%] Meshing curve 1668 (Line)
Info    : [ 80%] Meshing curve 1669 (Line)
Info    : [ 80%] Meshing curve 1670 (Line)
Info    : [ 80%] Meshing curve 1671 (Line)
Info    : [ 80%] Meshing curve 1672 (Line)
Info    : [ 80%] Meshing curve 1673 (Line)
Info    : [ 80%] Meshing curve 1674 (Line)
Info    : [ 80%] Meshing curve 1675 (Line)
Info    : [ 80%] Meshing curve 1676 (Line)
Info    : [ 80%] Meshing curve 1677 (Line)
Info    : [ 80%] Meshing curve 1678 (Line)
Info    : [ 80%] Meshing curve 1679 (Line)
Info    : [ 80%] Meshing curve 1680 (Line)
Info    : [ 80%] Meshing curve 1681 (Line)
Info    : [ 80%] Meshing curve 1682 (Line)
Info    : [ 80%] Meshing curve 1683 (Line)
Info    : [ 80%] Meshing curve 1708 (Line)
Info    : [ 80%] Meshing curve 1709 (Line)
Info    : [ 80%] Meshing curve 1710 (Line)
Info    : [ 80%] Meshing curve 1711 (Line)
Info    : [ 80%] Meshing curve 1712 (Line)
Info    : [ 80%] Meshing curve 1713 (Line)
Info    : [ 80%] Meshing curve 1714 (Line)
Info    : [ 80%] Meshing curve 1715 (Line)
Info    : [ 80%] Meshing curve 1716 (Line)
Info    : [ 80%] Meshing curve 1717 (Line)
Info    : [ 80%] Meshing curve 1718 (Line)
Info    : [ 80%] Meshing curve 1719 (Line)
Info    : [ 80%] Meshing curve 1720 (Line)
Info    : [ 80%] Meshing curve 1721 (Line)
Info    : [ 80%] Meshing curve 1722 (Line)
Info    : [ 80%] Meshing curve 1723 (Line)
Info    : [ 80%] Meshing curve 1724 (Line)
Info    : [ 80%] Meshing curve 1725 (Line)
Info    : [ 80%] Meshing curve 1726 (Line)
Info    : [ 80%] Meshing curve 1727 (Line)
Info    : [ 80%] Meshing curve 1728 (Line)
Info    : [ 80%] Meshing curve 1729 (Line)
Info    : [ 80%] Meshing curve 1730 (Line)
Info    : [ 80%] Meshing curve 1731 (Line)
Info    : [ 80%] Meshing curve 1756 (Line)
Info    : [ 80%] Meshing curve 1757 (Line)
Info    : [ 80%] Meshing curve 1758 (Line)
Info    : [ 80%] Meshing curve 1759 (Line)
Info    : [ 80%] Meshing curve 1760 (Line)
Info    : [ 80%] Meshing curve 1761 (Line)
Info    : [ 80%] Meshing curve 1762 (Line)
Info    : [ 80%] Meshing curve 1763 (Line)
Info    : [ 80%] Meshing curve 1764 (Line)
Info    : [ 80%] Meshing curve 1765 (Line)
Info    : [ 80%] Meshing curve 1766 (Line)
Info    : [ 80%] Meshing curve 1767 (Line)
Info    : [ 80%] Meshing curve 1768 (Line)
Info    : [ 80%] Meshing curve 1769 (Line)
Info    : [ 80%] Meshing curve 1770 (Line)
Info    : [ 80%] Meshing curve 1771 (Line)
Info    : [ 80%] Meshing curve 1772 (Line)
Info    : [ 80%] Meshing curve 1773 (Line)
Info    : [ 80%] Meshing curve 1774 (Line)
Info    : [ 80%] Meshing curve 1775 (Line)
Info    : [ 80%] Meshing curve 1776 (Line)
Info    : [ 80%] Meshing curve 1777 (Line)
Info    : [ 80%] Meshing curve 1778 (Line)
Info    : [ 80%] Meshing curve 1779 (Line)
Info    : [ 80%] Meshing curve 1804 (Line)
Info    : [ 80%] Meshing curve 1805 (Line)
Info    : [ 80%] Meshing curve 1806 (Line)
Info    : [ 80%] Meshing curve 1807 (Line)
Info    : [ 80%] Meshing curve 1808 (Line)
Info    : [ 80%] Meshing curve 1809 (Line)
Info    : [ 80%] Meshing curve 1810 (Line)
Info    : [ 80%] Meshing curve 1811 (Line)
Info    : [ 80%] Meshing curve 1812 (Line)
Info    : [ 80%] Meshing curve 1813 (Line)
Info    : [ 80%] Meshing curve 1814 (Line)
Info    : [ 80%] Meshing curve 1815 (Line)
Info    : [ 80%] Meshing curve 1816 (Line)
Info    : [ 80%] Meshing curve 1817 (Line)
Info    : [ 80%] Meshing curve 1818 (Line)
Info    : [ 80%] Meshing curve 1819 (Line)
Info    : [ 80%] Meshing curve 1820 (Line)
Info    : [ 80%] Meshing curve 1821 (Line)
Info    : [ 80%] Meshing curve 1822 (Line)
Info    : [ 80%] Meshing curve 1823 (Line)
Info    : [ 80%] Meshing curve 1824 (Line)
Info    : [ 80%] Meshing curve 1825 (Line)
Info    : [ 80%] Meshing curve 1826 (Line)
Info    : [ 80%] Meshing curve 1827 (Line)
Info    : [ 80%] Meshing curve 1852 (Line)
Info    : [ 80%] Meshing curve 1853 (Line)
Info    : [ 80%] Meshing curve 1854 (Line)
Info    : [ 80%] Meshing curve 1855 (Line)
Info    : [ 80%] Meshing curve 1856 (Line)
Info    : [ 80%] Meshing curve 1857 (Line)
Info    : [ 80%] Meshing curve 1858 (Line)
Info    : [ 80%] Meshing curve 1859 (Line)
Info    : [ 80%] Meshing curve 1860 (Line)
Info    : [ 80%] Meshing curve 1861 (Line)
Info    : [ 80%] Meshing curve 1862 (Line)
Info    : [ 80%] Meshing curve 1863 (Line)
Info    : [ 80%] Meshing curve 1864 (Line)
Info    : [ 90%] Meshing curve 1865 (Line)
Info    : [ 90%] Meshing curve 1866 (Line)
Info    : [ 90%] Meshing curve 1867 (Line)
Info    : [ 90%] Meshing curve 1868 (Line)
Info    : [ 90%] Meshing curve 1869 (Line)
Info    : [ 90%] Meshing curve 1870 (Line)
Info    : [ 90%] Meshing curve 1871 (Line)
Info    : [ 90%] Meshing curve 1872 (Line)
Info    : [ 90%] Meshing curve 1873 (Line)
Info    : [ 90%] Meshing curve 1874 (Line)
Info    : [ 90%] Meshing curve 1875 (Line)
Info    : [ 90%] Meshing curve 1900 (Line)
Info    : [ 90%] Meshing curve 1901 (Line)
Info    : [ 90%] Meshing curve 1902 (Line)
Info    : [ 90%] Meshing curve 1903 (Line)
Info    : [ 90%] Meshing curve 1904 (Line)
Info    : [ 90%] Meshing curve 1905 (Line)
Info    : [ 90%] Meshing curve 1906 (Line)
Info    : [ 90%] Meshing curve 1907 (Line)
Info    : [ 90%] Meshing curve 1908 (Line)
Info    : [ 90%] Meshing curve 1909 (Line)
Info    : [ 90%] Meshing curve 1910 (Line)
Info    : [ 90%] Meshing curve 1911 (Line)
Info    : [ 90%] Meshing curve 1912 (Line)
Info    : [ 90%] Meshing curve 1913 (Line)
Info    : [ 90%] Meshing curve 1914 (Line)
Info    : [ 90%] Meshing curve 1915 (Line)
Info    : [ 90%] Meshing curve 1916 (Line)
Info    : [ 90%] Meshing curve 1917 (Line)
Info    : [ 90%] Meshing curve 1918 (Line)
Info    : [ 90%] Meshing curve 1919 (Line)
Info    : [ 90%] Meshing curve 1920 (Line)
Info    : [ 90%] Meshing curve 1921 (Line)
Info    : [ 90%] Meshing curve 1922 (Line)
Info    : [ 90%] Meshing curve 1923 (Line)
Info    : [ 90%] Meshing curve 1948 (Line)
Info    : [ 90%] Meshing curve 1949 (Line)
Info    : [ 90%] Meshing curve 1950 (Line)
Info    : [ 90%] Meshing curve 1951 (Line)
Info    : [ 90%] Meshing curve 1952 (Line)
Info    : [ 90%] Meshing curve 1953 (Line)
Info    : [ 90%] Meshing curve 1954 (Line)
Info    : [ 90%] Meshing curve 1955 (Line)
Info    : [ 90%] Meshing curve 1956 (Line)
Info    : [ 90%] Meshing curve 1957 (Line)
Info    : [ 90%] Meshing curve 1958 (Line)
Info    : [ 90%] Meshing curve 1959 (Line)
Info    : [ 90%] Meshing curve 1960 (Line)
Info    : [ 90%] Meshing curve 1961 (Line)
Info    : [ 90%] Meshing curve 1962 (Line)
Info    : [ 90%] Meshing curve 1963 (Line)
Info    : [ 90%] Meshing curve 1964 (Line)
Info    : [ 90%] Meshing curve 1965 (Line)
Info    : [ 90%] Meshing curve 1966 (Line)
Info    : [ 90%] Meshing curve 1967 (Line)
Info    : [ 90%] Meshing curve 1968 (Line)
Info    : [ 90%] Meshing curve 1969 (Line)
Info    : [ 90%] Meshing curve 1970 (Line)
Info    : [ 90%] Meshing curve 1971 (Line)
Info    : [ 90%] Meshing curve 1996 (Line)
Info    : [ 90%] Meshing curve 1997 (Line)
Info    : [ 90%] Meshing curve 1998 (Line)
Info    : [ 90%] Meshing curve 1999 (Line)
Info    : [ 90%] Meshing curve 2000 (Line)
Info    : [ 90%] Meshing curve 2001 (Line)
Info    : [ 90%] Meshing curve 2002 (Line)
Info    : [ 90%] Meshing curve 2003 (Line)
Info    : [ 90%] Meshing curve 2004 (Line)
Info    : [ 90%] Meshing curve 2005 (Line)
Info    : [ 90%] Meshing curve 2006 (Line)
Info    : [ 90%] Meshing curve 2007 (Line)
Info    : [ 90%] Meshing curve 2008 (Line)
Info    : [ 90%] Meshing curve 2009 (Line)
Info    : [ 90%] Meshing curve 2010 (Line)
Info    : [ 90%] Meshing curve 2011 (Line)
Info    : [ 90%] Meshing curve 2012 (Line)
Info    : [ 90%] Meshing curve 2013 (Line)
Info    : [ 90%] Meshing curve 2014 (Line)
Info    : [ 90%] Meshing curve 2015 (Line)
Info    : [ 90%] Meshing curve 2016 (Line)
Info    : [ 90%] Meshing curve 2017 (Line)
Info    : [ 90%] Meshing curve 2018 (Line)
Info    : [ 90%] Meshing curve 2019 (Line)
Info    : [ 90%] Meshing curve 2044 (Line)
Info    : [ 90%] Meshing curve 2045 (Line)
Info    : [ 90%] Meshing curve 2046 (Line)
Info    : [ 90%] Meshing curve 2047 (Line)
Info    : [ 90%] Meshing curve 2048 (Line)
Info    : [ 90%] Meshing curve 2049 (Line)
Info    : [ 90%] Meshing curve 2050 (Line)
Info    : [ 90%] Meshing curve 2051 (Line)
Info    : [ 90%] Meshing curve 2052 (Line)
Info    : [ 90%] Meshing curve 2053 (Line)
Info    : [ 90%] Meshing curve 2054 (Line)
Info    : [ 90%] Meshing curve 2055 (Line)
Info    : [ 90%] Meshing curve 2056 (Line)
Info    : [ 90%] Meshing curve 2057 (Line)
Info    : [ 90%] Meshing curve 2058 (Line)
Info    : [ 90%] Meshing curve 2059 (Line)
Info    : [ 90%] Meshing curve 2060 (Line)
Info    : [ 90%] Meshing curve 2061 (Line)
Info    : [ 90%] Meshing curve 2062 (Line)
Info    : [ 90%] Meshing curve 2063 (Line)
Info    : [ 90%] Meshing curve 2064 (Line)
Info    : [ 90%] Meshing curve 2065 (Line)
Info    : [ 90%] Meshing curve 2066 (Line)
Info    : [ 90%] Meshing curve 2067 (Line)
Info    : [ 90%] Meshing curve 2092 (Line)
Info    : [ 90%] Meshing curve 2093 (Line)
Info    : [ 90%] Meshing curve 2094 (Line)
Info    : [ 90%] Meshing curve 2095 (Line)
Info    : [ 90%] Meshing curve 2096 (Line)
Info    : [ 90%] Meshing curve 2097 (Line)
Info    : [ 90%] Meshing curve 2098 (Line)
Info    : [ 90%] Meshing curve 2099 (Line)
Info    : [100%] Meshing curve 2100 (Line)
Info    : [100%] Meshing curve 2101 (Line)
Info    : [100%] Meshing curve 2102 (Line)
Info    : [100%] Meshing curve 2103 (Line)
Info    : [100%] Meshing curve 2104 (Line)
Info    : [100%] Meshing curve 2105 (Line)
Info    : [100%] Meshing curve 2106 (Line)
Info    : [100%] Meshing curve 2107 (Line)
Info    : [100%] Meshing curve 2108 (Line)
Info    : [100%] Meshing curve 2109 (Line)
Info    : [100%] Meshing curve 2110 (Line)
Info    : [100%] Meshing curve 2111 (Line)
Info    : [100%] Meshing curve 2112 (Line)
Info    : [100%] Meshing curve 2113 (Line)
Info    : [100%] Meshing curve 2114 (Line)
Info    : [100%] Meshing curve 2115 (Line)
Info    : [100%] Meshing curve 2140 (Line)
Info    : [100%] Meshing curve 2141 (Line)
Info    : [100%] Meshing curve 2142 (Line)
Info    : [100%] Meshing curve 2143 (Line)
Info    : [100%] Meshing curve 2144 (Line)
Info    : [100%] Meshing curve 2145 (Line)
Info    : [100%] Meshing curve 2146 (Line)
Info    : [100%] Meshing curve 2147 (Line)
Info    : [100%] Meshing curve 2148 (Line)
Info    : [100%] Meshing curve 2149 (Line)
Info    : [100%] Meshing curve 2150 (Line)
Info    : [100%] Meshing curve 2151 (Line)
Info    : [100%] Meshing curve 2152 (Line)
Info    : [100%] Meshing curve 2153 (Line)
Info    : [100%] Meshing curve 2154 (Line)
Info    : [100%] Meshing curve 2155 (Line)
Info    : [100%] Meshing curve 2156 (Line)
Info    : [100%] Meshing curve 2157 (Line)
Info    : [100%] Meshing curve 2158 (Line)
Info    : [100%] Meshing curve 2159 (Line)
Info    : [100%] Meshing curve 2160 (Line)
Info    : [100%] Meshing curve 2161 (Line)
Info    : [100%] Meshing curve 2162 (Line)
Info    : [100%] Meshing curve 2163 (Line)
Info    : [100%] Meshing curve 2188 (Line)
Info    : [100%] Meshing curve 2189 (Line)
Info    : [100%] Meshing curve 2190 (Line)
Info    : [100%] Meshing curve 2191 (Line)
Info    : [100%] Meshing curve 2192 (Line)
Info    : [100%] Meshing curve 2193 (Line)
Info    : [100%] Meshing curve 2194 (Line)
Info    : [100%] Meshing curve 2195 (Line)
Info    : [100%] Meshing curve 2196 (Line)
Info    : [100%] Meshing curve 2197 (Line)
Info    : [100%] Meshing curve 2198 (Line)
Info    : [100%] Meshing curve 2199 (Line)
Info    : [100%] Meshing curve 2200 (Line)
Info    : [100%] Meshing curve 2201 (Line)
Info    : [100%] Meshing curve 2202 (Line)
Info    : [100%] Meshing curve 2203 (Line)
Info    : [100%] Meshing curve 2204 (Line)
Info    : [100%] Meshing curve 2205 (Line)
Info    : [100%] Meshing curve 2206 (Line)
Info    : [100%] Meshing curve 2207 (Line)
Info    : [100%] Meshing curve 2208 (Line)
Info    : [100%] Meshing curve 2209 (Line)
Info    : [100%] Meshing curve 2210 (Line)
Info    : [100%] Meshing curve 2211 (Line)
Info    : [100%] Meshing curve 2236 (Line)
Info    : [100%] Meshing curve 2237 (Line)
Info    : [100%] Meshing curve 2238 (Line)
Info    : [100%] Meshing curve 2239 (Line)
Info    : [100%] Meshing curve 2240 (Line)
Info    : [100%] Meshing curve 2241 (Line)
Info    : [100%] Meshing curve 2242 (Line)
Info    : [100%] Meshing curve 2243 (Line)
Info    : [100%] Meshing curve 2244 (Line)
Info    : [100%] Meshing curve 2245 (Line)
Info    : [100%] Meshing curve 2246 (Line)
Info    : [100%] Meshing curve 2247 (Line)
Info    : [100%] Meshing curve 2248 (Line)
Info    : [100%] Meshing curve 2249 (Line)
Info    : [100%] Meshing curve 2250 (Line)
Info    : [100%] Meshing curve 2251 (Line)
Info    : [100%] Meshing curve 2252 (Line)
Info    : [100%] Meshing curve 2253 (Line)
Info    : [100%] Meshing curve 2254 (Line)
Info    : [100%] Meshing curve 2255 (Line)
Info    : [100%] Meshing curve 2256 (Line)
Info    : [100%] Meshing curve 2257 (Line)
Info    : [100%] Meshing curve 2258 (Line)
Info    : [100%] Meshing curve 2259 (Line)
Info    : [100%] Meshing curve 2284 (Line)
Info    : [100%] Meshing curve 2285 (Line)
Info    : [100%] Meshing curve 2286 (Line)
Info    : [100%] Meshing curve 2287 (Line)
Info    : [100%] Meshing curve 2288 (Line)
Info    : [100%] Meshing curve 2289 (Line)
Info    : [100%] Meshing curve 2290 (Line)
Info    : [100%] Meshing curve 2291 (Line)
Info    : [100%] Meshing curve 2292 (Line)
Info    : [100%] Meshing curve 2293 (Line)
Info    : [100%] Meshing curve 2294 (Line)
Info    : [100%] Meshing curve 2295 (Line)
Info    : [100%] Meshing curve 2296 (Line)
Info    : [100%] Meshing curve 2297 (Line)
Info    : [100%] Meshing curve 2298 (Line)
Info    : [100%] Meshing curve 2299 (Line)
Info    : [100%] Meshing curve 2300 (Line)
Info    : [100%] Meshing curve 2301 (Line)
Info    : [100%] Meshing curve 2302 (Line)
Info    : [100%] Meshing curve 2303 (Line)
Info    : [100%] Meshing curve 2304 (Line)
Info    : [100%] Meshing curve 2305 (Line)
Info    : [100%] Meshing curve 2306 (Line)
Info    : [100%] Meshing curve 2307 (Line)
Info    : [100%] Meshing curve 2308 (Circle)
Info    : [100%] Meshing curve 2309 (Line)
Info    : [100%] Meshing curve 2310 (Circle)
Info    : Done meshing 1D (Wall 0.0712279s, CPU 0.070064s)
Info    : Meshing 2D...
Info    : [  0%] Meshing surface 16 (Plane, Frontal-Delaunay)
Info    : [ 10%] Meshing surface 17 (Plane, Frontal-Delaunay)
Info    : [ 10%] Meshing surface 18 (Plane, Frontal-Delaunay)
Info    : [ 10%] Meshing surface 19 (Plane, Frontal-Delaunay)
Info    : [ 10%] Meshing surface 20 (Plane, Frontal-Delaunay)
Info    : [ 10%] Meshing surface 21 (Plane, Frontal-Delaunay)
Info    : [ 10%] Meshing surface 22 (Plane, Frontal-Delaunay)
Info    : [ 10%] Meshing surface 23 (Plane, Frontal-Delaunay)
Info    : [ 10%] Meshing surface 24 (Plane, Frontal-Delaunay)
Info    : [ 10%] Meshing surface 25 (Plane, Frontal-Delaunay)
Info    : [ 10%] Meshing surface 26 (Plane, Frontal-Delaunay)
Info    : [ 10%] Meshing surface 27 (Plane, Frontal-Delaunay)
Info    : [ 10%] Meshing surface 40 (Plane, Frontal-Delaunay)
Info    : [ 10%] Meshing surface 41 (Plane, Frontal-Delaunay)
Info    : [ 10%] Meshing surface 42 (Plane, Frontal-Delaunay)
Info    : [ 10%] Meshing surface 43 (Plane, Frontal-Delaunay)
Info    : [ 10%] Meshing surface 44 (Plane, Frontal-Delaunay)
Info    : [ 10%] Meshing surface 45 (Plane, Frontal-Delaunay)
Info    : [ 10%] Meshing surface 46 (Plane, Frontal-Delaunay)
Info    : [ 10%] Meshing surface 47 (Plane, Frontal-Delaunay)
Info    : [ 10%] Meshing surface 48 (Plane, Frontal-Delaunay)
Info    : [ 10%] Meshing surface 49 (Plane, Frontal-Delaunay)
Info    : [ 10%] Meshing surface 50 (Plane, Frontal-Delaunay)
Info    : [ 10%] Meshing surface 51 (Plane, Frontal-Delaunay)
Info    : [ 10%] Meshing surface 64 (Plane, Frontal-Delaunay)
Info    : [ 10%] Meshing surface 65 (Plane, Frontal-Delaunay)
Info    : [ 10%] Meshing surface 66 (Plane, Frontal-Delaunay)
Info    : [ 10%] Meshing surface 67 (Plane, Frontal-Delaunay)
Info    : [ 10%] Meshing surface 68 (Plane, Frontal-Delaunay)
Info    : [ 10%] Meshing surface 69 (Plane, Frontal-Delaunay)
Info    : [ 10%] Meshing surface 70 (Plane, Frontal-Delaunay)
Info    : [ 10%] Meshing surface 71 (Plane, Frontal-Delaunay)
Info    : [ 10%] Meshing surface 72 (Plane, Frontal-Delaunay)
Info    : [ 10%] Meshing surface 73 (Plane, Frontal-Delaunay)
Info    : [ 10%] Meshing surface 74 (Plane, Frontal-Delaunay)
Info    : [ 10%] Meshing surface 75 (Plane, Frontal-Delaunay)
Info    : [ 10%] Meshing surface 88 (Plane, Frontal-Delaunay)
Info    : [ 10%] Meshing surface 89 (Plane, Frontal-Delaunay)
Info    : [ 10%] Meshing surface 90 (Plane, Frontal-Delaunay)
Info    : [ 10%] Meshing surface 91 (Plane, Frontal-Delaunay)
Info    : [ 10%] Meshing surface 92 (Plane, Frontal-Delaunay)
Info    : [ 10%] Meshing surface 93 (Plane, Frontal-Delaunay)
Info    : [ 10%] Meshing surface 94 (Plane, Frontal-Delaunay)
Info    : [ 10%] Meshing surface 95 (Plane, Frontal-Delaunay)
Info    : [ 10%] Meshing surface 96 (Plane, Frontal-Delaunay)
Info    : [ 10%] Meshing surface 97 (Plane, Frontal-Delaunay)
Info    : [ 10%] Meshing surface 98 (Plane, Frontal-Delaunay)
Info    : [ 10%] Meshing surface 99 (Plane, Frontal-Delaunay)
Info    : [ 10%] Meshing surface 112 (Plane, Frontal-Delaunay)
Info    : [ 10%] Meshing surface 113 (Plane, Frontal-Delaunay)
Info    : [ 10%] Meshing surface 114 (Plane, Frontal-Delaunay)
Info    : [ 10%] Meshing surface 115 (Plane, Frontal-Delaunay)
Info    : [ 10%] Meshing surface 116 (Plane, Frontal-Delaunay)
Info    : [ 10%] Meshing surface 117 (Plane, Frontal-Delaunay)
Info    : [ 10%] Meshing surface 118 (Plane, Frontal-Delaunay)
Info    : [ 10%] Meshing surface 119 (Plane, Frontal-Delaunay)
Info    : [ 10%] Meshing surface 120 (Plane, Frontal-Delaunay)
Info    : [ 10%] Meshing surface 121 (Plane, Frontal-Delaunay)
Info    : [ 20%] Meshing surface 122 (Plane, Frontal-Delaunay)
Info    : [ 20%] Meshing surface 123 (Plane, Frontal-Delaunay)
Info    : [ 20%] Meshing surface 136 (Plane, Frontal-Delaunay)
Info    : [ 20%] Meshing surface 137 (Plane, Frontal-Delaunay)
Info    : [ 20%] Meshing surface 138 (Plane, Frontal-Delaunay)
Info    : [ 20%] Meshing surface 139 (Plane, Frontal-Delaunay)
Info    : [ 20%] Meshing surface 140 (Plane, Frontal-Delaunay)
Info    : [ 20%] Meshing surface 141 (Plane, Frontal-Delaunay)
Info    : [ 20%] Meshing surface 142 (Plane, Frontal-Delaunay)
Info    : [ 20%] Meshing surface 143 (Plane, Frontal-Delaunay)
Info    : [ 20%] Meshing surface 144 (Plane, Frontal-Delaunay)
Info    : [ 20%] Meshing surface 145 (Plane, Frontal-Delaunay)
Info    : [ 20%] Meshing surface 146 (Plane, Frontal-Delaunay)
Info    : [ 20%] Meshing surface 147 (Plane, Frontal-Delaunay)
Info    : [ 20%] Meshing surface 160 (Plane, Frontal-Delaunay)
Info    : [ 20%] Meshing surface 161 (Plane, Frontal-Delaunay)
Info    : [ 20%] Meshing surface 162 (Plane, Frontal-Delaunay)
Info    : [ 20%] Meshing surface 163 (Plane, Frontal-Delaunay)
Info    : [ 20%] Meshing surface 164 (Plane, Frontal-Delaunay)
Info    : [ 20%] Meshing surface 165 (Plane, Frontal-Delaunay)
Info    : [ 20%] Meshing surface 166 (Plane, Frontal-Delaunay)
Info    : [ 20%] Meshing surface 167 (Plane, Frontal-Delaunay)
Info    : [ 20%] Meshing surface 168 (Plane, Frontal-Delaunay)
Info    : [ 20%] Meshing surface 169 (Plane, Frontal-Delaunay)
Info    : [ 20%] Meshing surface 170 (Plane, Frontal-Delaunay)
Info    : [ 20%] Meshing surface 171 (Plane, Frontal-Delaunay)
Info    : [ 20%] Meshing surface 184 (Plane, Frontal-Delaunay)
Info    : [ 20%] Meshing surface 185 (Plane, Frontal-Delaunay)
Info    : [ 20%] Meshing surface 186 (Plane, Frontal-Delaunay)
Info    : [ 20%] Meshing surface 187 (Plane, Frontal-Delaunay)
Info    : [ 20%] Meshing surface 188 (Plane, Frontal-Delaunay)
Info    : [ 20%] Meshing surface 189 (Plane, Frontal-Delaunay)
Info    : [ 20%] Meshing surface 190 (Plane, Frontal-Delaunay)
Info    : [ 20%] Meshing surface 191 (Plane, Frontal-Delaunay)
Info    : [ 20%] Meshing surface 192 (Plane, Frontal-Delaunay)
Info    : [ 20%] Meshing surface 193 (Plane, Frontal-Delaunay)
Info    : [ 20%] Meshing surface 194 (Plane, Frontal-Delaunay)
Info    : [ 20%] Meshing surface 195 (Plane, Frontal-Delaunay)
Info    : [ 20%] Meshing surface 208 (Plane, Frontal-Delaunay)
Info    : [ 20%] Meshing surface 209 (Plane, Frontal-Delaunay)
Info    : [ 20%] Meshing surface 210 (Plane, Frontal-Delaunay)
Info    : [ 20%] Meshing surface 211 (Plane, Frontal-Delaunay)
Info    : [ 20%] Meshing surface 212 (Plane, Frontal-Delaunay)
Info    : [ 20%] Meshing surface 213 (Plane, Frontal-Delaunay)
Info    : [ 20%] Meshing surface 214 (Plane, Frontal-Delaunay)
Info    : [ 20%] Meshing surface 215 (Plane, Frontal-Delaunay)
Info    : [ 20%] Meshing surface 216 (Plane, Frontal-Delaunay)
Info    : [ 20%] Meshing surface 217 (Plane, Frontal-Delaunay)
Info    : [ 20%] Meshing surface 218 (Plane, Frontal-Delaunay)
Info    : [ 20%] Meshing surface 219 (Plane, Frontal-Delaunay)
Info    : [ 20%] Meshing surface 232 (Plane, Frontal-Delaunay)
Info    : [ 20%] Meshing surface 233 (Plane, Frontal-Delaunay)
Info    : [ 20%] Meshing surface 234 (Plane, Frontal-Delaunay)
Info    : [ 20%] Meshing surface 235 (Plane, Frontal-Delaunay)
Info    : [ 20%] Meshing surface 236 (Plane, Frontal-Delaunay)
Info    : [ 20%] Meshing surface 237 (Plane, Frontal-Delaunay)
Info    : [ 20%] Meshing surface 238 (Plane, Frontal-Delaunay)
Info    : [ 20%] Meshing surface 239 (Plane, Frontal-Delaunay)
Info    : [ 30%] Meshing surface 240 (Plane, Frontal-Delaunay)
Info    : [ 30%] Meshing surface 241 (Plane, Frontal-Delaunay)
Info    : [ 30%] Meshing surface 242 (Plane, Frontal-Delaunay)
Info    : [ 30%] Meshing surface 243 (Plane, Frontal-Delaunay)
Info    : [ 30%] Meshing surface 256 (Plane, Frontal-Delaunay)
Info    : [ 30%] Meshing surface 257 (Plane, Frontal-Delaunay)
Info    : [ 30%] Meshing surface 258 (Plane, Frontal-Delaunay)
Info    : [ 30%] Meshing surface 259 (Plane, Frontal-Delaunay)
Info    : [ 30%] Meshing surface 260 (Plane, Frontal-Delaunay)
Info    : [ 30%] Meshing surface 261 (Plane, Frontal-Delaunay)
Info    : [ 30%] Meshing surface 262 (Plane, Frontal-Delaunay)
Info    : [ 30%] Meshing surface 263 (Plane, Frontal-Delaunay)
Info    : [ 30%] Meshing surface 264 (Plane, Frontal-Delaunay)
Info    : [ 30%] Meshing surface 265 (Plane, Frontal-Delaunay)
Info    : [ 30%] Meshing surface 266 (Plane, Frontal-Delaunay)
Info    : [ 30%] Meshing surface 267 (Plane, Frontal-Delaunay)
Info    : [ 30%] Meshing surface 280 (Plane, Frontal-Delaunay)
Info    : [ 30%] Meshing surface 281 (Plane, Frontal-Delaunay)
Info    : [ 30%] Meshing surface 282 (Plane, Frontal-Delaunay)
Info    : [ 30%] Meshing surface 283 (Plane, Frontal-Delaunay)
Info    : [ 30%] Meshing surface 284 (Plane, Frontal-Delaunay)
Info    : [ 30%] Meshing surface 285 (Plane, Frontal-Delaunay)
Info    : [ 30%] Meshing surface 286 (Plane, Frontal-Delaunay)
Info    : [ 30%] Meshing surface 287 (Plane, Frontal-Delaunay)
Info    : [ 30%] Meshing surface 288 (Plane, Frontal-Delaunay)
Info    : [ 30%] Meshing surface 289 (Plane, Frontal-Delaunay)
Info    : [ 30%] Meshing surface 290 (Plane, Frontal-Delaunay)
Info    : [ 30%] Meshing surface 291 (Plane, Frontal-Delaunay)
Info    : [ 30%] Meshing surface 304 (Plane, Frontal-Delaunay)
Info    : [ 30%] Meshing surface 305 (Plane, Frontal-Delaunay)
Info    : [ 30%] Meshing surface 306 (Plane, Frontal-Delaunay)
Info    : [ 30%] Meshing surface 307 (Plane, Frontal-Delaunay)
Info    : [ 30%] Meshing surface 308 (Plane, Frontal-Delaunay)
Info    : [ 30%] Meshing surface 309 (Plane, Frontal-Delaunay)
Info    : [ 30%] Meshing surface 310 (Plane, Frontal-Delaunay)
Info    : [ 30%] Meshing surface 311 (Plane, Frontal-Delaunay)
Info    : [ 30%] Meshing surface 312 (Plane, Frontal-Delaunay)
Info    : [ 30%] Meshing surface 313 (Plane, Frontal-Delaunay)
Info    : [ 30%] Meshing surface 314 (Plane, Frontal-Delaunay)
Info    : [ 30%] Meshing surface 315 (Plane, Frontal-Delaunay)
Info    : [ 30%] Meshing surface 328 (Plane, Frontal-Delaunay)
Info    : [ 30%] Meshing surface 329 (Plane, Frontal-Delaunay)
Info    : [ 30%] Meshing surface 330 (Plane, Frontal-Delaunay)
Info    : [ 30%] Meshing surface 331 (Plane, Frontal-Delaunay)
Info    : [ 30%] Meshing surface 332 (Plane, Frontal-Delaunay)
Info    : [ 30%] Meshing surface 333 (Plane, Frontal-Delaunay)
Info    : [ 30%] Meshing surface 334 (Plane, Frontal-Delaunay)
Info    : [ 30%] Meshing surface 335 (Plane, Frontal-Delaunay)
Info    : [ 30%] Meshing surface 336 (Plane, Frontal-Delaunay)
Info    : [ 30%] Meshing surface 337 (Plane, Frontal-Delaunay)
Info    : [ 30%] Meshing surface 338 (Plane, Frontal-Delaunay)
Info    : [ 30%] Meshing surface 339 (Plane, Frontal-Delaunay)
Info    : [ 30%] Meshing surface 352 (Plane, Frontal-Delaunay)
Info    : [ 30%] Meshing surface 353 (Plane, Frontal-Delaunay)
Info    : [ 30%] Meshing surface 354 (Plane, Frontal-Delaunay)
Info    : [ 30%] Meshing surface 355 (Plane, Frontal-Delaunay)
Info    : [ 30%] Meshing surface 356 (Plane, Frontal-Delaunay)
Info    : [ 30%] Meshing surface 357 (Plane, Frontal-Delaunay)
Info    : [ 40%] Meshing surface 358 (Plane, Frontal-Delaunay)
Info    : [ 40%] Meshing surface 359 (Plane, Frontal-Delaunay)
Info    : [ 40%] Meshing surface 360 (Plane, Frontal-Delaunay)
Info    : [ 40%] Meshing surface 361 (Plane, Frontal-Delaunay)
Info    : [ 40%] Meshing surface 362 (Plane, Frontal-Delaunay)
Info    : [ 40%] Meshing surface 363 (Plane, Frontal-Delaunay)
Info    : [ 40%] Meshing surface 376 (Plane, Frontal-Delaunay)
Info    : [ 40%] Meshing surface 377 (Plane, Frontal-Delaunay)
Info    : [ 40%] Meshing surface 378 (Plane, Frontal-Delaunay)
Info    : [ 40%] Meshing surface 379 (Plane, Frontal-Delaunay)
Info    : [ 40%] Meshing surface 380 (Plane, Frontal-Delaunay)
Info    : [ 40%] Meshing surface 381 (Plane, Frontal-Delaunay)
Info    : [ 40%] Meshing surface 382 (Plane, Frontal-Delaunay)
Info    : [ 40%] Meshing surface 383 (Plane, Frontal-Delaunay)
Info    : [ 40%] Meshing surface 384 (Plane, Frontal-Delaunay)
Info    : [ 40%] Meshing surface 385 (Plane, Frontal-Delaunay)
Info    : [ 40%] Meshing surface 386 (Plane, Frontal-Delaunay)
Info    : [ 40%] Meshing surface 387 (Plane, Frontal-Delaunay)
Info    : [ 40%] Meshing surface 400 (Plane, Frontal-Delaunay)
Info    : [ 40%] Meshing surface 401 (Plane, Frontal-Delaunay)
Info    : [ 40%] Meshing surface 402 (Plane, Frontal-Delaunay)
Info    : [ 40%] Meshing surface 403 (Plane, Frontal-Delaunay)
Info    : [ 40%] Meshing surface 404 (Plane, Frontal-Delaunay)
Info    : [ 40%] Meshing surface 405 (Plane, Frontal-Delaunay)
Info    : [ 40%] Meshing surface 406 (Plane, Frontal-Delaunay)
Info    : [ 40%] Meshing surface 407 (Plane, Frontal-Delaunay)
Info    : [ 40%] Meshing surface 408 (Plane, Frontal-Delaunay)
Info    : [ 40%] Meshing surface 409 (Plane, Frontal-Delaunay)
Info    : [ 40%] Meshing surface 410 (Plane, Frontal-Delaunay)
Info    : [ 40%] Meshing surface 411 (Plane, Frontal-Delaunay)
Info    : [ 40%] Meshing surface 424 (Plane, Frontal-Delaunay)
Info    : [ 40%] Meshing surface 425 (Plane, Frontal-Delaunay)
Info    : [ 40%] Meshing surface 426 (Plane, Frontal-Delaunay)
Info    : [ 40%] Meshing surface 427 (Plane, Frontal-Delaunay)
Info    : [ 40%] Meshing surface 428 (Plane, Frontal-Delaunay)
Info    : [ 40%] Meshing surface 429 (Plane, Frontal-Delaunay)
Info    : [ 40%] Meshing surface 430 (Plane, Frontal-Delaunay)
Info    : [ 40%] Meshing surface 431 (Plane, Frontal-Delaunay)
Info    : [ 40%] Meshing surface 432 (Plane, Frontal-Delaunay)
Info    : [ 40%] Meshing surface 433 (Plane, Frontal-Delaunay)
Info    : [ 40%] Meshing surface 434 (Plane, Frontal-Delaunay)
Info    : [ 40%] Meshing surface 435 (Plane, Frontal-Delaunay)
Info    : [ 40%] Meshing surface 448 (Plane, Frontal-Delaunay)
Info    : [ 40%] Meshing surface 449 (Plane, Frontal-Delaunay)
Info    : [ 40%] Meshing surface 450 (Plane, Frontal-Delaunay)
Info    : [ 40%] Meshing surface 451 (Plane, Frontal-Delaunay)
Info    : [ 40%] Meshing surface 452 (Plane, Frontal-Delaunay)
Info    : [ 40%] Meshing surface 453 (Plane, Frontal-Delaunay)
Info    : [ 40%] Meshing surface 454 (Plane, Frontal-Delaunay)
Info    : [ 40%] Meshing surface 455 (Plane, Frontal-Delaunay)
Info    : [ 40%] Meshing surface 456 (Plane, Frontal-Delaunay)
Info    : [ 40%] Meshing surface 457 (Plane, Frontal-Delaunay)
Info    : [ 40%] Meshing surface 458 (Plane, Frontal-Delaunay)
Info    : [ 40%] Meshing surface 459 (Plane, Frontal-Delaunay)
Info    : [ 40%] Meshing surface 472 (Plane, Frontal-Delaunay)
Info    : [ 40%] Meshing surface 473 (Plane, Frontal-Delaunay)
Info    : [ 40%] Meshing surface 474 (Plane, Frontal-Delaunay)
Info    : [ 40%] Meshing surface 475 (Plane, Frontal-Delaunay)
Info    : [ 50%] Meshing surface 476 (Plane, Frontal-Delaunay)
Info    : [ 50%] Meshing surface 477 (Plane, Frontal-Delaunay)
Info    : [ 50%] Meshing surface 478 (Plane, Frontal-Delaunay)
Info    : [ 50%] Meshing surface 479 (Plane, Frontal-Delaunay)
Info    : [ 50%] Meshing surface 480 (Plane, Frontal-Delaunay)
Info    : [ 50%] Meshing surface 481 (Plane, Frontal-Delaunay)
Info    : [ 50%] Meshing surface 482 (Plane, Frontal-Delaunay)
Info    : [ 50%] Meshing surface 483 (Plane, Frontal-Delaunay)
Info    : [ 50%] Meshing surface 496 (Plane, Frontal-Delaunay)
Info    : [ 50%] Meshing surface 497 (Plane, Frontal-Delaunay)
Info    : [ 50%] Meshing surface 498 (Plane, Frontal-Delaunay)
Info    : [ 50%] Meshing surface 499 (Plane, Frontal-Delaunay)
Info    : [ 50%] Meshing surface 500 (Plane, Frontal-Delaunay)
Info    : [ 50%] Meshing surface 501 (Plane, Frontal-Delaunay)
Info    : [ 50%] Meshing surface 502 (Plane, Frontal-Delaunay)
Info    : [ 50%] Meshing surface 503 (Plane, Frontal-Delaunay)
Info    : [ 50%] Meshing surface 504 (Plane, Frontal-Delaunay)
Info    : [ 50%] Meshing surface 505 (Plane, Frontal-Delaunay)
Info    : [ 50%] Meshing surface 506 (Plane, Frontal-Delaunay)
Info    : [ 50%] Meshing surface 507 (Plane, Frontal-Delaunay)
Info    : [ 50%] Meshing surface 520 (Plane, Frontal-Delaunay)
Info    : [ 50%] Meshing surface 521 (Plane, Frontal-Delaunay)
Info    : [ 50%] Meshing surface 522 (Plane, Frontal-Delaunay)
Info    : [ 50%] Meshing surface 523 (Plane, Frontal-Delaunay)
Info    : [ 50%] Meshing surface 524 (Plane, Frontal-Delaunay)
Info    : [ 50%] Meshing surface 525 (Plane, Frontal-Delaunay)
Info    : [ 50%] Meshing surface 526 (Plane, Frontal-Delaunay)
Info    : [ 50%] Meshing surface 527 (Plane, Frontal-Delaunay)
Info    : [ 50%] Meshing surface 528 (Plane, Frontal-Delaunay)
Info    : [ 50%] Meshing surface 529 (Plane, Frontal-Delaunay)
Info    : [ 50%] Meshing surface 530 (Plane, Frontal-Delaunay)
Info    : [ 50%] Meshing surface 531 (Plane, Frontal-Delaunay)
Info    : [ 50%] Meshing surface 544 (Plane, Frontal-Delaunay)
Info    : [ 50%] Meshing surface 545 (Plane, Frontal-Delaunay)
Info    : [ 50%] Meshing surface 546 (Plane, Frontal-Delaunay)
Info    : [ 50%] Meshing surface 547 (Plane, Frontal-Delaunay)
Info    : [ 50%] Meshing surface 548 (Plane, Frontal-Delaunay)
Info    : [ 50%] Meshing surface 549 (Plane, Frontal-Delaunay)
Info    : [ 50%] Meshing surface 550 (Plane, Frontal-Delaunay)
Info    : [ 50%] Meshing surface 551 (Plane, Frontal-Delaunay)
Info    : [ 50%] Meshing surface 552 (Plane, Frontal-Delaunay)
Info    : [ 50%] Meshing surface 553 (Plane, Frontal-Delaunay)
Info    : [ 50%] Meshing surface 554 (Plane, Frontal-Delaunay)
Info    : [ 50%] Meshing surface 555 (Plane, Frontal-Delaunay)
Info    : [ 50%] Meshing surface 568 (Plane, Frontal-Delaunay)
Info    : [ 50%] Meshing surface 569 (Plane, Frontal-Delaunay)
Info    : [ 50%] Meshing surface 570 (Plane, Frontal-Delaunay)
Info    : [ 50%] Meshing surface 571 (Plane, Frontal-Delaunay)
Info    : [ 50%] Meshing surface 572 (Plane, Frontal-Delaunay)
Info    : [ 50%] Meshing surface 573 (Plane, Frontal-Delaunay)
Info    : [ 50%] Meshing surface 574 (Plane, Frontal-Delaunay)
Info    : [ 50%] Meshing surface 575 (Plane, Frontal-Delaunay)
Info    : [ 50%] Meshing surface 576 (Plane, Frontal-Delaunay)
Info    : [ 50%] Meshing surface 577 (Plane, Frontal-Delaunay)
Info    : [ 50%] Meshing surface 578 (Plane, Frontal-Delaunay)
Info    : [ 50%] Meshing surface 579 (Plane, Frontal-Delaunay)
Info    : [ 50%] Meshing surface 592 (Plane, Frontal-Delaunay)
Info    : [ 50%] Meshing surface 593 (Plane, Frontal-Delaunay)
Info    : [ 60%] Meshing surface 594 (Plane, Frontal-Delaunay)
Info    : [ 60%] Meshing surface 595 (Plane, Frontal-Delaunay)
Info    : [ 60%] Meshing surface 596 (Plane, Frontal-Delaunay)
Info    : [ 60%] Meshing surface 597 (Plane, Frontal-Delaunay)
Info    : [ 60%] Meshing surface 598 (Plane, Frontal-Delaunay)
Info    : [ 60%] Meshing surface 599 (Plane, Frontal-Delaunay)
Info    : [ 60%] Meshing surface 600 (Plane, Frontal-Delaunay)
Info    : [ 60%] Meshing surface 601 (Plane, Frontal-Delaunay)
Info    : [ 60%] Meshing surface 602 (Plane, Frontal-Delaunay)
Info    : [ 60%] Meshing surface 603 (Plane, Frontal-Delaunay)
Info    : [ 60%] Meshing surface 616 (Plane, Frontal-Delaunay)
Info    : [ 60%] Meshing surface 617 (Plane, Frontal-Delaunay)
Info    : [ 60%] Meshing surface 618 (Plane, Frontal-Delaunay)
Info    : [ 60%] Meshing surface 619 (Plane, Frontal-Delaunay)
Info    : [ 60%] Meshing surface 620 (Plane, Frontal-Delaunay)
Info    : [ 60%] Meshing surface 621 (Plane, Frontal-Delaunay)
Info    : [ 60%] Meshing surface 622 (Plane, Frontal-Delaunay)
Info    : [ 60%] Meshing surface 623 (Plane, Frontal-Delaunay)
Info    : [ 60%] Meshing surface 624 (Plane, Frontal-Delaunay)
Info    : [ 60%] Meshing surface 625 (Plane, Frontal-Delaunay)
Info    : [ 60%] Meshing surface 626 (Plane, Frontal-Delaunay)
Info    : [ 60%] Meshing surface 627 (Plane, Frontal-Delaunay)
Info    : [ 60%] Meshing surface 640 (Plane, Frontal-Delaunay)
Info    : [ 60%] Meshing surface 641 (Plane, Frontal-Delaunay)
Info    : [ 60%] Meshing surface 642 (Plane, Frontal-Delaunay)
Info    : [ 60%] Meshing surface 643 (Plane, Frontal-Delaunay)
Info    : [ 60%] Meshing surface 644 (Plane, Frontal-Delaunay)
Info    : [ 60%] Meshing surface 645 (Plane, Frontal-Delaunay)
Info    : [ 60%] Meshing surface 646 (Plane, Frontal-Delaunay)
Info    : [ 60%] Meshing surface 647 (Plane, Frontal-Delaunay)
Info    : [ 60%] Meshing surface 648 (Plane, Frontal-Delaunay)
Info    : [ 60%] Meshing surface 649 (Plane, Frontal-Delaunay)
Info    : [ 60%] Meshing surface 650 (Plane, Frontal-Delaunay)
Info    : [ 60%] Meshing surface 651 (Plane, Frontal-Delaunay)
Info    : [ 60%] Meshing surface 664 (Plane, Frontal-Delaunay)
Info    : [ 60%] Meshing surface 665 (Plane, Frontal-Delaunay)
Info    : [ 60%] Meshing surface 666 (Plane, Frontal-Delaunay)
Info    : [ 60%] Meshing surface 667 (Plane, Frontal-Delaunay)
Info    : [ 60%] Meshing surface 668 (Plane, Frontal-Delaunay)
Info    : [ 60%] Meshing surface 669 (Plane, Frontal-Delaunay)
Info    : [ 60%] Meshing surface 670 (Plane, Frontal-Delaunay)
Info    : [ 60%] Meshing surface 671 (Plane, Frontal-Delaunay)
Info    : [ 60%] Meshing surface 672 (Plane, Frontal-Delaunay)
Info    : [ 60%] Meshing surface 673 (Plane, Frontal-Delaunay)
Info    : [ 60%] Meshing surface 674 (Plane, Frontal-Delaunay)
Info    : [ 60%] Meshing surface 675 (Plane, Frontal-Delaunay)
Info    : [ 60%] Meshing surface 688 (Plane, Frontal-Delaunay)
Info    : [ 60%] Meshing surface 689 (Plane, Frontal-Delaunay)
Info    : [ 60%] Meshing surface 690 (Plane, Frontal-Delaunay)
Info    : [ 60%] Meshing surface 691 (Plane, Frontal-Delaunay)
Info    : [ 60%] Meshing surface 692 (Plane, Frontal-Delaunay)
Info    : [ 60%] Meshing surface 693 (Plane, Frontal-Delaunay)
Info    : [ 60%] Meshing surface 694 (Plane, Frontal-Delaunay)
Info    : [ 60%] Meshing surface 695 (Plane, Frontal-Delaunay)
Info    : [ 60%] Meshing surface 696 (Plane, Frontal-Delaunay)
Info    : [ 60%] Meshing surface 697 (Plane, Frontal-Delaunay)
Info    : [ 60%] Meshing surface 698 (Plane, Frontal-Delaunay)
Info    : [ 60%] Meshing surface 699 (Plane, Frontal-Delaunay)
Info    : [ 70%] Meshing surface 712 (Plane, Frontal-Delaunay)
Info    : [ 70%] Meshing surface 713 (Plane, Frontal-Delaunay)
Info    : [ 70%] Meshing surface 714 (Plane, Frontal-Delaunay)
Info    : [ 70%] Meshing surface 715 (Plane, Frontal-Delaunay)
Info    : [ 70%] Meshing surface 716 (Plane, Frontal-Delaunay)
Info    : [ 70%] Meshing surface 717 (Plane, Frontal-Delaunay)
Info    : [ 70%] Meshing surface 718 (Plane, Frontal-Delaunay)
Info    : [ 70%] Meshing surface 719 (Plane, Frontal-Delaunay)
Info    : [ 70%] Meshing surface 720 (Plane, Frontal-Delaunay)
Info    : [ 70%] Meshing surface 721 (Plane, Frontal-Delaunay)
Info    : [ 70%] Meshing surface 722 (Plane, Frontal-Delaunay)
Info    : [ 70%] Meshing surface 723 (Plane, Frontal-Delaunay)
Info    : [ 70%] Meshing surface 736 (Plane, Frontal-Delaunay)
Info    : [ 70%] Meshing surface 737 (Plane, Frontal-Delaunay)
Info    : [ 70%] Meshing surface 738 (Plane, Frontal-Delaunay)
Info    : [ 70%] Meshing surface 739 (Plane, Frontal-Delaunay)
Info    : [ 70%] Meshing surface 740 (Plane, Frontal-Delaunay)
Info    : [ 70%] Meshing surface 741 (Plane, Frontal-Delaunay)
Info    : [ 70%] Meshing surface 742 (Plane, Frontal-Delaunay)
Info    : [ 70%] Meshing surface 743 (Plane, Frontal-Delaunay)
Info    : [ 70%] Meshing surface 744 (Plane, Frontal-Delaunay)
Info    : [ 70%] Meshing surface 745 (Plane, Frontal-Delaunay)
Info    : [ 70%] Meshing surface 746 (Plane, Frontal-Delaunay)
Info    : [ 70%] Meshing surface 747 (Plane, Frontal-Delaunay)
Info    : [ 70%] Meshing surface 760 (Plane, Frontal-Delaunay)
Info    : [ 70%] Meshing surface 761 (Plane, Frontal-Delaunay)
Info    : [ 70%] Meshing surface 762 (Plane, Frontal-Delaunay)
Info    : [ 70%] Meshing surface 763 (Plane, Frontal-Delaunay)
Info    : [ 70%] Meshing surface 764 (Plane, Frontal-Delaunay)
Info    : [ 70%] Meshing surface 765 (Plane, Frontal-Delaunay)
Info    : [ 70%] Meshing surface 766 (Plane, Frontal-Delaunay)
Info    : [ 70%] Meshing surface 767 (Plane, Frontal-Delaunay)
Info    : [ 70%] Meshing surface 768 (Plane, Frontal-Delaunay)
Info    : [ 70%] Meshing surface 769 (Plane, Frontal-Delaunay)
Info    : [ 70%] Meshing surface 770 (Plane, Frontal-Delaunay)
Info    : [ 70%] Meshing surface 771 (Plane, Frontal-Delaunay)
Info    : [ 70%] Meshing surface 784 (Plane, Frontal-Delaunay)
Info    : [ 70%] Meshing surface 785 (Plane, Frontal-Delaunay)
Info    : [ 70%] Meshing surface 786 (Plane, Frontal-Delaunay)
Info    : [ 70%] Meshing surface 787 (Plane, Frontal-Delaunay)
Info    : [ 70%] Meshing surface 788 (Plane, Frontal-Delaunay)
Info    : [ 70%] Meshing surface 789 (Plane, Frontal-Delaunay)
Info    : [ 70%] Meshing surface 790 (Plane, Frontal-Delaunay)
Info    : [ 70%] Meshing surface 791 (Plane, Frontal-Delaunay)
Info    : [ 70%] Meshing surface 792 (Plane, Frontal-Delaunay)
Info    : [ 70%] Meshing surface 793 (Plane, Frontal-Delaunay)
Info    : [ 70%] Meshing surface 794 (Plane, Frontal-Delaunay)
Info    : [ 70%] Meshing surface 795 (Plane, Frontal-Delaunay)
Info    : [ 70%] Meshing surface 808 (Plane, Frontal-Delaunay)
Info    : [ 70%] Meshing surface 809 (Plane, Frontal-Delaunay)
Info    : [ 70%] Meshing surface 810 (Plane, Frontal-Delaunay)
Info    : [ 70%] Meshing surface 811 (Plane, Frontal-Delaunay)
Info    : [ 70%] Meshing surface 812 (Plane, Frontal-Delaunay)
Info    : [ 70%] Meshing surface 813 (Plane, Frontal-Delaunay)
Info    : [ 70%] Meshing surface 814 (Plane, Frontal-Delaunay)
Info    : [ 70%] Meshing surface 815 (Plane, Frontal-Delaunay)
Info    : [ 70%] Meshing surface 816 (Plane, Frontal-Delaunay)
Info    : [ 70%] Meshing surface 817 (Plane, Frontal-Delaunay)
Info    : [ 80%] Meshing surface 818 (Plane, Frontal-Delaunay)
Info    : [ 80%] Meshing surface 819 (Plane, Frontal-Delaunay)
Info    : [ 80%] Meshing surface 832 (Plane, Frontal-Delaunay)
Info    : [ 80%] Meshing surface 833 (Plane, Frontal-Delaunay)
Info    : [ 80%] Meshing surface 834 (Plane, Frontal-Delaunay)
Info    : [ 80%] Meshing surface 835 (Plane, Frontal-Delaunay)
Info    : [ 80%] Meshing surface 836 (Plane, Frontal-Delaunay)
Info    : [ 80%] Meshing surface 837 (Plane, Frontal-Delaunay)
Info    : [ 80%] Meshing surface 838 (Plane, Frontal-Delaunay)
Info    : [ 80%] Meshing surface 839 (Plane, Frontal-Delaunay)
Info    : [ 80%] Meshing surface 840 (Plane, Frontal-Delaunay)
Info    : [ 80%] Meshing surface 841 (Plane, Frontal-Delaunay)
Info    : [ 80%] Meshing surface 842 (Plane, Frontal-Delaunay)
Info    : [ 80%] Meshing surface 843 (Plane, Frontal-Delaunay)
Info    : [ 80%] Meshing surface 856 (Plane, Frontal-Delaunay)
Info    : [ 80%] Meshing surface 857 (Plane, Frontal-Delaunay)
Info    : [ 80%] Meshing surface 858 (Plane, Frontal-Delaunay)
Info    : [ 80%] Meshing surface 859 (Plane, Frontal-Delaunay)
Info    : [ 80%] Meshing surface 860 (Plane, Frontal-Delaunay)
Info    : [ 80%] Meshing surface 861 (Plane, Frontal-Delaunay)
Info    : [ 80%] Meshing surface 862 (Plane, Frontal-Delaunay)
Info    : [ 80%] Meshing surface 863 (Plane, Frontal-Delaunay)
Info    : [ 80%] Meshing surface 864 (Plane, Frontal-Delaunay)
Info    : [ 80%] Meshing surface 865 (Plane, Frontal-Delaunay)
Info    : [ 80%] Meshing surface 866 (Plane, Frontal-Delaunay)
Info    : [ 80%] Meshing surface 867 (Plane, Frontal-Delaunay)
Info    : [ 80%] Meshing surface 880 (Plane, Frontal-Delaunay)
Info    : [ 80%] Meshing surface 881 (Plane, Frontal-Delaunay)
Info    : [ 80%] Meshing surface 882 (Plane, Frontal-Delaunay)
Info    : [ 80%] Meshing surface 883 (Plane, Frontal-Delaunay)
Info    : [ 80%] Meshing surface 884 (Plane, Frontal-Delaunay)
Info    : [ 80%] Meshing surface 885 (Plane, Frontal-Delaunay)
Info    : [ 80%] Meshing surface 886 (Plane, Frontal-Delaunay)
Info    : [ 80%] Meshing surface 887 (Plane, Frontal-Delaunay)
Info    : [ 80%] Meshing surface 888 (Plane, Frontal-Delaunay)
Info    : [ 80%] Meshing surface 889 (Plane, Frontal-Delaunay)
Info    : [ 80%] Meshing surface 890 (Plane, Frontal-Delaunay)
Info    : [ 80%] Meshing surface 891 (Plane, Frontal-Delaunay)
Info    : [ 80%] Meshing surface 904 (Plane, Frontal-Delaunay)
Info    : [ 80%] Meshing surface 905 (Plane, Frontal-Delaunay)
Info    : [ 80%] Meshing surface 906 (Plane, Frontal-Delaunay)
Info    : [ 80%] Meshing surface 907 (Plane, Frontal-Delaunay)
Info    : [ 80%] Meshing surface 908 (Plane, Frontal-Delaunay)
Info    : [ 80%] Meshing surface 909 (Plane, Frontal-Delaunay)
Info    : [ 80%] Meshing surface 910 (Plane, Frontal-Delaunay)
Info    : [ 80%] Meshing surface 911 (Plane, Frontal-Delaunay)
Info    : [ 80%] Meshing surface 912 (Plane, Frontal-Delaunay)
Info    : [ 80%] Meshing surface 913 (Plane, Frontal-Delaunay)
Info    : [ 80%] Meshing surface 914 (Plane, Frontal-Delaunay)
Info    : [ 80%] Meshing surface 915 (Plane, Frontal-Delaunay)
Info    : [ 80%] Meshing surface 928 (Plane, Frontal-Delaunay)
Info    : [ 80%] Meshing surface 929 (Plane, Frontal-Delaunay)
Info    : [ 80%] Meshing surface 930 (Plane, Frontal-Delaunay)
Info    : [ 80%] Meshing surface 931 (Plane, Frontal-Delaunay)
Info    : [ 80%] Meshing surface 932 (Plane, Frontal-Delaunay)
Info    : [ 80%] Meshing surface 933 (Plane, Frontal-Delaunay)
Info    : [ 80%] Meshing surface 934 (Plane, Frontal-Delaunay)
Info    : [ 80%] Meshing surface 935 (Plane, Frontal-Delaunay)
Info    : [ 90%] Meshing surface 936 (Plane, Frontal-Delaunay)
Info    : [ 90%] Meshing surface 937 (Plane, Frontal-Delaunay)
Info    : [ 90%] Meshing surface 938 (Plane, Frontal-Delaunay)
Info    : [ 90%] Meshing surface 939 (Plane, Frontal-Delaunay)
Info    : [ 90%] Meshing surface 952 (Plane, Frontal-Delaunay)
Info    : [ 90%] Meshing surface 953 (Plane, Frontal-Delaunay)
Info    : [ 90%] Meshing surface 954 (Plane, Frontal-Delaunay)
Info    : [ 90%] Meshing surface 955 (Plane, Frontal-Delaunay)
Info    : [ 90%] Meshing surface 956 (Plane, Frontal-Delaunay)
Info    : [ 90%] Meshing surface 957 (Plane, Frontal-Delaunay)
Info    : [ 90%] Meshing surface 958 (Plane, Frontal-Delaunay)
Info    : [ 90%] Meshing surface 959 (Plane, Frontal-Delaunay)
Info    : [ 90%] Meshing surface 960 (Plane, Frontal-Delaunay)
Info    : [ 90%] Meshing surface 961 (Plane, Frontal-Delaunay)
Info    : [ 90%] Meshing surface 962 (Plane, Frontal-Delaunay)
Info    : [ 90%] Meshing surface 963 (Plane, Frontal-Delaunay)
Info    : [ 90%] Meshing surface 976 (Plane, Frontal-Delaunay)
Info    : [ 90%] Meshing surface 977 (Plane, Frontal-Delaunay)
Info    : [ 90%] Meshing surface 978 (Plane, Frontal-Delaunay)
Info    : [ 90%] Meshing surface 979 (Plane, Frontal-Delaunay)
Info    : [ 90%] Meshing surface 980 (Plane, Frontal-Delaunay)
Info    : [ 90%] Meshing surface 981 (Plane, Frontal-Delaunay)
Info    : [ 90%] Meshing surface 982 (Plane, Frontal-Delaunay)
Info    : [ 90%] Meshing surface 983 (Plane, Frontal-Delaunay)
Info    : [ 90%] Meshing surface 984 (Plane, Frontal-Delaunay)
Info    : [ 90%] Meshing surface 985 (Plane, Frontal-Delaunay)
Info    : [ 90%] Meshing surface 986 (Plane, Frontal-Delaunay)
Info    : [ 90%] Meshing surface 987 (Plane, Frontal-Delaunay)
Info    : [ 90%] Meshing surface 1000 (Plane, Frontal-Delaunay)
Info    : [ 90%] Meshing surface 1001 (Plane, Frontal-Delaunay)
Info    : [ 90%] Meshing surface 1002 (Plane, Frontal-Delaunay)
Info    : [ 90%] Meshing surface 1003 (Plane, Frontal-Delaunay)
Info    : [ 90%] Meshing surface 1004 (Plane, Frontal-Delaunay)
Info    : [ 90%] Meshing surface 1005 (Plane, Frontal-Delaunay)
Info    : [ 90%] Meshing surface 1006 (Plane, Frontal-Delaunay)
Info    : [ 90%] Meshing surface 1007 (Plane, Frontal-Delaunay)
Info    : [ 90%] Meshing surface 1008 (Plane, Frontal-Delaunay)
Info    : [ 90%] Meshing surface 1009 (Plane, Frontal-Delaunay)
Info    : [ 90%] Meshing surface 1010 (Plane, Frontal-Delaunay)
Info    : [ 90%] Meshing surface 1011 (Plane, Frontal-Delaunay)
Info    : [ 90%] Meshing surface 1024 (Plane, Frontal-Delaunay)
Info    : [ 90%] Meshing surface 1025 (Plane, Frontal-Delaunay)
Info    : [ 90%] Meshing surface 1026 (Plane, Frontal-Delaunay)
Info    : [ 90%] Meshing surface 1027 (Plane, Frontal-Delaunay)
Info    : [ 90%] Meshing surface 1028 (Plane, Frontal-Delaunay)
Info    : [ 90%] Meshing surface 1029 (Plane, Frontal-Delaunay)
Info    : [ 90%] Meshing surface 1030 (Plane, Frontal-Delaunay)
Info    : [ 90%] Meshing surface 1031 (Plane, Frontal-Delaunay)
Info    : [ 90%] Meshing surface 1032 (Plane, Frontal-Delaunay)
Info    : [ 90%] Meshing surface 1033 (Plane, Frontal-Delaunay)
Info    : [ 90%] Meshing surface 1034 (Plane, Frontal-Delaunay)
Info    : [ 90%] Meshing surface 1035 (Plane, Frontal-Delaunay)
Info    : [ 90%] Meshing surface 1048 (Plane, Frontal-Delaunay)
Info    : [ 90%] Meshing surface 1049 (Plane, Frontal-Delaunay)
Info    : [ 90%] Meshing surface 1050 (Plane, Frontal-Delaunay)
Info    : [ 90%] Meshing surface 1051 (Plane, Frontal-Delaunay)
Info    : [ 90%] Meshing surface 1052 (Plane, Frontal-Delaunay)
Info    : [ 90%] Meshing surface 1053 (Plane, Frontal-Delaunay)
Info    : [100%] Meshing surface 1054 (Plane, Frontal-Delaunay)
Info    : [100%] Meshing surface 1055 (Plane, Frontal-Delaunay)
Info    : [100%] Meshing surface 1056 (Plane, Frontal-Delaunay)
Info    : [100%] Meshing surface 1057 (Plane, Frontal-Delaunay)
Info    : [100%] Meshing surface 1058 (Plane, Frontal-Delaunay)
Info    : [100%] Meshing surface 1059 (Plane, Frontal-Delaunay)
Info    : [100%] Meshing surface 1072 (Plane, Frontal-Delaunay)
Info    : [100%] Meshing surface 1073 (Plane, Frontal-Delaunay)
Info    : [100%] Meshing surface 1074 (Plane, Frontal-Delaunay)
Info    : [100%] Meshing surface 1075 (Plane, Frontal-Delaunay)
Info    : [100%] Meshing surface 1076 (Plane, Frontal-Delaunay)
Info    : [100%] Meshing surface 1077 (Plane, Frontal-Delaunay)
Info    : [100%] Meshing surface 1078 (Plane, Frontal-Delaunay)
Info    : [100%] Meshing surface 1079 (Plane, Frontal-Delaunay)
Info    : [100%] Meshing surface 1080 (Plane, Frontal-Delaunay)
Info    : [100%] Meshing surface 1081 (Plane, Frontal-Delaunay)
Info    : [100%] Meshing surface 1082 (Plane, Frontal-Delaunay)
Info    : [100%] Meshing surface 1083 (Plane, Frontal-Delaunay)
Info    : [100%] Meshing surface 1096 (Plane, Frontal-Delaunay)
Info    : [100%] Meshing surface 1097 (Plane, Frontal-Delaunay)
Info    : [100%] Meshing surface 1098 (Plane, Frontal-Delaunay)
Info    : [100%] Meshing surface 1099 (Plane, Frontal-Delaunay)
Info    : [100%] Meshing surface 1100 (Plane, Frontal-Delaunay)
Info    : [100%] Meshing surface 1101 (Plane, Frontal-Delaunay)
Info    : [100%] Meshing surface 1102 (Plane, Frontal-Delaunay)
Info    : [100%] Meshing surface 1103 (Plane, Frontal-Delaunay)
Info    : [100%] Meshing surface 1104 (Plane, Frontal-Delaunay)
Info    : [100%] Meshing surface 1105 (Plane, Frontal-Delaunay)
Info    : [100%] Meshing surface 1106 (Plane, Frontal-Delaunay)
Info    : [100%] Meshing surface 1107 (Plane, Frontal-Delaunay)
Info    : [100%] Meshing surface 1120 (Plane, Frontal-Delaunay)
Info    : [100%] Meshing surface 1121 (Plane, Frontal-Delaunay)
Info    : [100%] Meshing surface 1122 (Plane, Frontal-Delaunay)
Info    : [100%] Meshing surface 1123 (Plane, Frontal-Delaunay)
Info    : [100%] Meshing surface 1124 (Plane, Frontal-Delaunay)
Info    : [100%] Meshing surface 1125 (Plane, Frontal-Delaunay)
Info    : [100%] Meshing surface 1126 (Plane, Frontal-Delaunay)
Info    : [100%] Meshing surface 1127 (Plane, Frontal-Delaunay)
Info    : [100%] Meshing surface 1128 (Plane, Frontal-Delaunay)
Info    : [100%] Meshing surface 1129 (Plane, Frontal-Delaunay)
Info    : [100%] Meshing surface 1130 (Plane, Frontal-Delaunay)
Info    : [100%] Meshing surface 1131 (Plane, Frontal-Delaunay)
Info    : [100%] Meshing surface 1144 (Plane, Frontal-Delaunay)
Info    : [100%] Meshing surface 1145 (Plane, Frontal-Delaunay)
Info    : [100%] Meshing surface 1146 (Plane, Frontal-Delaunay)
Info    : [100%] Meshing surface 1147 (Plane, Frontal-Delaunay)
Info    : [100%] Meshing surface 1148 (Plane, Frontal-Delaunay)
Info    : [100%] Meshing surface 1149 (Plane, Frontal-Delaunay)
Info    : [100%] Meshing surface 1150 (Plane, Frontal-Delaunay)
Info    : [100%] Meshing surface 1151 (Plane, Frontal-Delaunay)
Info    : [100%] Meshing surface 1152 (Plane, Frontal-Delaunay)
Info    : [100%] Meshing surface 1153 (Plane, Frontal-Delaunay)
Info    : [100%] Meshing surface 1154 (Plane, Frontal-Delaunay)
Info    : [100%] Meshing surface 1155 (Plane, Frontal-Delaunay)
Info    : [100%] Meshing surface 1156 (Cylinder, Frontal-Delaunay)
Info    : [100%] Meshing surface 1157 (Plane, Frontal-Delaunay)
Info    : [100%] Meshing surface 1158 (Plane, Frontal-Delaunay)
Info    : Done meshing 2D (Wall 1.38952s, CPU 1.3756s)
Info    : Meshing 3D...
Info    : 3D Meshing 97 volumes with 1 connected component
Info    : Tetrahedrizing 71783 nodes...
Info    : Done tetrahedrizing 71791 nodes (Wall 0.658576s, CPU 0.628997s)
Info    : Reconstructing mesh...
Info    :  - Creating surface mesh
Info    :  - Identifying boundary edges
Info    :  - Recovering boundary
Info    :  - Added 7 Steiner points
Info    : Done reconstructing mesh (Wall 1.74905s, CPU 1.65869s)
Info    : Found volume 40013
Info    : Found volume 10010
Info    : Found volume 20032
Info    : Found volume 20004
Info    : Found volume 10027
Info    : Found volume 10019
Info    : Found volume 10024
Info    : Found volume 10012
Info    : Found volume 10003
Info    : Found volume 10011
Info    : Found volume 10032
Info    : Found volume 10036
Info    : Found volume 10015
Info    : Found volume 10020
Info    : Found volume 10035
Info    : Found volume 10016
Info    : Found volume 10031
Info    : Found volume 10007
Info    : Found volume 10008
Info    : Found volume 10028
Info    : Found volume 10023
Info    : Found volume 10004
Info    : Found volume 30004
Info    : Found volume 30012
Info    : Found volume 30011
Info    : Found volume 30003
Info    : Found volume 30007
Info    : Found volume 30008
Info    : Found volume 10030
Info    : Found volume 10013
Info    : Found volume 10017
Info    : Found volume 10033
Info    : Found volume 10029
Info    : Found volume 10005
Info    : Found volume 10002
Info    : Found volume 10018
Info    : Found volume 10014
Info    : Found volume 10006
Info    : Found volume 10022
Info    : Found volume 10021
Info    : Found volume 10034
Info    : Found volume 10009
Info    : Found volume 10026
Info    : Found volume 10001
Info    : Found volume 10025
Info    : Found volume 20024
Info    : Found volume 20018
Info    : Found volume 20003
Info    : Found volume 20012
Info    : Found volume 40009
Info    : Found volume 20015
Info    : Found volume 20017
Info    : Found volume 40012
Info    : Found volume 40005
Info    : Found volume 20023
Info    : Found volume 40006
Info    : Found volume 20030
Info    : Found volume 20013
Info    : Found volume 20033
Info    : Found volume 30001
Info    : Found volume 20009
Info    : Found volume 20021
Info    : Found volume 20001
Info    : Found volume 40004
Info    : Found volume 20020
Info    : Found volume 20028
Info    : Found volume 20031
Info    : Found volume 20034
Info    : Found volume 20011
Info    : Found volume 20014
Info    : Found volume 20036
Info    : Found volume 40008
Info    : Found volume 20019
Info    : Found volume 40011
Info    : Found volume 20016
Info    : Found volume 40002
Info    : Found volume 20007
Info    : Found volume 20029
Info    : Found volume 20025
Info    : Found volume 20006
Info    : Found volume 20010
Info    : Found volume 20008
Info    : Found volume 30009
Info    : Found volume 40010
Info    : Found volume 20026
Info    : Found volume 20002
Info    : Found volume 30005
Info    : Found volume 40007
Info    : Found volume 30002
Info    : Found volume 40001
Info    : Found volume 40003
Info    : Found volume 30006
Info    : Found volume 20005
Info    : Found volume 20035
Info    : Found volume 20027
Info    : Found volume 20022
Info    : Found volume 30010
Info    : It. 0 - 0 nodes created - worst tet radius 152.695 (nodes removed 0 0)
Info    : It. 500 - 467 nodes created - worst tet radius 5.85741 (nodes removed 0 33)
Info    : It. 1000 - 967 nodes created - worst tet radius 3.32994 (nodes removed 0 33)
Info    : It. 1500 - 1467 nodes created - worst tet radius 2.89833 (nodes removed 0 33)
Info    : It. 2000 - 1967 nodes created - worst tet radius 4.16871 (nodes removed 0 33)
Info    : It. 2500 - 2463 nodes created - worst tet radius 2.91247 (nodes removed 0 37)
Info    : It. 3000 - 2961 nodes created - worst tet radius 2.62894 (nodes removed 0 39)
Info    : It. 3500 - 3461 nodes created - worst tet radius 2.43291 (nodes removed 0 39)
Info    : It. 4000 - 3961 nodes created - worst tet radius 2.36611 (nodes removed 0 39)
Info    : It. 4500 - 4461 nodes created - worst tet radius 3.13385 (nodes removed 0 39)
Info    : It. 5000 - 4961 nodes created - worst tet radius 2.64976 (nodes removed 0 39)
Info    : It. 5500 - 5461 nodes created - worst tet radius 2.22831 (nodes removed 0 39)
Info    : It. 6000 - 5961 nodes created - worst tet radius 2.19277 (nodes removed 0 39)
Info    : It. 6500 - 6461 nodes created - worst tet radius 2.16505 (nodes removed 0 39)
Info    : It. 7000 - 6961 nodes created - worst tet radius 3.18663 (nodes removed 0 39)
Info    : It. 7500 - 7459 nodes created - worst tet radius 2.37608 (nodes removed 0 41)
Info    : It. 8000 - 7959 nodes created - worst tet radius 2.11505 (nodes removed 0 41)
Info    : It. 8500 - 8459 nodes created - worst tet radius 3.39966 (nodes removed 0 41)
Info    : It. 9000 - 8957 nodes created - worst tet radius 2.08167 (nodes removed 0 43)
Info    : It. 9500 - 9457 nodes created - worst tet radius 2.1341 (nodes removed 0 43)
Info    : It. 10000 - 9957 nodes created - worst tet radius 2.13661 (nodes removed 0 43)
Info    : It. 10500 - 10457 nodes created - worst tet radius 2.05528 (nodes removed 0 43)
Info    : It. 11000 - 10957 nodes created - worst tet radius 2.05515 (nodes removed 0 43)
Info    : It. 11500 - 11457 nodes created - worst tet radius 2.0374 (nodes removed 0 43)
Info    : It. 12000 - 11957 nodes created - worst tet radius 2.98975 (nodes removed 0 43)
Info    : It. 12500 - 12457 nodes created - worst tet radius 2.01972 (nodes removed 0 43)
Info    : It. 13000 - 12957 nodes created - worst tet radius 2.03631 (nodes removed 0 43)
Info    : It. 13500 - 13457 nodes created - worst tet radius 3.07296 (nodes removed 0 43)
Info    : It. 14000 - 13957 nodes created - worst tet radius 2.5465 (nodes removed 0 43)
Info    : It. 14500 - 14457 nodes created - worst tet radius 1.96799 (nodes removed 0 43)
Info    : It. 15000 - 14957 nodes created - worst tet radius 1.95554 (nodes removed 0 43)
Info    : It. 15500 - 15457 nodes created - worst tet radius 1.93535 (nodes removed 0 43)
Info    : It. 16000 - 15957 nodes created - worst tet radius 3.76677 (nodes removed 0 43)
Info    : It. 16500 - 16452 nodes created - worst tet radius 1.90531 (nodes removed 0 48)
Info    : It. 17000 - 16952 nodes created - worst tet radius 1.95607 (nodes removed 0 48)
Info    : It. 17500 - 17452 nodes created - worst tet radius 1.87292 (nodes removed 0 48)
Info    : It. 18000 - 17952 nodes created - worst tet radius 1.85596 (nodes removed 0 48)
Info    : It. 18500 - 18452 nodes created - worst tet radius 1.8372 (nodes removed 0 48)
Info    : It. 19000 - 18952 nodes created - worst tet radius 1.82046 (nodes removed 0 48)
Info    : It. 19500 - 19452 nodes created - worst tet radius 1.84481 (nodes removed 0 48)
Info    : It. 20000 - 19952 nodes created - worst tet radius 1.94368 (nodes removed 0 48)
Info    : It. 20500 - 20452 nodes created - worst tet radius 1.77903 (nodes removed 0 48)
Info    : It. 21000 - 20952 nodes created - worst tet radius 1.76607 (nodes removed 0 48)
Info    : It. 21500 - 21452 nodes created - worst tet radius 1.75238 (nodes removed 0 48)
Info    : It. 22000 - 21952 nodes created - worst tet radius 1.7408 (nodes removed 0 48)
Info    : It. 22500 - 22452 nodes created - worst tet radius 1.72915 (nodes removed 0 48)
Info    : It. 23000 - 22952 nodes created - worst tet radius 1.7185 (nodes removed 0 48)
Info    : It. 23500 - 23452 nodes created - worst tet radius 1.70711 (nodes removed 0 48)
Info    : It. 24000 - 23952 nodes created - worst tet radius 1.85472 (nodes removed 0 48)
Info    : It. 24500 - 24452 nodes created - worst tet radius 1.6854 (nodes removed 0 48)
Info    : It. 25000 - 24952 nodes created - worst tet radius 1.67512 (nodes removed 0 48)
Info    : It. 25500 - 25452 nodes created - worst tet radius 1.66527 (nodes removed 0 48)
Info    : It. 26000 - 25952 nodes created - worst tet radius 1.65587 (nodes removed 0 48)
Info    : It. 26500 - 26452 nodes created - worst tet radius 1.76543 (nodes removed 0 48)
Info    : It. 27000 - 26952 nodes created - worst tet radius 1.63863 (nodes removed 0 48)
Info    : It. 27500 - 27452 nodes created - worst tet radius 1.63055 (nodes removed 0 48)
Info    : It. 28000 - 27952 nodes created - worst tet radius 1.77941 (nodes removed 0 48)
Info    : It. 28500 - 28452 nodes created - worst tet radius 1.61269 (nodes removed 0 48)
Info    : It. 29000 - 28952 nodes created - worst tet radius 1.63158 (nodes removed 0 48)
Info    : It. 29500 - 29452 nodes created - worst tet radius 1.59706 (nodes removed 0 48)
Info    : It. 30000 - 29952 nodes created - worst tet radius 1.58972 (nodes removed 0 48)
Info    : It. 30500 - 30452 nodes created - worst tet radius 1.58183 (nodes removed 0 48)
Info    : It. 31000 - 30952 nodes created - worst tet radius 1.57437 (nodes removed 0 48)
Info    : It. 31500 - 31452 nodes created - worst tet radius 2.02221 (nodes removed 0 48)
Info    : It. 32000 - 31952 nodes created - worst tet radius 1.69047 (nodes removed 0 48)
Info    : It. 32500 - 32452 nodes created - worst tet radius 1.55275 (nodes removed 0 48)
Info    : It. 33000 - 32952 nodes created - worst tet radius 1.62192 (nodes removed 0 48)
Info    : It. 33500 - 33452 nodes created - worst tet radius 1.53888 (nodes removed 0 48)
Info    : It. 34000 - 33952 nodes created - worst tet radius 1.5325 (nodes removed 0 48)
Info    : It. 34500 - 34452 nodes created - worst tet radius 1.52584 (nodes removed 0 48)
Info    : It. 35000 - 34952 nodes created - worst tet radius 1.5187 (nodes removed 0 48)
Info    : It. 35500 - 35452 nodes created - worst tet radius 1.51178 (nodes removed 0 48)
Info    : It. 36000 - 35952 nodes created - worst tet radius 1.50533 (nodes removed 0 48)
Info    : It. 36500 - 36452 nodes created - worst tet radius 1.49991 (nodes removed 0 48)
Info    : It. 37000 - 36952 nodes created - worst tet radius 1.49393 (nodes removed 0 48)
Info    : It. 37500 - 37452 nodes created - worst tet radius 1.66317 (nodes removed 0 48)
Info    : It. 38000 - 37952 nodes created - worst tet radius 1.63513 (nodes removed 0 48)
Info    : It. 38500 - 38452 nodes created - worst tet radius 1.47627 (nodes removed 0 48)
Info    : It. 39000 - 38952 nodes created - worst tet radius 1.47039 (nodes removed 0 48)
Info    : It. 39500 - 39452 nodes created - worst tet radius 1.46431 (nodes removed 0 48)
Info    : It. 40000 - 39952 nodes created - worst tet radius 1.45885 (nodes removed 0 48)
Info    : It. 40500 - 40452 nodes created - worst tet radius 1.45377 (nodes removed 0 48)
Info    : It. 41000 - 40952 nodes created - worst tet radius 1.46621 (nodes removed 0 48)
Info    : It. 41500 - 41452 nodes created - worst tet radius 1.44382 (nodes removed 0 48)
Info    : It. 42000 - 41952 nodes created - worst tet radius 1.43895 (nodes removed 0 48)
Info    : It. 42500 - 42452 nodes created - worst tet radius 1.43441 (nodes removed 0 48)
Info    : It. 43000 - 42952 nodes created - worst tet radius 1.43012 (nodes removed 0 48)
Info    : It. 43500 - 43452 nodes created - worst tet radius 1.42523 (nodes removed 0 48)
Info    : It. 44000 - 43952 nodes created - worst tet radius 1.42035 (nodes removed 0 48)
Info    : It. 44500 - 44452 nodes created - worst tet radius 1.41606 (nodes removed 0 48)
Info    : It. 45000 - 44952 nodes created - worst tet radius 1.41171 (nodes removed 0 48)
Info    : It. 45500 - 45452 nodes created - worst tet radius 1.40736 (nodes removed 0 48)
Info    : It. 46000 - 45952 nodes created - worst tet radius 1.40346 (nodes removed 0 48)
Info    : It. 46500 - 46452 nodes created - worst tet radius 1.39935 (nodes removed 0 48)
Info    : It. 47000 - 46952 nodes created - worst tet radius 1.39545 (nodes removed 0 48)
Info    : It. 47500 - 47452 nodes created - worst tet radius 1.39199 (nodes removed 0 48)
Info    : It. 48000 - 47952 nodes created - worst tet radius 1.3879 (nodes removed 0 48)
Info    : It. 48500 - 48452 nodes created - worst tet radius 1.38429 (nodes removed 0 48)
Info    : It. 49000 - 48952 nodes created - worst tet radius 1.38045 (nodes removed 0 48)
Info    : It. 49500 - 49452 nodes created - worst tet radius 1.37684 (nodes removed 0 48)
Info    : It. 50000 - 49952 nodes created - worst tet radius 1.87233 (nodes removed 0 48)
Info    : It. 50500 - 50452 nodes created - worst tet radius 1.36922 (nodes removed 0 48)
Info    : It. 51000 - 50952 nodes created - worst tet radius 1.36548 (nodes removed 0 48)
Info    : It. 51500 - 51452 nodes created - worst tet radius 1.36182 (nodes removed 0 48)
Info    : It. 52000 - 51952 nodes created - worst tet radius 1.35848 (nodes removed 0 48)
Info    : It. 52500 - 52452 nodes created - worst tet radius 1.39085 (nodes removed 0 48)
Info    : It. 53000 - 52952 nodes created - worst tet radius 1.35184 (nodes removed 0 48)
Info    : It. 53500 - 53452 nodes created - worst tet radius 1.34819 (nodes removed 0 48)
Info    : It. 54000 - 53952 nodes created - worst tet radius 1.345 (nodes removed 0 48)
Info    : It. 54500 - 54452 nodes created - worst tet radius 1.34162 (nodes removed 0 48)
Info    : It. 55000 - 54952 nodes created - worst tet radius 1.338 (nodes removed 0 48)
Info    : It. 55500 - 55452 nodes created - worst tet radius 1.335 (nodes removed 0 48)
Info    : It. 56000 - 55952 nodes created - worst tet radius 1.57479 (nodes removed 0 48)
Info    : It. 56500 - 56452 nodes created - worst tet radius 1.32875 (nodes removed 0 48)
Info    : It. 57000 - 56952 nodes created - worst tet radius 1.32546 (nodes removed 0 48)
Info    : It. 57500 - 57452 nodes created - worst tet radius 1.32217 (nodes removed 0 48)
Info    : It. 58000 - 57952 nodes created - worst tet radius 1.41236 (nodes removed 0 48)
Info    : It. 58500 - 58452 nodes created - worst tet radius 1.42312 (nodes removed 0 48)
Info    : It. 59000 - 58952 nodes created - worst tet radius 1.31192 (nodes removed 0 48)
Info    : It. 59500 - 59452 nodes created - worst tet radius 1.30873 (nodes removed 0 48)
Info    : It. 60000 - 59952 nodes created - worst tet radius 1.30568 (nodes removed 0 48)
Info    : It. 60500 - 60452 nodes created - worst tet radius 1.30246 (nodes removed 0 48)
Info    : It. 61000 - 60952 nodes created - worst tet radius 1.29941 (nodes removed 0 48)
Info    : It. 61500 - 61452 nodes created - worst tet radius 1.29652 (nodes removed 0 48)
Info    : It. 62000 - 61950 nodes created - worst tet radius 1.2933 (nodes removed 0 50)
Info    : It. 62500 - 62450 nodes created - worst tet radius 1.33493 (nodes removed 0 50)
Info    : It. 63000 - 62949 nodes created - worst tet radius 1.28681 (nodes removed 0 51)
Info    : It. 63500 - 63449 nodes created - worst tet radius 1.28384 (nodes removed 0 51)
Info    : It. 64000 - 63949 nodes created - worst tet radius 1.28074 (nodes removed 0 51)
Info    : It. 64500 - 64449 nodes created - worst tet radius 1.27785 (nodes removed 0 51)
Info    : It. 65000 - 64949 nodes created - worst tet radius 1.27513 (nodes removed 0 51)
Info    : It. 65500 - 65449 nodes created - worst tet radius 1.3335 (nodes removed 0 51)
Info    : It. 66000 - 65949 nodes created - worst tet radius 1.26915 (nodes removed 0 51)
Info    : It. 66500 - 66449 nodes created - worst tet radius 1.26606 (nodes removed 0 51)
Info    : It. 67000 - 66949 nodes created - worst tet radius 1.26312 (nodes removed 0 51)
Info    : It. 67500 - 67449 nodes created - worst tet radius 1.26026 (nodes removed 0 51)
Info    : It. 68000 - 67949 nodes created - worst tet radius 1.25706 (nodes removed 0 51)
Info    : It. 68500 - 68449 nodes created - worst tet radius 1.25407 (nodes removed 0 51)
Info    : It. 69000 - 68949 nodes created - worst tet radius 1.25105 (nodes removed 0 51)
Info    : It. 69500 - 69449 nodes created - worst tet radius 1.33215 (nodes removed 0 51)
Info    : It. 70000 - 69949 nodes created - worst tet radius 1.24554 (nodes removed 0 51)
Info    : It. 70500 - 70449 nodes created - worst tet radius 1.2428 (nodes removed 0 51)
Info    : It. 71000 - 70949 nodes created - worst tet radius 1.24005 (nodes removed 0 51)
Info    : It. 71500 - 71449 nodes created - worst tet radius 1.2372 (nodes removed 0 51)
Info    : It. 72000 - 71949 nodes created - worst tet radius 1.23439 (nodes removed 0 51)
Info    : It. 72500 - 72449 nodes created - worst tet radius 1.23184 (nodes removed 0 51)
Info    : It. 73000 - 72949 nodes created - worst tet radius 1.3558 (nodes removed 0 51)
Info    : It. 73500 - 73449 nodes created - worst tet radius 1.22633 (nodes removed 0 51)
Info    : It. 74000 - 73949 nodes created - worst tet radius 1.22354 (nodes removed 0 51)
Info    : It. 74500 - 74449 nodes created - worst tet radius 1.2206 (nodes removed 0 51)
Info    : It. 75000 - 74949 nodes created - worst tet radius 1.21815 (nodes removed 0 51)
Info    : It. 75500 - 75449 nodes created - worst tet radius 1.21561 (nodes removed 0 51)
Info    : It. 76000 - 75949 nodes created - worst tet radius 1.64703 (nodes removed 0 51)
Info    : It. 76500 - 76449 nodes created - worst tet radius 1.21072 (nodes removed 0 51)
Info    : It. 77000 - 76949 nodes created - worst tet radius 1.20817 (nodes removed 0 51)
Info    : It. 77500 - 77449 nodes created - worst tet radius 1.26915 (nodes removed 0 51)
Info    : It. 78000 - 77949 nodes created - worst tet radius 1.20349 (nodes removed 0 51)
Info    : It. 78500 - 78449 nodes created - worst tet radius 1.20094 (nodes removed 0 51)
Info    : It. 79000 - 78949 nodes created - worst tet radius 1.19851 (nodes removed 0 51)
Info    : It. 79500 - 79449 nodes created - worst tet radius 1.19614 (nodes removed 0 51)
Info    : It. 80000 - 79949 nodes created - worst tet radius 1.21136 (nodes removed 0 51)
Info    : It. 80500 - 80449 nodes created - worst tet radius 1.19159 (nodes removed 0 51)
Info    : It. 81000 - 80949 nodes created - worst tet radius 1.1892 (nodes removed 0 51)
Info    : It. 81500 - 81449 nodes created - worst tet radius 1.18705 (nodes removed 0 51)
Info    : It. 82000 - 81949 nodes created - worst tet radius 1.18473 (nodes removed 0 51)
Info    : It. 82500 - 82449 nodes created - worst tet radius 1.18255 (nodes removed 0 51)
Info    : It. 83000 - 82949 nodes created - worst tet radius 1.18045 (nodes removed 0 51)
Info    : It. 83500 - 83449 nodes created - worst tet radius 1.17816 (nodes removed 0 51)
Info    : It. 84000 - 83949 nodes created - worst tet radius 1.176 (nodes removed 0 51)
Info    : It. 84500 - 84449 nodes created - worst tet radius 1.17383 (nodes removed 0 51)
Info    : It. 85000 - 84949 nodes created - worst tet radius 1.17121 (nodes removed 0 51)
Info    : It. 85500 - 85449 nodes created - worst tet radius 1.1692 (nodes removed 0 51)
Info    : It. 86000 - 85949 nodes created - worst tet radius 1.16704 (nodes removed 0 51)
Info    : It. 86500 - 86449 nodes created - worst tet radius 1.16515 (nodes removed 0 51)
Info    : It. 87000 - 86949 nodes created - worst tet radius 1.16315 (nodes removed 0 51)
Info    : It. 87500 - 87449 nodes created - worst tet radius 1.16096 (nodes removed 0 51)
Info    : It. 88000 - 87949 nodes created - worst tet radius 1.15876 (nodes removed 0 51)
Info    : It. 88500 - 88449 nodes created - worst tet radius 1.15673 (nodes removed 0 51)
Info    : It. 89000 - 88949 nodes created - worst tet radius 1.1547 (nodes removed 0 51)
Info    : It. 89500 - 89449 nodes created - worst tet radius 1.15266 (nodes removed 0 51)
Info    : It. 90000 - 89949 nodes created - worst tet radius 1.15069 (nodes removed 0 51)
Info    : It. 90500 - 90449 nodes created - worst tet radius 1.14854 (nodes removed 0 51)
Info    : It. 91000 - 90949 nodes created - worst tet radius 1.14677 (nodes removed 0 51)
Info    : It. 91500 - 91449 nodes created - worst tet radius 1.17507 (nodes removed 0 51)
Info    : It. 92000 - 91949 nodes created - worst tet radius 1.14268 (nodes removed 0 51)
Info    : It. 92500 - 92449 nodes created - worst tet radius 1.14097 (nodes removed 0 51)
Info    : It. 93000 - 92949 nodes created - worst tet radius 1.25329 (nodes removed 0 51)
Info    : It. 93500 - 93449 nodes created - worst tet radius 1.13723 (nodes removed 0 51)
Info    : It. 94000 - 93949 nodes created - worst tet radius 1.13536 (nodes removed 0 51)
Info    : It. 94500 - 94449 nodes created - worst tet radius 1.13351 (nodes removed 0 51)
Info    : It. 95000 - 94949 nodes created - worst tet radius 1.13176 (nodes removed 0 51)
Info    : It. 95500 - 95449 nodes created - worst tet radius 1.12989 (nodes removed 0 51)
Info    : It. 96000 - 95949 nodes created - worst tet radius 1.30929 (nodes removed 0 51)
Info    : It. 96500 - 96449 nodes created - worst tet radius 1.12607 (nodes removed 0 51)
Info    : It. 97000 - 96949 nodes created - worst tet radius 1.12423 (nodes removed 0 51)
Info    : It. 97500 - 97449 nodes created - worst tet radius 1.12247 (nodes removed 0 51)
Info    : It. 98000 - 97949 nodes created - worst tet radius 1.1207 (nodes removed 0 51)
Info    : It. 98500 - 98449 nodes created - worst tet radius 1.22037 (nodes removed 0 51)
Info    : It. 99000 - 98949 nodes created - worst tet radius 1.36752 (nodes removed 0 51)
Info    : It. 99500 - 99449 nodes created - worst tet radius 1.11583 (nodes removed 0 51)
Info    : It. 100000 - 99949 nodes created - worst tet radius 1.11427 (nodes removed 0 51)
Info    : It. 100500 - 100449 nodes created - worst tet radius 1.11266 (nodes removed 0 51)
Info    : It. 101000 - 100949 nodes created - worst tet radius 1.11099 (nodes removed 0 51)
Info    : It. 101500 - 101449 nodes created - worst tet radius 1.10947 (nodes removed 0 51)
Info    : It. 102000 - 101949 nodes created - worst tet radius 1.10784 (nodes removed 0 51)
Info    : It. 102500 - 102449 nodes created - worst tet radius 1.24312 (nodes removed 0 51)
Info    : It. 103000 - 102949 nodes created - worst tet radius 1.10495 (nodes removed 0 51)
Info    : It. 103500 - 103449 nodes created - worst tet radius 1.1034 (nodes removed 0 51)
Info    : It. 104000 - 103949 nodes created - worst tet radius 1.10187 (nodes removed 0 51)
Info    : It. 104500 - 104449 nodes created - worst tet radius 1.11062 (nodes removed 0 51)
Info    : It. 105000 - 104949 nodes created - worst tet radius 1.09882 (nodes removed 0 51)
Info    : It. 105500 - 105449 nodes created - worst tet radius 1.09725 (nodes removed 0 51)
Info    : It. 106000 - 105949 nodes created - worst tet radius 1.1682 (nodes removed 0 51)
Info    : It. 106500 - 106449 nodes created - worst tet radius 1.09424 (nodes removed 0 51)
Info    : It. 107000 - 106948 nodes created - worst tet radius 1.09289 (nodes removed 0 52)
Info    : It. 107500 - 107448 nodes created - worst tet radius 1.09148 (nodes removed 0 52)
Info    : It. 108000 - 107948 nodes created - worst tet radius 1.09005 (nodes removed 0 52)
Info    : It. 108500 - 108448 nodes created - worst tet radius 1.08861 (nodes removed 0 52)
Info    : It. 109000 - 108948 nodes created - worst tet radius 1.0872 (nodes removed 0 52)
Info    : It. 109500 - 109448 nodes created - worst tet radius 1.08553 (nodes removed 0 52)
Info    : It. 110000 - 109948 nodes created - worst tet radius 1.08403 (nodes removed 0 52)
Info    : It. 110500 - 110448 nodes created - worst tet radius 1.32632 (nodes removed 0 52)
Info    : It. 111000 - 110948 nodes created - worst tet radius 1.0815 (nodes removed 0 52)
Info    : It. 111500 - 111448 nodes created - worst tet radius 1.08014 (nodes removed 0 52)
Info    : It. 112000 - 111948 nodes created - worst tet radius 1.07883 (nodes removed 0 52)
Info    : It. 112500 - 112448 nodes created - worst tet radius 1.07745 (nodes removed 0 52)
Info    : It. 113000 - 112948 nodes created - worst tet radius 1.07594 (nodes removed 0 52)
Info    : It. 113500 - 113448 nodes created - worst tet radius 1.07457 (nodes removed 0 52)
Info    : It. 114000 - 113948 nodes created - worst tet radius 1.07323 (nodes removed 0 52)
Info    : It. 114500 - 114448 nodes created - worst tet radius 1.07181 (nodes removed 0 52)
Info    : It. 115000 - 114948 nodes created - worst tet radius 1.07039 (nodes removed 0 52)
Info    : It. 115500 - 115448 nodes created - worst tet radius 1.06903 (nodes removed 0 52)
Info    : It. 116000 - 115948 nodes created - worst tet radius 1.06764 (nodes removed 0 52)
Info    : It. 116500 - 116448 nodes created - worst tet radius 1.06629 (nodes removed 0 52)
Info    : It. 117000 - 116948 nodes created - worst tet radius 1.06487 (nodes removed 0 52)
Info    : It. 117500 - 117448 nodes created - worst tet radius 1.0635 (nodes removed 0 52)
Info    : It. 118000 - 117948 nodes created - worst tet radius 1.0621 (nodes removed 0 52)
Info    : It. 118500 - 118448 nodes created - worst tet radius 1.06084 (nodes removed 0 52)
Info    : It. 119000 - 118948 nodes created - worst tet radius 1.05967 (nodes removed 0 52)
Info    : It. 119500 - 119448 nodes created - worst tet radius 1.0585 (nodes removed 0 52)
Info    : It. 120000 - 119948 nodes created - worst tet radius 1.5415 (nodes removed 0 52)
Info    : It. 120500 - 120448 nodes created - worst tet radius 1.05587 (nodes removed 0 52)
Info    : It. 121000 - 120948 nodes created - worst tet radius 1.05464 (nodes removed 0 52)
Info    : It. 121500 - 121448 nodes created - worst tet radius 1.12563 (nodes removed 0 52)
Info    : It. 122000 - 121948 nodes created - worst tet radius 1.05192 (nodes removed 0 52)
Info    : It. 122500 - 122448 nodes created - worst tet radius 1.05072 (nodes removed 0 52)
Info    : It. 123000 - 122948 nodes created - worst tet radius 1.04937 (nodes removed 0 52)
Info    : It. 123500 - 123448 nodes created - worst tet radius 1.0481 (nodes removed 0 52)
Info    : It. 124000 - 123948 nodes created - worst tet radius 1.04685 (nodes removed 0 52)
Info    : It. 124500 - 124448 nodes created - worst tet radius 1.04895 (nodes removed 0 52)
Info    : It. 125000 - 124948 nodes created - worst tet radius 1.04417 (nodes removed 0 52)
Info    : It. 125500 - 125448 nodes created - worst tet radius 1.0429 (nodes removed 0 52)
Info    : It. 126000 - 125948 nodes created - worst tet radius 1.04149 (nodes removed 0 52)
Info    : It. 126500 - 126448 nodes created - worst tet radius 1.26817 (nodes removed 0 52)
Info    : It. 127000 - 126948 nodes created - worst tet radius 1.03891 (nodes removed 0 52)
Info    : It. 127500 - 127448 nodes created - worst tet radius 1.03764 (nodes removed 0 52)
Info    : It. 128000 - 127948 nodes created - worst tet radius 1.03643 (nodes removed 0 52)
Info    : It. 128500 - 128448 nodes created - worst tet radius 1.03505 (nodes removed 0 52)
Info    : It. 129000 - 128948 nodes created - worst tet radius 1.03378 (nodes removed 0 52)
Info    : It. 129500 - 129448 nodes created - worst tet radius 1.03254 (nodes removed 0 52)
Info    : It. 130000 - 129948 nodes created - worst tet radius 1.06765 (nodes removed 0 52)
Info    : It. 130500 - 130448 nodes created - worst tet radius 1.0301 (nodes removed 0 52)
Info    : It. 131000 - 130948 nodes created - worst tet radius 1.02895 (nodes removed 0 52)
Info    : It. 131500 - 131448 nodes created - worst tet radius 1.02779 (nodes removed 0 52)
Info    : It. 132000 - 131948 nodes created - worst tet radius 1.02661 (nodes removed 0 52)
Info    : It. 132500 - 132448 nodes created - worst tet radius 1.02549 (nodes removed 0 52)
Info    : It. 133000 - 132948 nodes created - worst tet radius 1.02429 (nodes removed 0 52)
Info    : It. 133500 - 133448 nodes created - worst tet radius 1.02312 (nodes removed 0 52)
Info    : It. 134000 - 133948 nodes created - worst tet radius 1.02188 (nodes removed 0 52)
Info    : It. 134500 - 134447 nodes created - worst tet radius 1.08618 (nodes removed 0 53)
Info    : It. 135000 - 134947 nodes created - worst tet radius 1.01957 (nodes removed 0 53)
Info    : It. 135500 - 135447 nodes created - worst tet radius 1.01846 (nodes removed 0 53)
Info    : It. 136000 - 135947 nodes created - worst tet radius 1.02888 (nodes removed 0 53)
Info    : It. 136500 - 136447 nodes created - worst tet radius 1.01624 (nodes removed 0 53)
Info    : It. 137000 - 136947 nodes created - worst tet radius 1.08915 (nodes removed 0 53)
Info    : It. 137500 - 137447 nodes created - worst tet radius 1.01393 (nodes removed 0 53)
Info    : It. 138000 - 137947 nodes created - worst tet radius 1.01277 (nodes removed 0 53)
Info    : It. 138500 - 138447 nodes created - worst tet radius 1.0116 (nodes removed 0 53)
Info    : It. 139000 - 138947 nodes created - worst tet radius 1.01047 (nodes removed 0 53)
Info    : It. 139500 - 139447 nodes created - worst tet radius 1.00932 (nodes removed 0 53)
Info    : It. 140000 - 139947 nodes created - worst tet radius 1.00815 (nodes removed 0 53)
Info    : It. 140500 - 140447 nodes created - worst tet radius 1.0071 (nodes removed 0 53)
Info    : It. 141000 - 140947 nodes created - worst tet radius 1.00595 (nodes removed 0 53)
Info    : It. 141500 - 141447 nodes created - worst tet radius 1.00484 (nodes removed 0 53)
Info    : It. 142000 - 141947 nodes created - worst tet radius 1.00376 (nodes removed 0 53)
Info    : It. 142500 - 142447 nodes created - worst tet radius 1.00266 (nodes removed 0 53)
Info    : It. 143000 - 142947 nodes created - worst tet radius 1.00153 (nodes removed 0 53)
Info    : It. 143500 - 143447 nodes created - worst tet radius 1.00038 (nodes removed 0 53)
Info    : 3D refinement terminated (215420 nodes total):
Info    :  - 26 Delaunay cavities modified for star shapeness
Info    :  - 53 nodes could not be inserted
Info    :  - 1347256 tetrahedra created in 15.9396 sec. (84522 tets/s)
Info    : Done meshing 3D (Wall 22.8654s, CPU 22.7109s)
Info    : Optimizing mesh...
Info    : Optimizing volume 10001
Info    : Optimization starts (volume = 6.6e-06) with worst = 0.0237529 / average = 0.766401:
Info    : 0.00 < quality < 0.10 :         4 elements
Info    : 0.10 < quality < 0.20 :        41 elements
Info    : 0.20 < quality < 0.30 :        40 elements
Info    : 0.30 < quality < 0.40 :        71 elements
Info    : 0.40 < quality < 0.50 :       115 elements
Info    : 0.50 < quality < 0.60 :       189 elements
Info    : 0.60 < quality < 0.70 :       626 elements
Info    : 0.70 < quality < 0.80 :      1122 elements
Info    : 0.80 < quality < 0.90 :      1384 elements
Info    : 0.90 < quality < 1.00 :       684 elements
Info    : 83 edge swaps, 6 node relocations (volume = 6.6e-06): worst = 0.283397 / average = 0.778456 (Wall 0.00130593s, CPU 0.001306s)
Info    : 84 edge swaps, 6 node relocations (volume = 6.6e-06): worst = 0.300297 / average = 0.778617 (Wall 0.0015016s, CPU 0.001501s)
Info    : No ill-shaped tets in the mesh :-)
Info    : 0.00 < quality < 0.10 :         0 elements
Info    : 0.10 < quality < 0.20 :         0 elements
Info    : 0.20 < quality < 0.30 :         0 elements
Info    : 0.30 < quality < 0.40 :        69 elements
Info    : 0.40 < quality < 0.50 :       110 elements
Info    : 0.50 < quality < 0.60 :       192 elements
Info    : 0.60 < quality < 0.70 :       632 elements
Info    : 0.70 < quality < 0.80 :      1109 elements
Info    : 0.80 < quality < 0.90 :      1407 elements
Info    : 0.90 < quality < 1.00 :       683 elements
Info    : Optimizing volume 10002
Info    : Optimization starts (volume = 6.6e-06) with worst = 0.022596 / average = 0.769209:
Info    : 0.00 < quality < 0.10 :        11 elements
Info    : 0.10 < quality < 0.20 :        37 elements
Info    : 0.20 < quality < 0.30 :        39 elements
Info    : 0.30 < quality < 0.40 :        56 elements
Info    : 0.40 < quality < 0.50 :       112 elements
Info    : 0.50 < quality < 0.60 :       200 elements
Info    : 0.60 < quality < 0.70 :       595 elements
Info    : 0.70 < quality < 0.80 :      1128 elements
Info    : 0.80 < quality < 0.90 :      1431 elements
Info    : 0.90 < quality < 1.00 :       711 elements
Info    : 84 edge swaps, 4 node relocations (volume = 6.6e-06): worst = 0.121423 / average = 0.782326 (Wall 0.00144159s, CPU 0.00144s)
Info    : 86 edge swaps, 4 node relocations (volume = 6.6e-06): worst = 0.30023 / average = 0.782646 (Wall 0.00163657s, CPU 0.001635s)
Info    : No ill-shaped tets in the mesh :-)
Info    : 0.00 < quality < 0.10 :         0 elements
Info    : 0.10 < quality < 0.20 :         0 elements
Info    : 0.20 < quality < 0.30 :         0 elements
Info    : 0.30 < quality < 0.40 :        54 elements
Info    : 0.40 < quality < 0.50 :       108 elements
Info    : 0.50 < quality < 0.60 :       191 elements
Info    : 0.60 < quality < 0.70 :       596 elements
Info    : 0.70 < quality < 0.80 :      1124 elements
Info    : 0.80 < quality < 0.90 :      1454 elements
Info    : 0.90 < quality < 1.00 :       712 elements
Info    : Optimizing volume 10003
Info    : Optimization starts (volume = 1.056e-05) with worst = 0.0364979 / average = 0.769862:
Info    : 0.00 < quality < 0.10 :        16 elements
Info    : 0.10 < quality < 0.20 :        45 elements
Info    : 0.20 < quality < 0.30 :        85 elements
Info    : 0.30 < quality < 0.40 :       110 elements
Info    : 0.40 < quality < 0.50 :       163 elements
Info    : 0.50 < quality < 0.60 :       288 elements
Info    : 0.60 < quality < 0.70 :       885 elements
Info    : 0.70 < quality < 0.80 :      1551 elements
Info    : 0.80 < quality < 0.90 :      2247 elements
Info    : 0.90 < quality < 1.00 :      1112 elements
Info    : 146 edge swaps, 6 node relocations (volume = 1.056e-05): worst = 0.211696 / average = 0.783605 (Wall 0.0034027s, CPU 0.003395s)
Info    : 148 edge swaps, 6 node relocations (volume = 1.056e-05): worst = 0.300192 / average = 0.783811 (Wall 0.00371552s, CPU 0.003708s)
Info    : No ill-shaped tets in the mesh :-)
Info    : 0.00 < quality < 0.10 :         0 elements
Info    : 0.10 < quality < 0.20 :         0 elements
Info    : 0.20 < quality < 0.30 :         0 elements
Info    : 0.30 < quality < 0.40 :       108 elements
Info    : 0.40 < quality < 0.50 :       152 elements
Info    : 0.50 < quality < 0.60 :       292 elements
Info    : 0.60 < quality < 0.70 :       879 elements
Info    : 0.70 < quality < 0.80 :      1560 elements
Info    : 0.80 < quality < 0.90 :      2271 elements
Info    : 0.90 < quality < 1.00 :      1111 elements
Info    : Optimizing volume 10004
Info    : Optimization starts (volume = 1.056e-05) with worst = 0.0109246 / average = 0.769086:
Info    : 0.00 < quality < 0.10 :        20 elements
Info    : 0.10 < quality < 0.20 :        48 elements
Info    : 0.20 < quality < 0.30 :        66 elements
Info    : 0.30 < quality < 0.40 :        97 elements
Info    : 0.40 < quality < 0.50 :       146 elements
Info    : 0.50 < quality < 0.60 :       282 elements
Info    : 0.60 < quality < 0.70 :       927 elements
Info    : 0.70 < quality < 0.80 :      1581 elements
Info    : 0.80 < quality < 0.90 :      2163 elements
Info    : 0.90 < quality < 1.00 :      1040 elements
Info    : 133 edge swaps, 2 node relocations (volume = 1.056e-05): worst = 0.272588 / average = 0.782953 (Wall 0.00138396s, CPU 0.001382s)
Info    : 136 edge swaps, 2 node relocations (volume = 1.056e-05): worst = 0.300724 / average = 0.783304 (Wall 0.00169906s, CPU 0.001696s)
Info    : No ill-shaped tets in the mesh :-)
Info    : 0.00 < quality < 0.10 :         0 elements
Info    : 0.10 < quality < 0.20 :         0 elements
Info    : 0.20 < quality < 0.30 :         0 elements
Info    : 0.30 < quality < 0.40 :        87 elements
Info    : 0.40 < quality < 0.50 :       136 elements
Info    : 0.50 < quality < 0.60 :       275 elements
Info    : 0.60 < quality < 0.70 :       931 elements
Info    : 0.70 < quality < 0.80 :      1586 elements
Info    : 0.80 < quality < 0.90 :      2188 elements
Info    : 0.90 < quality < 1.00 :      1041 elements
Info    : Optimizing volume 10005
Info    : Optimization starts (volume = 6.6e-06) with worst = 0.0108145 / average = 0.763039:
Info    : 0.00 < quality < 0.10 :        10 elements
Info    : 0.10 < quality < 0.20 :        33 elements
Info    : 0.20 < quality < 0.30 :        51 elements
Info    : 0.30 < quality < 0.40 :        78 elements
Info    : 0.40 < quality < 0.50 :       100 elements
Info    : 0.50 < quality < 0.60 :       196 elements
Info    : 0.60 < quality < 0.70 :       664 elements
Info    : 0.70 < quality < 0.80 :      1090 elements
Info    : 0.80 < quality < 0.90 :      1447 elements
Info    : 0.90 < quality < 1.00 :       640 elements
Info    : 93 edge swaps, 0 node relocations (volume = 6.6e-06): worst = 0.279078 / average = 0.776735 (Wall 0.000936362s, CPU 0.000935s)
Info    : 94 edge swaps, 0 node relocations (volume = 6.6e-06): worst = 0.302106 / average = 0.776661 (Wall 0.00113568s, CPU 0.001135s)
Info    : No ill-shaped tets in the mesh :-)
Info    : 0.00 < quality < 0.10 :         0 elements
Info    : 0.10 < quality < 0.20 :         0 elements
Info    : 0.20 < quality < 0.30 :         0 elements
Info    : 0.30 < quality < 0.40 :        73 elements
Info    : 0.40 < quality < 0.50 :        96 elements
Info    : 0.50 < quality < 0.60 :       189 elements
Info    : 0.60 < quality < 0.70 :       672 elements
Info    : 0.70 < quality < 0.80 :      1092 elements
Info    : 0.80 < quality < 0.90 :      1464 elements
Info    : 0.90 < quality < 1.00 :       637 elements
Info    : Optimizing volume 10006
Info    : Optimization starts (volume = 6.6e-06) with worst = 0.034872 / average = 0.76729:
Info    : 0.00 < quality < 0.10 :        10 elements
Info    : 0.10 < quality < 0.20 :        29 elements
Info    : 0.20 < quality < 0.30 :        42 elements
Info    : 0.30 < quality < 0.40 :        81 elements
Info    : 0.40 < quality < 0.50 :       113 elements
Info    : 0.50 < quality < 0.60 :       186 elements
Info    : 0.60 < quality < 0.70 :       654 elements
Info    : 0.70 < quality < 0.80 :      1065 elements
Info    : 0.80 < quality < 0.90 :      1420 elements
Info    : 0.90 < quality < 1.00 :       712 elements
Info    : 80 edge swaps, 3 node relocations (volume = 6.6e-06): worst = 0.258321 / average = 0.779185 (Wall 0.000770364s, CPU 0.000771s)
Info    : 82 edge swaps, 3 node relocations (volume = 6.6e-06): worst = 0.300865 / average = 0.779446 (Wall 0.0009459s, CPU 0.000946s)
Info    : No ill-shaped tets in the mesh :-)
Info    : 0.00 < quality < 0.10 :         0 elements
Info    : 0.10 < quality < 0.20 :         0 elements
Info    : 0.20 < quality < 0.30 :         0 elements
Info    : 0.30 < quality < 0.40 :        76 elements
Info    : 0.40 < quality < 0.50 :       111 elements
Info    : 0.50 < quality < 0.60 :       185 elements
Info    : 0.60 < quality < 0.70 :       653 elements
Info    : 0.70 < quality < 0.80 :      1059 elements
Info    : 0.80 < quality < 0.90 :      1436 elements
Info    : 0.90 < quality < 1.00 :       717 elements
Info    : Optimizing volume 10007
Info    : Optimization starts (volume = 1.056e-05) with worst = 0.0147126 / average = 0.769589:
Info    : 0.00 < quality < 0.10 :        21 elements
Info    : 0.10 < quality < 0.20 :        57 elements
Info    : 0.20 < quality < 0.30 :        56 elements
Info    : 0.30 < quality < 0.40 :       118 elements
Info    : 0.40 < quality < 0.50 :       157 elements
Info    : 0.50 < quality < 0.60 :       289 elements
Info    : 0.60 < quality < 0.70 :       849 elements
Info    : 0.70 < quality < 0.80 :      1622 elements
Info    : 0.80 < quality < 0.90 :      2261 elements
Info    : 0.90 < quality < 1.00 :      1064 elements
Info    : 134 edge swaps, 0 node relocations (volume = 1.056e-05): worst = 0.276974 / average = 0.782441 (Wall 0.00126385s, CPU 0.001262s)
Info    : 135 edge swaps, 0 node relocations (volume = 1.056e-05): worst = 0.300627 / average = 0.782547 (Wall 0.00154775s, CPU 0.001545s)
Info    : No ill-shaped tets in the mesh :-)
Info    : 0.00 < quality < 0.10 :         0 elements
Info    : 0.10 < quality < 0.20 :         0 elements
Info    : 0.20 < quality < 0.30 :         0 elements
Info    : 0.30 < quality < 0.40 :       116 elements
Info    : 0.40 < quality < 0.50 :       151 elements
Info    : 0.50 < quality < 0.60 :       288 elements
Info    : 0.60 < quality < 0.70 :       850 elements
Info    : 0.70 < quality < 0.80 :      1623 elements
Info    : 0.80 < quality < 0.90 :      2286 elements
Info    : 0.90 < quality < 1.00 :      1059 elements
Info    : Optimizing volume 10008
Info    : Optimization starts (volume = 1.056e-05) with worst = 0.0160443 / average = 0.768476:
Info    : 0.00 < quality < 0.10 :        12 elements
Info    : 0.10 < quality < 0.20 :        55 elements
Info    : 0.20 < quality < 0.30 :        59 elements
Info    : 0.30 < quality < 0.40 :       117 elements
Info    : 0.40 < quality < 0.50 :       178 elements
Info    : 0.50 < quality < 0.60 :       297 elements
Info    : 0.60 < quality < 0.70 :       826 elements
Info    : 0.70 < quality < 0.80 :      1623 elements
Info    : 0.80 < quality < 0.90 :      2258 elements
Info    : 0.90 < quality < 1.00 :       993 elements
Info    : 123 edge swaps, 4 node relocations (volume = 1.056e-05): worst = 0.182602 / average = 0.780784 (Wall 0.00136497s, CPU 0.001363s)
Info    : 125 edge swaps, 4 node relocations (volume = 1.056e-05): worst = 0.300236 / average = 0.780996 (Wall 0.00166428s, CPU 0.001663s)
Info    : No ill-shaped tets in the mesh :-)
Info    : 0.00 < quality < 0.10 :         0 elements
Info    : 0.10 < quality < 0.20 :         0 elements
Info    : 0.20 < quality < 0.30 :         0 elements
Info    : 0.30 < quality < 0.40 :       120 elements
Info    : 0.40 < quality < 0.50 :       168 elements
Info    : 0.50 < quality < 0.60 :       288 elements
Info    : 0.60 < quality < 0.70 :       825 elements
Info    : 0.70 < quality < 0.80 :      1626 elements
Info    : 0.80 < quality < 0.90 :      2283 elements
Info    : 0.90 < quality < 1.00 :       996 elements
Info    : Optimizing volume 10009
Info    : Optimization starts (volume = 6.6e-06) with worst = 0.0112812 / average = 0.769282:
Info    : 0.00 < quality < 0.10 :        14 elements
Info    : 0.10 < quality < 0.20 :        38 elements
Info    : 0.20 < quality < 0.30 :        41 elements
Info    : 0.30 < quality < 0.40 :        53 elements
Info    : 0.40 < quality < 0.50 :       114 elements
Info    : 0.50 < quality < 0.60 :       210 elements
Info    : 0.60 < quality < 0.70 :       576 elements
Info    : 0.70 < quality < 0.80 :      1124 elements
Info    : 0.80 < quality < 0.90 :      1473 elements
Info    : 0.90 < quality < 1.00 :       713 elements
Info    : 93 edge swaps, 5 node relocations (volume = 6.6e-06): worst = 0.300541 / average = 0.782544 (Wall 0.000859415s, CPU 0.000858s)
Info    : No ill-shaped tets in the mesh :-)
Info    : 0.00 < quality < 0.10 :         0 elements
Info    : 0.10 < quality < 0.20 :         0 elements
Info    : 0.20 < quality < 0.30 :         0 elements
Info    : 0.30 < quality < 0.40 :        55 elements
Info    : 0.40 < quality < 0.50 :       110 elements
Info    : 0.50 < quality < 0.60 :       214 elements
Info    : 0.60 < quality < 0.70 :       570 elements
Info    : 0.70 < quality < 0.80 :      1117 elements
Info    : 0.80 < quality < 0.90 :      1494 elements
Info    : 0.90 < quality < 1.00 :       715 elements
Info    : Optimizing volume 10010
Info    : Optimization starts (volume = 6.6e-06) with worst = 0.0430723 / average = 0.767699:
Info    : 0.00 < quality < 0.10 :        12 elements
Info    : 0.10 < quality < 0.20 :        40 elements
Info    : 0.20 < quality < 0.30 :        31 elements
Info    : 0.30 < quality < 0.40 :        77 elements
Info    : 0.40 < quality < 0.50 :       107 elements
Info    : 0.50 < quality < 0.60 :       203 elements
Info    : 0.60 < quality < 0.70 :       619 elements
Info    : 0.70 < quality < 0.80 :      1087 elements
Info    : 0.80 < quality < 0.90 :      1497 elements
Info    : 0.90 < quality < 1.00 :       689 elements
Info    : 83 edge swaps, 6 node relocations (volume = 6.6e-06): worst = 0.300815 / average = 0.779853 (Wall 0.000829217s, CPU 0.000828s)
Info    : No ill-shaped tets in the mesh :-)
Info    : 0.00 < quality < 0.10 :         0 elements
Info    : 0.10 < quality < 0.20 :         0 elements
Info    : 0.20 < quality < 0.30 :         0 elements
Info    : 0.30 < quality < 0.40 :        78 elements
Info    : 0.40 < quality < 0.50 :       104 elements
Info    : 0.50 < quality < 0.60 :       203 elements
Info    : 0.60 < quality < 0.70 :       604 elements
Info    : 0.70 < quality < 0.80 :      1105 elements
Info    : 0.80 < quality < 0.90 :      1504 elements
Info    : 0.90 < quality < 1.00 :       690 elements
Info    : Optimizing volume 10011
Info    : Optimization starts (volume = 1.056e-05) with worst = 0.014267 / average = 0.769307:
Info    : 0.00 < quality < 0.10 :        21 elements
Info    : 0.10 < quality < 0.20 :        36 elements
Info    : 0.20 < quality < 0.30 :        70 elements
Info    : 0.30 < quality < 0.40 :        94 elements
Info    : 0.40 < quality < 0.50 :       170 elements
Info    : 0.50 < quality < 0.60 :       304 elements
Info    : 0.60 < quality < 0.70 :       885 elements
Info    : 0.70 < quality < 0.80 :      1566 elements
Info    : 0.80 < quality < 0.90 :      2217 elements
Info    : 0.90 < quality < 1.00 :      1033 elements
Info    : 126 edge swaps, 3 node relocations (volume = 1.056e-05): worst = 0.233334 / average = 0.781509 (Wall 0.00144292s, CPU 0.00144s)
Info    : 128 edge swaps, 3 node relocations (volume = 1.056e-05): worst = 0.233334 / average = 0.781708 (Wall 0.00175638s, CPU 0.001754s)
Info    : No ill-shaped tets in the mesh :-)
Info    : 0.00 < quality < 0.10 :         0 elements
Info    : 0.10 < quality < 0.20 :         0 elements
Info    : 0.20 < quality < 0.30 :         1 elements
Info    : 0.30 < quality < 0.40 :        92 elements
Info    : 0.40 < quality < 0.50 :       164 elements
Info    : 0.50 < quality < 0.60 :       304 elements
Info    : 0.60 < quality < 0.70 :       866 elements
Info    : 0.70 < quality < 0.80 :      1580 elements
Info    : 0.80 < quality < 0.90 :      2243 elements
Info    : 0.90 < quality < 1.00 :      1033 elements
Info    : Optimizing volume 10012
Info    : Optimization starts (volume = 1.056e-05) with worst = 0.013782 / average = 0.771038:
Info    : 0.00 < quality < 0.10 :        17 elements
Info    : 0.10 < quality < 0.20 :        54 elements
Info    : 0.20 < quality < 0.30 :        71 elements
Info    : 0.30 < quality < 0.40 :        92 elements
Info    : 0.40 < quality < 0.50 :       167 elements
Info    : 0.50 < quality < 0.60 :       308 elements
Info    : 0.60 < quality < 0.70 :       841 elements
Info    : 0.70 < quality < 0.80 :      1678 elements
Info    : 0.80 < quality < 0.90 :      2209 elements
Info    : 0.90 < quality < 1.00 :      1130 elements
Info    : 140 edge swaps, 3 node relocations (volume = 1.056e-05): worst = 0.262063 / average = 0.784665 (Wall 0.00151569s, CPU 0.001513s)
Info    : 141 edge swaps, 3 node relocations (volume = 1.056e-05): worst = 0.262063 / average = 0.784778 (Wall 0.00184493s, CPU 0.001842s)
Info    : No ill-shaped tets in the mesh :-)
Info    : 0.00 < quality < 0.10 :         0 elements
Info    : 0.10 < quality < 0.20 :         0 elements
Info    : 0.20 < quality < 0.30 :         2 elements
Info    : 0.30 < quality < 0.40 :        90 elements
Info    : 0.40 < quality < 0.50 :       161 elements
Info    : 0.50 < quality < 0.60 :       314 elements
Info    : 0.60 < quality < 0.70 :       823 elements
Info    : 0.70 < quality < 0.80 :      1667 elements
Info    : 0.80 < quality < 0.90 :      2252 elements
Info    : 0.90 < quality < 1.00 :      1131 elements
Info    : Optimizing volume 10013
Info    : Optimization starts (volume = 6.6e-06) with worst = 0.00443651 / average = 0.77062:
Info    : 0.00 < quality < 0.10 :        19 elements
Info    : 0.10 < quality < 0.20 :        29 elements
Info    : 0.20 < quality < 0.30 :        35 elements
Info    : 0.30 < quality < 0.40 :        65 elements
Info    : 0.40 < quality < 0.50 :       102 elements
Info    : 0.50 < quality < 0.60 :       175 elements
Info    : 0.60 < quality < 0.70 :       578 elements
Info    : 0.70 < quality < 0.80 :      1155 elements
Info    : 0.80 < quality < 0.90 :      1460 elements
Info    : 0.90 < quality < 1.00 :       654 elements
Info    : 83 edge swaps, 0 node relocations (volume = 6.6e-06): worst = 0.30128 / average = 0.783512 (Wall 0.000880334s, CPU 0.000879s)
Info    : No ill-shaped tets in the mesh :-)
Info    : 0.00 < quality < 0.10 :         0 elements
Info    : 0.10 < quality < 0.20 :         0 elements
Info    : 0.20 < quality < 0.30 :         0 elements
Info    : 0.30 < quality < 0.40 :        64 elements
Info    : 0.40 < quality < 0.50 :        98 elements
Info    : 0.50 < quality < 0.60 :       170 elements
Info    : 0.60 < quality < 0.70 :       574 elements
Info    : 0.70 < quality < 0.80 :      1149 elements
Info    : 0.80 < quality < 0.90 :      1485 elements
Info    : 0.90 < quality < 1.00 :       653 elements
Info    : Optimizing volume 10014
Info    : Optimization starts (volume = 6.6e-06) with worst = 0.0210669 / average = 0.770417:
Info    : 0.00 < quality < 0.10 :        13 elements
Info    : 0.10 < quality < 0.20 :        29 elements
Info    : 0.20 < quality < 0.30 :        47 elements
Info    : 0.30 < quality < 0.40 :        59 elements
Info    : 0.40 < quality < 0.50 :        90 elements
Info    : 0.50 < quality < 0.60 :       177 elements
Info    : 0.60 < quality < 0.70 :       588 elements
Info    : 0.70 < quality < 0.80 :      1123 elements
Info    : 0.80 < quality < 0.90 :      1451 elements
Info    : 0.90 < quality < 1.00 :       658 elements
Info    : 88 edge swaps, 3 node relocations (volume = 6.6e-06): worst = 0.304658 / average = 0.782972 (Wall 0.00085187s, CPU 0.00085s)
Info    : No ill-shaped tets in the mesh :-)
Info    : 0.00 < quality < 0.10 :         0 elements
Info    : 0.10 < quality < 0.20 :         0 elements
Info    : 0.20 < quality < 0.30 :         0 elements
Info    : 0.30 < quality < 0.40 :        59 elements
Info    : 0.40 < quality < 0.50 :        88 elements
Info    : 0.50 < quality < 0.60 :       181 elements
Info    : 0.60 < quality < 0.70 :       580 elements
Info    : 0.70 < quality < 0.80 :      1129 elements
Info    : 0.80 < quality < 0.90 :      1471 elements
Info    : 0.90 < quality < 1.00 :       651 elements
Info    : Optimizing volume 10015
Info    : Optimization starts (volume = 1.056e-05) with worst = 0.0111046 / average = 0.765408:
Info    : 0.00 < quality < 0.10 :        20 elements
Info    : 0.10 < quality < 0.20 :        45 elements
Info    : 0.20 < quality < 0.30 :        76 elements
Info    : 0.30 < quality < 0.40 :       131 elements
Info    : 0.40 < quality < 0.50 :       171 elements
Info    : 0.50 < quality < 0.60 :       336 elements
Info    : 0.60 < quality < 0.70 :       870 elements
Info    : 0.70 < quality < 0.80 :      1604 elements
Info    : 0.80 < quality < 0.90 :      2219 elements
Info    : 0.90 < quality < 1.00 :      1055 elements
Info    : 139 edge swaps, 14 node relocations (volume = 1.056e-05): worst = 0.257839 / average = 0.777911 (Wall 0.00132026s, CPU 0.001318s)
Info    : 141 edge swaps, 15 node relocations (volume = 1.056e-05): worst = 0.299416 / average = 0.777976 (Wall 0.00162981s, CPU 0.001626s)
Info    : No ill-shaped tets in the mesh :-)
Info    : 0.00 < quality < 0.10 :         0 elements
Info    : 0.10 < quality < 0.20 :         0 elements
Info    : 0.20 < quality < 0.30 :         1 elements
Info    : 0.30 < quality < 0.40 :       136 elements
Info    : 0.40 < quality < 0.50 :       169 elements
Info    : 0.50 < quality < 0.60 :       332 elements
Info    : 0.60 < quality < 0.70 :       867 elements
Info    : 0.70 < quality < 0.80 :      1608 elements
Info    : 0.80 < quality < 0.90 :      2234 elements
Info    : 0.90 < quality < 1.00 :      1063 elements
Info    : Optimizing volume 10016
Info    : Optimization starts (volume = 1.056e-05) with worst = 0.0293175 / average = 0.76974:
Info    : 0.00 < quality < 0.10 :        19 elements
Info    : 0.10 < quality < 0.20 :        43 elements
Info    : 0.20 < quality < 0.30 :        72 elements
Info    : 0.30 < quality < 0.40 :        94 elements
Info    : 0.40 < quality < 0.50 :       176 elements
Info    : 0.50 < quality < 0.60 :       328 elements
Info    : 0.60 < quality < 0.70 :       855 elements
Info    : 0.70 < quality < 0.80 :      1625 elements
Info    : 0.80 < quality < 0.90 :      2165 elements
Info    : 0.90 < quality < 1.00 :      1126 elements
Info    : 134 edge swaps, 6 node relocations (volume = 1.056e-05): worst = 0.230928 / average = 0.782321 (Wall 0.00165195s, CPU 0.001648s)
Info    : 137 edge swaps, 7 node relocations (volume = 1.056e-05): worst = 0.243526 / average = 0.782647 (Wall 0.00203205s, CPU 0.002028s)
Info    : 138 edge swaps, 7 node relocations (volume = 1.056e-05): worst = 0.301555 / average = 0.782769 (Wall 0.00237167s, CPU 0.002367s)
Info    : No ill-shaped tets in the mesh :-)
Info    : 0.00 < quality < 0.10 :         0 elements
Info    : 0.10 < quality < 0.20 :         0 elements
Info    : 0.20 < quality < 0.30 :         0 elements
Info    : 0.30 < quality < 0.40 :        98 elements
Info    : 0.40 < quality < 0.50 :       167 elements
Info    : 0.50 < quality < 0.60 :       335 elements
Info    : 0.60 < quality < 0.70 :       840 elements
Info    : 0.70 < quality < 0.80 :      1616 elements
Info    : 0.80 < quality < 0.90 :      2189 elements
Info    : 0.90 < quality < 1.00 :      1137 elements
Info    : Optimizing volume 10017
Info    : Optimization starts (volume = 6.6e-06) with worst = 0.0284099 / average = 0.77187:
Info    : 0.00 < quality < 0.10 :        12 elements
Info    : 0.10 < quality < 0.20 :        30 elements
Info    : 0.20 < quality < 0.30 :        34 elements
Info    : 0.30 < quality < 0.40 :        74 elements
Info    : 0.40 < quality < 0.50 :        99 elements
Info    : 0.50 < quality < 0.60 :       159 elements
Info    : 0.60 < quality < 0.70 :       577 elements
Info    : 0.70 < quality < 0.80 :      1179 elements
Info    : 0.80 < quality < 0.90 :      1453 elements
Info    : 0.90 < quality < 1.00 :       661 elements
Info    : 74 edge swaps, 4 node relocations (volume = 6.6e-06): worst = 0.20973 / average = 0.782974 (Wall 0.000815561s, CPU 0.000815s)
Info    : 76 edge swaps, 4 node relocations (volume = 6.6e-06): worst = 0.241387 / average = 0.783262 (Wall 0.00102208s, CPU 0.001021s)
Info    : No ill-shaped tets in the mesh :-)
Info    : 0.00 < quality < 0.10 :         0 elements
Info    : 0.10 < quality < 0.20 :         0 elements
Info    : 0.20 < quality < 0.30 :         1 elements
Info    : 0.30 < quality < 0.40 :        71 elements
Info    : 0.40 < quality < 0.50 :        96 elements
Info    : 0.50 < quality < 0.60 :       164 elements
Info    : 0.60 < quality < 0.70 :       574 elements
Info    : 0.70 < quality < 0.80 :      1172 elements
Info    : 0.80 < quality < 0.90 :      1466 elements
Info    : 0.90 < quality < 1.00 :       666 elements
Info    : Optimizing volume 10018
Info    : Optimization starts (volume = 6.6e-06) with worst = 0.0161091 / average = 0.763387:
Info    : 0.00 < quality < 0.10 :        15 elements
Info    : 0.10 < quality < 0.20 :        37 elements
Info    : 0.20 < quality < 0.30 :        52 elements
Info    : 0.30 < quality < 0.40 :        83 elements
Info    : 0.40 < quality < 0.50 :        94 elements
Info    : 0.50 < quality < 0.60 :       210 elements
Info    : 0.60 < quality < 0.70 :       626 elements
Info    : 0.70 < quality < 0.80 :      1130 elements
Info    : 0.80 < quality < 0.90 :      1426 elements
Info    : 0.90 < quality < 1.00 :       672 elements
Info    : 104 edge swaps, 7 node relocations (volume = 6.6e-06): worst = 0.244967 / average = 0.779302 (Wall 0.0009507s, CPU 0.00095s)
Info    : 106 edge swaps, 7 node relocations (volume = 6.6e-06): worst = 0.300253 / average = 0.779618 (Wall 0.00116472s, CPU 0.001164s)
Info    : No ill-shaped tets in the mesh :-)
Info    : 0.00 < quality < 0.10 :         0 elements
Info    : 0.10 < quality < 0.20 :         0 elements
Info    : 0.20 < quality < 0.30 :         0 elements
Info    : 0.30 < quality < 0.40 :        81 elements
Info    : 0.40 < quality < 0.50 :        76 elements
Info    : 0.50 < quality < 0.60 :       206 elements
Info    : 0.60 < quality < 0.70 :       631 elements
Info    : 0.70 < quality < 0.80 :      1134 elements
Info    : 0.80 < quality < 0.90 :      1437 elements
Info    : 0.90 < quality < 1.00 :       683 elements
Info    : Optimizing volume 10019
Info    : Optimization starts (volume = 1.056e-05) with worst = 0.00841689 / average = 0.768073:
Info    : 0.00 < quality < 0.10 :        19 elements
Info    : 0.10 < quality < 0.20 :        34 elements
Info    : 0.20 < quality < 0.30 :        77 elements
Info    : 0.30 < quality < 0.40 :       104 elements
Info    : 0.40 < quality < 0.50 :       167 elements
Info    : 0.50 < quality < 0.60 :       300 elements
Info    : 0.60 < quality < 0.70 :       885 elements
Info    : 0.70 < quality < 0.80 :      1631 elements
Info    : 0.80 < quality < 0.90 :      2235 elements
Info    : 0.90 < quality < 1.00 :      1010 elements
Info    : 130 edge swaps, 1 node relocations (volume = 1.056e-05): worst = 0.280427 / average = 0.780648 (Wall 0.00129365s, CPU 0.001291s)
Info    : No ill-shaped tets in the mesh :-)
Info    : 0.00 < quality < 0.10 :         0 elements
Info    : 0.10 < quality < 0.20 :         0 elements
Info    : 0.20 < quality < 0.30 :         1 elements
Info    : 0.30 < quality < 0.40 :       100 elements
Info    : 0.40 < quality < 0.50 :       165 elements
Info    : 0.50 < quality < 0.60 :       306 elements
Info    : 0.60 < quality < 0.70 :       863 elements
Info    : 0.70 < quality < 0.80 :      1641 elements
Info    : 0.80 < quality < 0.90 :      2252 elements
Info    : 0.90 < quality < 1.00 :      1016 elements
Info    : Optimizing volume 10020
Info    : Optimization starts (volume = 1.056e-05) with worst = 0.0143799 / average = 0.770703:
Info    : 0.00 < quality < 0.10 :        17 elements
Info    : 0.10 < quality < 0.20 :        30 elements
Info    : 0.20 < quality < 0.30 :        72 elements
Info    : 0.30 < quality < 0.40 :        89 elements
Info    : 0.40 < quality < 0.50 :       190 elements
Info    : 0.50 < quality < 0.60 :       276 elements
Info    : 0.60 < quality < 0.70 :       902 elements
Info    : 0.70 < quality < 0.80 :      1643 elements
Info    : 0.80 < quality < 0.90 :      2198 elements
Info    : 0.90 < quality < 1.00 :      1051 elements
Info    : 118 edge swaps, 2 node relocations (volume = 1.056e-05): worst = 0.276797 / average = 0.780896 (Wall 0.00129138s, CPU 0.00129s)
Info    : 119 edge swaps, 2 node relocations (volume = 1.056e-05): worst = 0.303644 / average = 0.78102 (Wall 0.001574s, CPU 0.001571s)
Info    : No ill-shaped tets in the mesh :-)
Info    : 0.00 < quality < 0.10 :         0 elements
Info    : 0.10 < quality < 0.20 :         0 elements
Info    : 0.20 < quality < 0.30 :         0 elements
Info    : 0.30 < quality < 0.40 :        90 elements
Info    : 0.40 < quality < 0.50 :       192 elements
Info    : 0.50 < quality < 0.60 :       275 elements
Info    : 0.60 < quality < 0.70 :       909 elements
Info    : 0.70 < quality < 0.80 :      1648 elements
Info    : 0.80 < quality < 0.90 :      2206 elements
Info    : 0.90 < quality < 1.00 :      1051 elements
Info    : Optimizing volume 10021
Info    : Optimization starts (volume = 6.6e-06) with worst = 0.0195895 / average = 0.771214:
Info    : 0.00 < quality < 0.10 :        12 elements
Info    : 0.10 < quality < 0.20 :        31 elements
Info    : 0.20 < quality < 0.30 :        43 elements
Info    : 0.30 < quality < 0.40 :        59 elements
Info    : 0.40 < quality < 0.50 :       104 elements
Info    : 0.50 < quality < 0.60 :       184 elements
Info    : 0.60 < quality < 0.70 :       559 elements
Info    : 0.70 < quality < 0.80 :      1129 elements
Info    : 0.80 < quality < 0.90 :      1447 elements
Info    : 0.90 < quality < 1.00 :       689 elements
Info    : 85 edge swaps, 5 node relocations (volume = 6.6e-06): worst = 0.301103 / average = 0.784726 (Wall 0.000780464s, CPU 0.000778s)
Info    : No ill-shaped tets in the mesh :-)
Info    : 0.00 < quality < 0.10 :         0 elements
Info    : 0.10 < quality < 0.20 :         0 elements
Info    : 0.20 < quality < 0.30 :         0 elements
Info    : 0.30 < quality < 0.40 :        57 elements
Info    : 0.40 < quality < 0.50 :        99 elements
Info    : 0.50 < quality < 0.60 :       177 elements
Info    : 0.60 < quality < 0.70 :       569 elements
Info    : 0.70 < quality < 0.80 :      1106 elements
Info    : 0.80 < quality < 0.90 :      1477 elements
Info    : 0.90 < quality < 1.00 :       693 elements
Info    : Optimizing volume 10022
Info    : Optimization starts (volume = 6.6e-06) with worst = 0.0308135 / average = 0.766609:
Info    : 0.00 < quality < 0.10 :         9 elements
Info    : 0.10 < quality < 0.20 :        31 elements
Info    : 0.20 < quality < 0.30 :        57 elements
Info    : 0.30 < quality < 0.40 :        59 elements
Info    : 0.40 < quality < 0.50 :       127 elements
Info    : 0.50 < quality < 0.60 :       164 elements
Info    : 0.60 < quality < 0.70 :       628 elements
Info    : 0.70 < quality < 0.80 :      1139 elements
Info    : 0.80 < quality < 0.90 :      1450 elements
Info    : 0.90 < quality < 1.00 :       656 elements
Info    : 96 edge swaps, 4 node relocations (volume = 6.6e-06): worst = 0.300763 / average = 0.781447 (Wall 0.000854967s, CPU 0.000853s)
Info    : No ill-shaped tets in the mesh :-)
Info    : 0.00 < quality < 0.10 :         0 elements
Info    : 0.10 < quality < 0.20 :         0 elements
Info    : 0.20 < quality < 0.30 :         0 elements
Info    : 0.30 < quality < 0.40 :        53 elements
Info    : 0.40 < quality < 0.50 :       121 elements
Info    : 0.50 < quality < 0.60 :       165 elements
Info    : 0.60 < quality < 0.70 :       615 elements
Info    : 0.70 < quality < 0.80 :      1144 elements
Info    : 0.80 < quality < 0.90 :      1473 elements
Info    : 0.90 < quality < 1.00 :       658 elements
Info    : Optimizing volume 10023
Info    : Optimization starts (volume = 1.056e-05) with worst = 0.0276614 / average = 0.768238:
Info    : 0.00 < quality < 0.10 :        18 elements
Info    : 0.10 < quality < 0.20 :        54 elements
Info    : 0.20 < quality < 0.30 :        70 elements
Info    : 0.30 < quality < 0.40 :       100 elements
Info    : 0.40 < quality < 0.50 :       165 elements
Info    : 0.50 < quality < 0.60 :       298 elements
Info    : 0.60 < quality < 0.70 :       860 elements
Info    : 0.70 < quality < 0.80 :      1673 elements
Info    : 0.80 < quality < 0.90 :      2142 elements
Info    : 0.90 < quality < 1.00 :      1060 elements
Info    : 141 edge swaps, 2 node relocations (volume = 1.056e-05): worst = 0.224829 / average = 0.781337 (Wall 0.00144975s, CPU 0.001447s)
Info    : 142 edge swaps, 2 node relocations (volume = 1.056e-05): worst = 0.302204 / average = 0.781305 (Wall 0.00173841s, CPU 0.001736s)
Info    : No ill-shaped tets in the mesh :-)
Info    : 0.00 < quality < 0.10 :         0 elements
Info    : 0.10 < quality < 0.20 :         0 elements
Info    : 0.20 < quality < 0.30 :         0 elements
Info    : 0.30 < quality < 0.40 :       106 elements
Info    : 0.40 < quality < 0.50 :       155 elements
Info    : 0.50 < quality < 0.60 :       297 elements
Info    : 0.60 < quality < 0.70 :       858 elements
Info    : 0.70 < quality < 0.80 :      1678 elements
Info    : 0.80 < quality < 0.90 :      2173 elements
Info    : 0.90 < quality < 1.00 :      1053 elements
Info    : Optimizing volume 10024
Info    : Optimization starts (volume = 1.056e-05) with worst = 0.0243368 / average = 0.774981:
Info    : 0.00 < quality < 0.10 :        18 elements
Info    : 0.10 < quality < 0.20 :        41 elements
Info    : 0.20 < quality < 0.30 :        64 elements
Info    : 0.30 < quality < 0.40 :       119 elements
Info    : 0.40 < quality < 0.50 :       147 elements
Info    : 0.50 < quality < 0.60 :       276 elements
Info    : 0.60 < quality < 0.70 :       838 elements
Info    : 0.70 < quality < 0.80 :      1605 elements
Info    : 0.80 < quality < 0.90 :      2174 elements
Info    : 0.90 < quality < 1.00 :      1187 elements
Info    : 122 edge swaps, 0 node relocations (volume = 1.056e-05): worst = 0.300027 / average = 0.787529 (Wall 0.00116201s, CPU 0.001161s)
Info    : No ill-shaped tets in the mesh :-)
Info    : 0.00 < quality < 0.10 :         0 elements
Info    : 0.10 < quality < 0.20 :         0 elements
Info    : 0.20 < quality < 0.30 :         0 elements
Info    : 0.30 < quality < 0.40 :       113 elements
Info    : 0.40 < quality < 0.50 :       140 elements
Info    : 0.50 < quality < 0.60 :       270 elements
Info    : 0.60 < quality < 0.70 :       829 elements
Info    : 0.70 < quality < 0.80 :      1623 elements
Info    : 0.80 < quality < 0.90 :      2196 elements
Info    : 0.90 < quality < 1.00 :      1183 elements
Info    : Optimizing volume 10025
Info    : Optimization starts (volume = 6.6e-06) with worst = 0.0415952 / average = 0.766242:
Info    : 0.00 < quality < 0.10 :        13 elements
Info    : 0.10 < quality < 0.20 :        33 elements
Info    : 0.20 < quality < 0.30 :        52 elements
Info    : 0.30 < quality < 0.40 :        68 elements
Info    : 0.40 < quality < 0.50 :       104 elements
Info    : 0.50 < quality < 0.60 :       177 elements
Info    : 0.60 < quality < 0.70 :       595 elements
Info    : 0.70 < quality < 0.80 :      1123 elements
Info    : 0.80 < quality < 0.90 :      1390 elements
Info    : 0.90 < quality < 1.00 :       679 elements
Info    : 97 edge swaps, 2 node relocations (volume = 6.6e-06): worst = 0.300377 / average = 0.781314 (Wall 0.000876738s, CPU 0.000875s)
Info    : No ill-shaped tets in the mesh :-)
Info    : 0.00 < quality < 0.10 :         0 elements
Info    : 0.10 < quality < 0.20 :         0 elements
Info    : 0.20 < quality < 0.30 :         0 elements
Info    : 0.30 < quality < 0.40 :        71 elements
Info    : 0.40 < quality < 0.50 :        93 elements
Info    : 0.50 < quality < 0.60 :       167 elements
Info    : 0.60 < quality < 0.70 :       601 elements
Info    : 0.70 < quality < 0.80 :      1117 elements
Info    : 0.80 < quality < 0.90 :      1410 elements
Info    : 0.90 < quality < 1.00 :       683 elements
Info    : Optimizing volume 10026
Info    : Optimization starts (volume = 6.6e-06) with worst = 0.0304057 / average = 0.772714:
Info    : 0.00 < quality < 0.10 :         7 elements
Info    : 0.10 < quality < 0.20 :        29 elements
Info    : 0.20 < quality < 0.30 :        43 elements
Info    : 0.30 < quality < 0.40 :        55 elements
Info    : 0.40 < quality < 0.50 :       110 elements
Info    : 0.50 < quality < 0.60 :       193 elements
Info    : 0.60 < quality < 0.70 :       583 elements
Info    : 0.70 < quality < 0.80 :      1134 elements
Info    : 0.80 < quality < 0.90 :      1498 elements
Info    : 0.90 < quality < 1.00 :       704 elements
Info    : 79 edge swaps, 4 node relocations (volume = 6.6e-06): worst = 0.26559 / average = 0.784493 (Wall 0.000843334s, CPU 0.000842s)
Info    : 81 edge swaps, 4 node relocations (volume = 6.6e-06): worst = 0.300823 / average = 0.784611 (Wall 0.00103398s, CPU 0.001033s)
Info    : No ill-shaped tets in the mesh :-)
Info    : 0.00 < quality < 0.10 :         0 elements
Info    : 0.10 < quality < 0.20 :         0 elements
Info    : 0.20 < quality < 0.30 :         0 elements
Info    : 0.30 < quality < 0.40 :        56 elements
Info    : 0.40 < quality < 0.50 :        97 elements
Info    : 0.50 < quality < 0.60 :       188 elements
Info    : 0.60 < quality < 0.70 :       577 elements
Info    : 0.70 < quality < 0.80 :      1152 elements
Info    : 0.80 < quality < 0.90 :      1505 elements
Info    : 0.90 < quality < 1.00 :       709 elements
Info    : Optimizing volume 10027
Info    : Optimization starts (volume = 1.056e-05) with worst = 0.0137983 / average = 0.767683:
Info    : 0.00 < quality < 0.10 :        13 elements
Info    : 0.10 < quality < 0.20 :        48 elements
Info    : 0.20 < quality < 0.30 :        79 elements
Info    : 0.30 < quality < 0.40 :       132 elements
Info    : 0.40 < quality < 0.50 :       168 elements
Info    : 0.50 < quality < 0.60 :       313 elements
Info    : 0.60 < quality < 0.70 :       876 elements
Info    : 0.70 < quality < 0.80 :      1552 elements
Info    : 0.80 < quality < 0.90 :      2254 elements
Info    : 0.90 < quality < 1.00 :      1099 elements
Info    : 138 edge swaps, 5 node relocations (volume = 1.056e-05): worst = 0.245423 / average = 0.781161 (Wall 0.00131171s, CPU 0.001309s)
Info    : 139 edge swaps, 6 node relocations (volume = 1.056e-05): worst = 0.252026 / average = 0.78125 (Wall 0.00160651s, CPU 0.001604s)
Info    : 140 edge swaps, 6 node relocations (volume = 1.056e-05): worst = 0.300522 / average = 0.781336 (Wall 0.00188276s, CPU 0.00188s)
Info    : No ill-shaped tets in the mesh :-)
Info    : 0.00 < quality < 0.10 :         0 elements
Info    : 0.10 < quality < 0.20 :         0 elements
Info    : 0.20 < quality < 0.30 :         0 elements
Info    : 0.30 < quality < 0.40 :       130 elements
Info    : 0.40 < quality < 0.50 :       160 elements
Info    : 0.50 < quality < 0.60 :       314 elements
Info    : 0.60 < quality < 0.70 :       866 elements
Info    : 0.70 < quality < 0.80 :      1557 elements
Info    : 0.80 < quality < 0.90 :      2287 elements
Info    : 0.90 < quality < 1.00 :      1095 elements
Info    : Optimizing volume 10028
Info    : Optimization starts (volume = 1.056e-05) with worst = 0.0077444 / average = 0.765303:
Info    : 0.00 < quality < 0.10 :        19 elements
Info    : 0.10 < quality < 0.20 :        53 elements
Info    : 0.20 < quality < 0.30 :        71 elements
Info    : 0.30 < quality < 0.40 :       119 elements
Info    : 0.40 < quality < 0.50 :       167 elements
Info    : 0.50 < quality < 0.60 :       317 elements
Info    : 0.60 < quality < 0.70 :       923 elements
Info    : 0.70 < quality < 0.80 :      1540 elements
Info    : 0.80 < quality < 0.90 :      2246 elements
Info    : 0.90 < quality < 1.00 :      1025 elements
Info    : 142 edge swaps, 8 node relocations (volume = 1.056e-05): worst = 0.195065 / average = 0.778889 (Wall 0.00136481s, CPU 0.001363s)
Info    : 144 edge swaps, 9 node relocations (volume = 1.056e-05): worst = 0.278921 / average = 0.779039 (Wall 0.00166817s, CPU 0.001665s)
Info    : 145 edge swaps, 9 node relocations (volume = 1.056e-05): worst = 0.30021 / average = 0.779166 (Wall 0.00194443s, CPU 0.001941s)
Info    : No ill-shaped tets in the mesh :-)
Info    : 0.00 < quality < 0.10 :         0 elements
Info    : 0.10 < quality < 0.20 :         0 elements
Info    : 0.20 < quality < 0.30 :         0 elements
Info    : 0.30 < quality < 0.40 :       119 elements
Info    : 0.40 < quality < 0.50 :       162 elements
Info    : 0.50 < quality < 0.60 :       311 elements
Info    : 0.60 < quality < 0.70 :       912 elements
Info    : 0.70 < quality < 0.80 :      1545 elements
Info    : 0.80 < quality < 0.90 :      2285 elements
Info    : 0.90 < quality < 1.00 :      1020 elements
Info    : Optimizing volume 10029
Info    : Optimization starts (volume = 6.6e-06) with worst = 0.0276553 / average = 0.771254:
Info    : 0.00 < quality < 0.10 :         5 elements
Info    : 0.10 < quality < 0.20 :        31 elements
Info    : 0.20 < quality < 0.30 :        45 elements
Info    : 0.30 < quality < 0.40 :        64 elements
Info    : 0.40 < quality < 0.50 :       109 elements
Info    : 0.50 < quality < 0.60 :       183 elements
Info    : 0.60 < quality < 0.70 :       602 elements
Info    : 0.70 < quality < 0.80 :      1056 elements
Info    : 0.80 < quality < 0.90 :      1456 elements
Info    : 0.90 < quality < 1.00 :       701 elements
Info    : 80 edge swaps, 6 node relocations (volume = 6.6e-06): worst = 0.200989 / average = 0.782334 (Wall 0.000776326s, CPU 0.000775s)
Info    : 81 edge swaps, 6 node relocations (volume = 6.6e-06): worst = 0.302184 / average = 0.782513 (Wall 0.000976219s, CPU 0.000975s)
Info    : No ill-shaped tets in the mesh :-)
Info    : 0.00 < quality < 0.10 :         0 elements
Info    : 0.10 < quality < 0.20 :         0 elements
Info    : 0.20 < quality < 0.30 :         0 elements
Info    : 0.30 < quality < 0.40 :        65 elements
Info    : 0.40 < quality < 0.50 :       108 elements
Info    : 0.50 < quality < 0.60 :       198 elements
Info    : 0.60 < quality < 0.70 :       583 elements
Info    : 0.70 < quality < 0.80 :      1050 elements
Info    : 0.80 < quality < 0.90 :      1475 elements
Info    : 0.90 < quality < 1.00 :       704 elements
Info    : Optimizing volume 10030
Info    : Optimization starts (volume = 6.6e-06) with worst = 0.0261771 / average = 0.768115:
Info    : 0.00 < quality < 0.10 :        11 elements
Info    : 0.10 < quality < 0.20 :        28 elements
Info    : 0.20 < quality < 0.30 :        32 elements
Info    : 0.30 < quality < 0.40 :        73 elements
Info    : 0.40 < quality < 0.50 :       103 elements
Info    : 0.50 < quality < 0.60 :       182 elements
Info    : 0.60 < quality < 0.70 :       623 elements
Info    : 0.70 < quality < 0.80 :      1133 elements
Info    : 0.80 < quality < 0.90 :      1417 elements
Info    : 0.90 < quality < 1.00 :       660 elements
Info    : 70 edge swaps, 3 node relocations (volume = 6.6e-06): worst = 0.106375 / average = 0.778775 (Wall 0.000750476s, CPU 0.000749s)
Info    : 71 edge swaps, 3 node relocations (volume = 6.6e-06): worst = 0.300167 / average = 0.778922 (Wall 0.000929789s, CPU 0.000929s)
Info    : No ill-shaped tets in the mesh :-)
Info    : 0.00 < quality < 0.10 :         0 elements
Info    : 0.10 < quality < 0.20 :         0 elements
Info    : 0.20 < quality < 0.30 :         0 elements
Info    : 0.30 < quality < 0.40 :        70 elements
Info    : 0.40 < quality < 0.50 :        93 elements
Info    : 0.50 < quality < 0.60 :       178 elements
Info    : 0.60 < quality < 0.70 :       643 elements
Info    : 0.70 < quality < 0.80 :      1123 elements
Info    : 0.80 < quality < 0.90 :      1427 elements
Info    : 0.90 < quality < 1.00 :       664 elements
Info    : Optimizing volume 10031
Info    : Optimization starts (volume = 1.056e-05) with worst = 0.0252489 / average = 0.763178:
Info    : 0.00 < quality < 0.10 :        17 elements
Info    : 0.10 < quality < 0.20 :        47 elements
Info    : 0.20 < quality < 0.30 :        79 elements
Info    : 0.30 < quality < 0.40 :       109 elements
Info    : 0.40 < quality < 0.50 :       190 elements
Info    : 0.50 < quality < 0.60 :       350 elements
Info    : 0.60 < quality < 0.70 :       916 elements
Info    : 0.70 < quality < 0.80 :      1636 elements
Info    : 0.80 < quality < 0.90 :      2175 elements
Info    : 0.90 < quality < 1.00 :      1018 elements
Info    : 140 edge swaps, 2 node relocations (volume = 1.056e-05): worst = 0.248427 / average = 0.776913 (Wall 0.00133104s, CPU 0.00133s)
Info    : 141 edge swaps, 2 node relocations (volume = 1.056e-05): worst = 0.300194 / average = 0.777027 (Wall 0.00162046s, CPU 0.001619s)
Info    : No ill-shaped tets in the mesh :-)
Info    : 0.00 < quality < 0.10 :         0 elements
Info    : 0.10 < quality < 0.20 :         0 elements
Info    : 0.20 < quality < 0.30 :         0 elements
Info    : 0.30 < quality < 0.40 :       107 elements
Info    : 0.40 < quality < 0.50 :       190 elements
Info    : 0.50 < quality < 0.60 :       337 elements
Info    : 0.60 < quality < 0.70 :       916 elements
Info    : 0.70 < quality < 0.80 :      1631 elements
Info    : 0.80 < quality < 0.90 :      2205 elements
Info    : 0.90 < quality < 1.00 :      1022 elements
Info    : Optimizing volume 10032
Info    : Optimization starts (volume = 1.056e-05) with worst = 0.00748318 / average = 0.769384:
Info    : 0.00 < quality < 0.10 :        14 elements
Info    : 0.10 < quality < 0.20 :        39 elements
Info    : 0.20 < quality < 0.30 :        69 elements
Info    : 0.30 < quality < 0.40 :       112 elements
Info    : 0.40 < quality < 0.50 :       162 elements
Info    : 0.50 < quality < 0.60 :       298 elements
Info    : 0.60 < quality < 0.70 :       907 elements
Info    : 0.70 < quality < 0.80 :      1621 elements
Info    : 0.80 < quality < 0.90 :      2239 elements
Info    : 0.90 < quality < 1.00 :      1036 elements
Info    : 122 edge swaps, 4 node relocations (volume = 1.056e-05): worst = 0.282375 / average = 0.780392 (Wall 0.00135503s, CPU 0.001354s)
Info    : 123 edge swaps, 4 node relocations (volume = 1.056e-05): worst = 0.282375 / average = 0.78039 (Wall 0.00166054s, CPU 0.001658s)
Info    : No ill-shaped tets in the mesh :-)
Info    : 0.00 < quality < 0.10 :         0 elements
Info    : 0.10 < quality < 0.20 :         0 elements
Info    : 0.20 < quality < 0.30 :         1 elements
Info    : 0.30 < quality < 0.40 :       115 elements
Info    : 0.40 < quality < 0.50 :       167 elements
Info    : 0.50 < quality < 0.60 :       299 elements
Info    : 0.60 < quality < 0.70 :       873 elements
Info    : 0.70 < quality < 0.80 :      1620 elements
Info    : 0.80 < quality < 0.90 :      2287 elements
Info    : 0.90 < quality < 1.00 :      1028 elements
Info    : Optimizing volume 10033
Info    : Optimization starts (volume = 6.6e-06) with worst = 0.0279428 / average = 0.769541:
Info    : 0.00 < quality < 0.10 :        13 elements
Info    : 0.10 < quality < 0.20 :        32 elements
Info    : 0.20 < quality < 0.30 :        38 elements
Info    : 0.30 < quality < 0.40 :        65 elements
Info    : 0.40 < quality < 0.50 :       107 elements
Info    : 0.50 < quality < 0.60 :       186 elements
Info    : 0.60 < quality < 0.70 :       615 elements
Info    : 0.70 < quality < 0.80 :      1099 elements
Info    : 0.80 < quality < 0.90 :      1439 elements
Info    : 0.90 < quality < 1.00 :       715 elements
Info    : 81 edge swaps, 2 node relocations (volume = 6.6e-06): worst = 0.270552 / average = 0.781349 (Wall 0.000780143s, CPU 0.000779s)
Info    : No ill-shaped tets in the mesh :-)
Info    : 0.00 < quality < 0.10 :         0 elements
Info    : 0.10 < quality < 0.20 :         0 elements
Info    : 0.20 < quality < 0.30 :         1 elements
Info    : 0.30 < quality < 0.40 :        66 elements
Info    : 0.40 < quality < 0.50 :       107 elements
Info    : 0.50 < quality < 0.60 :       193 elements
Info    : 0.60 < quality < 0.70 :       599 elements
Info    : 0.70 < quality < 0.80 :      1097 elements
Info    : 0.80 < quality < 0.90 :      1456 elements
Info    : 0.90 < quality < 1.00 :       718 elements
Info    : Optimizing volume 10034
Info    : Optimization starts (volume = 6.6e-06) with worst = 0.0331668 / average = 0.769962:
Info    : 0.00 < quality < 0.10 :        10 elements
Info    : 0.10 < quality < 0.20 :        37 elements
Info    : 0.20 < quality < 0.30 :        34 elements
Info    : 0.30 < quality < 0.40 :        62 elements
Info    : 0.40 < quality < 0.50 :        93 elements
Info    : 0.50 < quality < 0.60 :       161 elements
Info    : 0.60 < quality < 0.70 :       636 elements
Info    : 0.70 < quality < 0.80 :      1124 elements
Info    : 0.80 < quality < 0.90 :      1413 elements
Info    : 0.90 < quality < 1.00 :       669 elements
Info    : 80 edge swaps, 0 node relocations (volume = 6.6e-06): worst = 0.300646 / average = 0.782209 (Wall 0.00073663s, CPU 0.000737s)
Info    : No ill-shaped tets in the mesh :-)
Info    : 0.00 < quality < 0.10 :         0 elements
Info    : 0.10 < quality < 0.20 :         0 elements
Info    : 0.20 < quality < 0.30 :         0 elements
Info    : 0.30 < quality < 0.40 :        55 elements
Info    : 0.40 < quality < 0.50 :        95 elements
Info    : 0.50 < quality < 0.60 :       164 elements
Info    : 0.60 < quality < 0.70 :       623 elements
Info    : 0.70 < quality < 0.80 :      1134 elements
Info    : 0.80 < quality < 0.90 :      1426 elements
Info    : 0.90 < quality < 1.00 :       668 elements
Info    : Optimizing volume 10035
Info    : Optimization starts (volume = 1.056e-05) with worst = 0.022528 / average = 0.768431:
Info    : 0.00 < quality < 0.10 :        27 elements
Info    : 0.10 < quality < 0.20 :        37 elements
Info    : 0.20 < quality < 0.30 :        58 elements
Info    : 0.30 < quality < 0.40 :       114 elements
Info    : 0.40 < quality < 0.50 :       191 elements
Info    : 0.50 < quality < 0.60 :       303 elements
Info    : 0.60 < quality < 0.70 :       856 elements
Info    : 0.70 < quality < 0.80 :      1548 elements
Info    : 0.80 < quality < 0.90 :      2220 elements
Info    : 0.90 < quality < 1.00 :      1067 elements
Info    : 121 edge swaps, 3 node relocations (volume = 1.056e-05): worst = 0.301065 / average = 0.780364 (Wall 0.0012173s, CPU 0.001216s)
Info    : No ill-shaped tets in the mesh :-)
Info    : 0.00 < quality < 0.10 :         0 elements
Info    : 0.10 < quality < 0.20 :         0 elements
Info    : 0.20 < quality < 0.30 :         0 elements
Info    : 0.30 < quality < 0.40 :       113 elements
Info    : 0.40 < quality < 0.50 :       187 elements
Info    : 0.50 < quality < 0.60 :       303 elements
Info    : 0.60 < quality < 0.70 :       854 elements
Info    : 0.70 < quality < 0.80 :      1555 elements
Info    : 0.80 < quality < 0.90 :      2232 elements
Info    : 0.90 < quality < 1.00 :      1069 elements
Info    : Optimizing volume 10036
Info    : Optimization starts (volume = 1.056e-05) with worst = 0.0185449 / average = 0.766476:
Info    : 0.00 < quality < 0.10 :        19 elements
Info    : 0.10 < quality < 0.20 :        38 elements
Info    : 0.20 < quality < 0.30 :        77 elements
Info    : 0.30 < quality < 0.40 :       112 elements
Info    : 0.40 < quality < 0.50 :       181 elements
Info    : 0.50 < quality < 0.60 :       319 elements
Info    : 0.60 < quality < 0.70 :       891 elements
Info    : 0.70 < quality < 0.80 :      1666 elements
Info    : 0.80 < quality < 0.90 :      2303 elements
Info    : 0.90 < quality < 1.00 :       995 elements
Info    : 133 edge swaps, 6 node relocations (volume = 1.056e-05): worst = 0.297516 / average = 0.778593 (Wall 0.00137772s, CPU 0.001376s)
Info    : 134 edge swaps, 6 node relocations (volume = 1.056e-05): worst = 0.300515 / average = 0.778669 (Wall 0.00167474s, CPU 0.001672s)
Info    : No ill-shaped tets in the mesh :-)
Info    : 0.00 < quality < 0.10 :         0 elements
Info    : 0.10 < quality < 0.20 :         0 elements
Info    : 0.20 < quality < 0.30 :         0 elements
Info    : 0.30 < quality < 0.40 :       113 elements
Info    : 0.40 < quality < 0.50 :       178 elements
Info    : 0.50 < quality < 0.60 :       324 elements
Info    : 0.60 < quality < 0.70 :       867 elements
Info    : 0.70 < quality < 0.80 :      1687 elements
Info    : 0.80 < quality < 0.90 :      2331 elements
Info    : 0.90 < quality < 1.00 :       986 elements
Info    : Optimizing volume 20001
Info    : Optimization starts (volume = 4.864e-06) with worst = 0.0285511 / average = 0.760265:
Info    : 0.00 < quality < 0.10 :        12 elements
Info    : 0.10 < quality < 0.20 :        39 elements
Info    : 0.20 < quality < 0.30 :        34 elements
Info    : 0.30 < quality < 0.40 :        51 elements
Info    : 0.40 < quality < 0.50 :        79 elements
Info    : 0.50 < quality < 0.60 :       168 elements
Info    : 0.60 < quality < 0.70 :       542 elements
Info    : 0.70 < quality < 0.80 :       798 elements
Info    : 0.80 < quality < 0.90 :      1052 elements
Info    : 0.90 < quality < 1.00 :       532 elements
Info    : 84 edge swaps, 1 node relocations (volume = 4.864e-06): worst = 0.288893 / average = 0.776528 (Wall 0.000676796s, CPU 0.000676s)
Info    : 85 edge swaps, 1 node relocations (volume = 4.864e-06): worst = 0.303438 / average = 0.77677 (Wall 0.000807656s, CPU 0.000807s)
Info    : No ill-shaped tets in the mesh :-)
Info    : 0.00 < quality < 0.10 :         0 elements
Info    : 0.10 < quality < 0.20 :         0 elements
Info    : 0.20 < quality < 0.30 :         0 elements
Info    : 0.30 < quality < 0.40 :        51 elements
Info    : 0.40 < quality < 0.50 :        76 elements
Info    : 0.50 < quality < 0.60 :       166 elements
Info    : 0.60 < quality < 0.70 :       531 elements
Info    : 0.70 < quality < 0.80 :       803 elements
Info    : 0.80 < quality < 0.90 :      1068 elements
Info    : 0.90 < quality < 1.00 :       534 elements
Info    : Optimizing volume 20002
Info    : Optimization starts (volume = 4.864e-06) with worst = 0.0210021 / average = 0.765329:
Info    : 0.00 < quality < 0.10 :         9 elements
Info    : 0.10 < quality < 0.20 :        28 elements
Info    : 0.20 < quality < 0.30 :        27 elements
Info    : 0.30 < quality < 0.40 :        57 elements
Info    : 0.40 < quality < 0.50 :        63 elements
Info    : 0.50 < quality < 0.60 :       148 elements
Info    : 0.60 < quality < 0.70 :       521 elements
Info    : 0.70 < quality < 0.80 :       824 elements
Info    : 0.80 < quality < 0.90 :      1097 elements
Info    : 0.90 < quality < 1.00 :       482 elements
Info    : 64 edge swaps, 0 node relocations (volume = 4.864e-06): worst = 0.160382 / average = 0.778216 (Wall 0.000601411s, CPU 0.000601s)
Info    : 65 edge swaps, 0 node relocations (volume = 4.864e-06): worst = 0.300392 / average = 0.778423 (Wall 0.000733463s, CPU 0.000733s)
Info    : No ill-shaped tets in the mesh :-)
Info    : 0.00 < quality < 0.10 :         0 elements
Info    : 0.10 < quality < 0.20 :         0 elements
Info    : 0.20 < quality < 0.30 :         0 elements
Info    : 0.30 < quality < 0.40 :        55 elements
Info    : 0.40 < quality < 0.50 :        61 elements
Info    : 0.50 < quality < 0.60 :       149 elements
Info    : 0.60 < quality < 0.70 :       508 elements
Info    : 0.70 < quality < 0.80 :       823 elements
Info    : 0.80 < quality < 0.90 :      1117 elements
Info    : 0.90 < quality < 1.00 :       481 elements
Info    : Optimizing volume 20003
Info    : Optimization starts (volume = 6.688e-06) with worst = 0.0193564 / average = 0.775367:
Info    : 0.00 < quality < 0.10 :        12 elements
Info    : 0.10 < quality < 0.20 :        29 elements
Info    : 0.20 < quality < 0.30 :        38 elements
Info    : 0.30 < quality < 0.40 :        61 elements
Info    : 0.40 < quality < 0.50 :        83 elements
Info    : 0.50 < quality < 0.60 :       162 elements
Info    : 0.60 < quality < 0.70 :       584 elements
Info    : 0.70 < quality < 0.80 :      1160 elements
Info    : 0.80 < quality < 0.90 :      1492 elements
Info    : 0.90 < quality < 1.00 :       719 elements
Info    : 78 edge swaps, 3 node relocations (volume = 6.688e-06): worst = 0.230713 / average = 0.786627 (Wall 0.000959526s, CPU 0.000958s)
Info    : 83 edge swaps, 3 node relocations (volume = 6.688e-06): worst = 0.303638 / average = 0.787367 (Wall 0.00117299s, CPU 0.001172s)
Info    : No ill-shaped tets in the mesh :-)
Info    : 0.00 < quality < 0.10 :         0 elements
Info    : 0.10 < quality < 0.20 :         0 elements
Info    : 0.20 < quality < 0.30 :         0 elements
Info    : 0.30 < quality < 0.40 :        61 elements
Info    : 0.40 < quality < 0.50 :        79 elements
Info    : 0.50 < quality < 0.60 :       166 elements
Info    : 0.60 < quality < 0.70 :       562 elements
Info    : 0.70 < quality < 0.80 :      1157 elements
Info    : 0.80 < quality < 0.90 :      1521 elements
Info    : 0.90 < quality < 1.00 :       720 elements
Info    : Optimizing volume 20004
Info    : Optimization starts (volume = 6.688e-06) with worst = 0.030892 / average = 0.771255:
Info    : 0.00 < quality < 0.10 :         6 elements
Info    : 0.10 < quality < 0.20 :        32 elements
Info    : 0.20 < quality < 0.30 :        55 elements
Info    : 0.30 < quality < 0.40 :        57 elements
Info    : 0.40 < quality < 0.50 :       102 elements
Info    : 0.50 < quality < 0.60 :       187 elements
Info    : 0.60 < quality < 0.70 :       603 elements
Info    : 0.70 < quality < 0.80 :      1102 elements
Info    : 0.80 < quality < 0.90 :      1472 elements
Info    : 0.90 < quality < 1.00 :       724 elements
Info    : 90 edge swaps, 1 node relocations (volume = 6.688e-06): worst = 0.300741 / average = 0.784298 (Wall 0.000850258s, CPU 0.000849s)
Info    : No ill-shaped tets in the mesh :-)
Info    : 0.00 < quality < 0.10 :         0 elements
Info    : 0.10 < quality < 0.20 :         0 elements
Info    : 0.20 < quality < 0.30 :         0 elements
Info    : 0.30 < quality < 0.40 :        60 elements
Info    : 0.40 < quality < 0.50 :        97 elements
Info    : 0.50 < quality < 0.60 :       187 elements
Info    : 0.60 < quality < 0.70 :       582 elements
Info    : 0.70 < quality < 0.80 :      1129 elements
Info    : 0.80 < quality < 0.90 :      1485 elements
Info    : 0.90 < quality < 1.00 :       720 elements
Info    : Optimizing volume 20005
Info    : Optimization starts (volume = 4.864e-06) with worst = 0.024738 / average = 0.768896:
Info    : 0.00 < quality < 0.10 :        11 elements
Info    : 0.10 < quality < 0.20 :        27 elements
Info    : 0.20 < quality < 0.30 :        29 elements
Info    : 0.30 < quality < 0.40 :        38 elements
Info    : 0.40 < quality < 0.50 :        63 elements
Info    : 0.50 < quality < 0.60 :       120 elements
Info    : 0.60 < quality < 0.70 :       520 elements
Info    : 0.70 < quality < 0.80 :       859 elements
Info    : 0.80 < quality < 0.90 :      1068 elements
Info    : 0.90 < quality < 1.00 :       497 elements
Info    : 67 edge swaps, 2 node relocations (volume = 4.864e-06): worst = 0.188797 / average = 0.782332 (Wall 0.000622611s, CPU 0.000622s)
Info    : 70 edge swaps, 2 node relocations (volume = 4.864e-06): worst = 0.304133 / average = 0.782741 (Wall 0.000779652s, CPU 0.000779s)
Info    : No ill-shaped tets in the mesh :-)
Info    : 0.00 < quality < 0.10 :         0 elements
Info    : 0.10 < quality < 0.20 :         0 elements
Info    : 0.20 < quality < 0.30 :         0 elements
Info    : 0.30 < quality < 0.40 :        35 elements
Info    : 0.40 < quality < 0.50 :        64 elements
Info    : 0.50 < quality < 0.60 :       113 elements
Info    : 0.60 < quality < 0.70 :       517 elements
Info    : 0.70 < quality < 0.80 :       864 elements
Info    : 0.80 < quality < 0.90 :      1075 elements
Info    : 0.90 < quality < 1.00 :       500 elements
Info    : Optimizing volume 20006
Info    : Optimization starts (volume = 4.864e-06) with worst = 0.01296 / average = 0.764461:
Info    : 0.00 < quality < 0.10 :        20 elements
Info    : 0.10 < quality < 0.20 :        28 elements
Info    : 0.20 < quality < 0.30 :        31 elements
Info    : 0.30 < quality < 0.40 :        40 elements
Info    : 0.40 < quality < 0.50 :        72 elements
Info    : 0.50 < quality < 0.60 :       160 elements
Info    : 0.60 < quality < 0.70 :       518 elements
Info    : 0.70 < quality < 0.80 :       817 elements
Info    : 0.80 < quality < 0.90 :      1111 elements
Info    : 0.90 < quality < 1.00 :       507 elements
Info    : 78 edge swaps, 2 node relocations (volume = 4.864e-06): worst = 0.276749 / average = 0.780911 (Wall 0.000675283s, CPU 0.000675s)
Info    : 79 edge swaps, 2 node relocations (volume = 4.864e-06): worst = 0.276749 / average = 0.780787 (Wall 0.000822184s, CPU 0.00082s)
Info    : No ill-shaped tets in the mesh :-)
Info    : 0.00 < quality < 0.10 :         0 elements
Info    : 0.10 < quality < 0.20 :         0 elements
Info    : 0.20 < quality < 0.30 :         1 elements
Info    : 0.30 < quality < 0.40 :        40 elements
Info    : 0.40 < quality < 0.50 :        66 elements
Info    : 0.50 < quality < 0.60 :       153 elements
Info    : 0.60 < quality < 0.70 :       504 elements
Info    : 0.70 < quality < 0.80 :       825 elements
Info    : 0.80 < quality < 0.90 :      1125 elements
Info    : 0.90 < quality < 1.00 :       512 elements
Info    : Optimizing volume 20007
Info    : Optimization starts (volume = 6.688e-06) with worst = 0.0500259 / average = 0.776062:
Info    : 0.00 < quality < 0.10 :        11 elements
Info    : 0.10 < quality < 0.20 :        39 elements
Info    : 0.20 < quality < 0.30 :        33 elements
Info    : 0.30 < quality < 0.40 :        56 elements
Info    : 0.40 < quality < 0.50 :        92 elements
Info    : 0.50 < quality < 0.60 :       183 elements
Info    : 0.60 < quality < 0.70 :       572 elements
Info    : 0.70 < quality < 0.80 :      1065 elements
Info    : 0.80 < quality < 0.90 :      1563 elements
Info    : 0.90 < quality < 1.00 :       731 elements
Info    : 83 edge swaps, 1 node relocations (volume = 6.688e-06): worst = 0.277276 / average = 0.789339 (Wall 0.000751959s, CPU 0.00075s)
Info    : 84 edge swaps, 1 node relocations (volume = 6.688e-06): worst = 0.305661 / average = 0.789474 (Wall 0.000932414s, CPU 0.000931s)
Info    : No ill-shaped tets in the mesh :-)
Info    : 0.00 < quality < 0.10 :         0 elements
Info    : 0.10 < quality < 0.20 :         0 elements
Info    : 0.20 < quality < 0.30 :         0 elements
Info    : 0.30 < quality < 0.40 :        56 elements
Info    : 0.40 < quality < 0.50 :        84 elements
Info    : 0.50 < quality < 0.60 :       167 elements
Info    : 0.60 < quality < 0.70 :       574 elements
Info    : 0.70 < quality < 0.80 :      1065 elements
Info    : 0.80 < quality < 0.90 :      1582 elements
Info    : 0.90 < quality < 1.00 :       736 elements
Info    : Optimizing volume 20008
Info    : Optimization starts (volume = 6.688e-06) with worst = 0.019385 / average = 0.771127:
Info    : 0.00 < quality < 0.10 :        17 elements
Info    : 0.10 < quality < 0.20 :        22 elements
Info    : 0.20 < quality < 0.30 :        39 elements
Info    : 0.30 < quality < 0.40 :        85 elements
Info    : 0.40 < quality < 0.50 :        79 elements
Info    : 0.50 < quality < 0.60 :       166 elements
Info    : 0.60 < quality < 0.70 :       610 elements
Info    : 0.70 < quality < 0.80 :      1160 elements
Info    : 0.80 < quality < 0.90 :      1481 elements
Info    : 0.90 < quality < 1.00 :       682 elements
Info    : 78 edge swaps, 0 node relocations (volume = 6.688e-06): worst = 0.300285 / average = 0.78329 (Wall 0.000719947s, CPU 0.00072s)
Info    : No ill-shaped tets in the mesh :-)
Info    : 0.00 < quality < 0.10 :         0 elements
Info    : 0.10 < quality < 0.20 :         0 elements
Info    : 0.20 < quality < 0.30 :         0 elements
Info    : 0.30 < quality < 0.40 :        82 elements
Info    : 0.40 < quality < 0.50 :        76 elements
Info    : 0.50 < quality < 0.60 :       157 elements
Info    : 0.60 < quality < 0.70 :       601 elements
Info    : 0.70 < quality < 0.80 :      1176 elements
Info    : 0.80 < quality < 0.90 :      1494 elements
Info    : 0.90 < quality < 1.00 :       681 elements
Info    : Optimizing volume 20009
Info    : Optimization starts (volume = 4.864e-06) with worst = 0.0250785 / average = 0.768257:
Info    : 0.00 < quality < 0.10 :        14 elements
Info    : 0.10 < quality < 0.20 :        24 elements
Info    : 0.20 < quality < 0.30 :        32 elements
Info    : 0.30 < quality < 0.40 :        43 elements
Info    : 0.40 < quality < 0.50 :        68 elements
Info    : 0.50 < quality < 0.60 :       163 elements
Info    : 0.60 < quality < 0.70 :       493 elements
Info    : 0.70 < quality < 0.80 :       815 elements
Info    : 0.80 < quality < 0.90 :      1120 elements
Info    : 0.90 < quality < 1.00 :       527 elements
Info    : 70 edge swaps, 2 node relocations (volume = 4.864e-06): worst = 0.297616 / average = 0.782345 (Wall 0.00056971s, CPU 0.000569s)
Info    : 71 edge swaps, 2 node relocations (volume = 4.864e-06): worst = 0.303588 / average = 0.782527 (Wall 0.000696653s, CPU 0.000696s)
Info    : No ill-shaped tets in the mesh :-)
Info    : 0.00 < quality < 0.10 :         0 elements
Info    : 0.10 < quality < 0.20 :         0 elements
Info    : 0.20 < quality < 0.30 :         0 elements
Info    : 0.30 < quality < 0.40 :        42 elements
Info    : 0.40 < quality < 0.50 :        65 elements
Info    : 0.50 < quality < 0.60 :       156 elements
Info    : 0.60 < quality < 0.70 :       478 elements
Info    : 0.70 < quality < 0.80 :       838 elements
Info    : 0.80 < quality < 0.90 :      1124 elements
Info    : 0.90 < quality < 1.00 :       529 elements
Info    : Optimizing volume 20010
Info    : Optimization starts (volume = 4.864e-06) with worst = 0.0298598 / average = 0.765223:
Info    : 0.00 < quality < 0.10 :        11 elements
Info    : 0.10 < quality < 0.20 :        28 elements
Info    : 0.20 < quality < 0.30 :        28 elements
Info    : 0.30 < quality < 0.40 :        36 elements
Info    : 0.40 < quality < 0.50 :        78 elements
Info    : 0.50 < quality < 0.60 :       140 elements
Info    : 0.60 < quality < 0.70 :       520 elements
Info    : 0.70 < quality < 0.80 :       878 elements
Info    : 0.80 < quality < 0.90 :      1053 elements
Info    : 0.90 < quality < 1.00 :       477 elements
Info    : 65 edge swaps, 0 node relocations (volume = 4.864e-06): worst = 0.169039 / average = 0.778402 (Wall 0.000559962s, CPU 0.00056s)
Info    : 66 edge swaps, 0 node relocations (volume = 4.864e-06): worst = 0.301684 / average = 0.778606 (Wall 0.000686043s, CPU 0.000686s)
Info    : No ill-shaped tets in the mesh :-)
Info    : 0.00 < quality < 0.10 :         0 elements
Info    : 0.10 < quality < 0.20 :         0 elements
Info    : 0.20 < quality < 0.30 :         0 elements
Info    : 0.30 < quality < 0.40 :        34 elements
Info    : 0.40 < quality < 0.50 :        70 elements
Info    : 0.50 < quality < 0.60 :       139 elements
Info    : 0.60 < quality < 0.70 :       520 elements
Info    : 0.70 < quality < 0.80 :       884 elements
Info    : 0.80 < quality < 0.90 :      1066 elements
Info    : 0.90 < quality < 1.00 :       475 elements
Info    : Optimizing volume 20011
Info    : Optimization starts (volume = 6.688e-06) with worst = 0.00836911 / average = 0.777019:
Info    : 0.00 < quality < 0.10 :        13 elements
Info    : 0.10 < quality < 0.20 :        37 elements
Info    : 0.20 < quality < 0.30 :        34 elements
Info    : 0.30 < quality < 0.40 :        48 elements
Info    : 0.40 < quality < 0.50 :        90 elements
Info    : 0.50 < quality < 0.60 :       188 elements
Info    : 0.60 < quality < 0.70 :       565 elements
Info    : 0.70 < quality < 0.80 :      1082 elements
Info    : 0.80 < quality < 0.90 :      1545 elements
Info    : 0.90 < quality < 1.00 :       750 elements
Info    : 83 edge swaps, 1 node relocations (volume = 6.688e-06): worst = 0.236606 / average = 0.790208 (Wall 0.000784281s, CPU 0.000782s)
Info    : 85 edge swaps, 1 node relocations (volume = 6.688e-06): worst = 0.310216 / average = 0.790358 (Wall 0.00099264s, CPU 0.000991s)
Info    : No ill-shaped tets in the mesh :-)
Info    : 0.00 < quality < 0.10 :         0 elements
Info    : 0.10 < quality < 0.20 :         0 elements
Info    : 0.20 < quality < 0.30 :         0 elements
Info    : 0.30 < quality < 0.40 :        47 elements
Info    : 0.40 < quality < 0.50 :        80 elements
Info    : 0.50 < quality < 0.60 :       182 elements
Info    : 0.60 < quality < 0.70 :       557 elements
Info    : 0.70 < quality < 0.80 :      1083 elements
Info    : 0.80 < quality < 0.90 :      1572 elements
Info    : 0.90 < quality < 1.00 :       750 elements
Info    : Optimizing volume 20012
Info    : Optimization starts (volume = 6.688e-06) with worst = 0.0127312 / average = 0.766475:
Info    : 0.00 < quality < 0.10 :        13 elements
Info    : 0.10 < quality < 0.20 :        44 elements
Info    : 0.20 < quality < 0.30 :        49 elements
Info    : 0.30 < quality < 0.40 :        52 elements
Info    : 0.40 < quality < 0.50 :       100 elements
Info    : 0.50 < quality < 0.60 :       184 elements
Info    : 0.60 < quality < 0.70 :       624 elements
Info    : 0.70 < quality < 0.80 :      1146 elements
Info    : 0.80 < quality < 0.90 :      1476 elements
Info    : 0.90 < quality < 1.00 :       648 elements
Info    : 105 edge swaps, 0 node relocations (volume = 6.688e-06): worst = 0.306212 / average = 0.782277 (Wall 0.000928938s, CPU 0.000928s)
Info    : No ill-shaped tets in the mesh :-)
Info    : 0.00 < quality < 0.10 :         0 elements
Info    : 0.10 < quality < 0.20 :         0 elements
Info    : 0.20 < quality < 0.30 :         0 elements
Info    : 0.30 < quality < 0.40 :        53 elements
Info    : 0.40 < quality < 0.50 :        91 elements
Info    : 0.50 < quality < 0.60 :       180 elements
Info    : 0.60 < quality < 0.70 :       606 elements
Info    : 0.70 < quality < 0.80 :      1169 elements
Info    : 0.80 < quality < 0.90 :      1491 elements
Info    : 0.90 < quality < 1.00 :       648 elements
Info    : Optimizing volume 20013
Info    : Optimization starts (volume = 4.864e-06) with worst = 0.0173183 / average = 0.77173:
Info    : 0.00 < quality < 0.10 :        12 elements
Info    : 0.10 < quality < 0.20 :        30 elements
Info    : 0.20 < quality < 0.30 :        21 elements
Info    : 0.30 < quality < 0.40 :        43 elements
Info    : 0.40 < quality < 0.50 :        59 elements
Info    : 0.50 < quality < 0.60 :       136 elements
Info    : 0.60 < quality < 0.70 :       448 elements
Info    : 0.70 < quality < 0.80 :       878 elements
Info    : 0.80 < quality < 0.90 :      1085 elements
Info    : 0.90 < quality < 1.00 :       502 elements
Info    : 63 edge swaps, 2 node relocations (volume = 4.864e-06): worst = 0.303092 / average = 0.78419 (Wall 0.000566885s, CPU 0.000565s)
Info    : No ill-shaped tets in the mesh :-)
Info    : 0.00 < quality < 0.10 :         0 elements
Info    : 0.10 < quality < 0.20 :         0 elements
Info    : 0.20 < quality < 0.30 :         0 elements
Info    : 0.30 < quality < 0.40 :        43 elements
Info    : 0.40 < quality < 0.50 :        55 elements
Info    : 0.50 < quality < 0.60 :       138 elements
Info    : 0.60 < quality < 0.70 :       449 elements
Info    : 0.70 < quality < 0.80 :       875 elements
Info    : 0.80 < quality < 0.90 :      1093 elements
Info    : 0.90 < quality < 1.00 :       505 elements
Info    : Optimizing volume 20014
Info    : Optimization starts (volume = 4.864e-06) with worst = 0.0192602 / average = 0.767742:
Info    : 0.00 < quality < 0.10 :         4 elements
Info    : 0.10 < quality < 0.20 :        20 elements
Info    : 0.20 < quality < 0.30 :        33 elements
Info    : 0.30 < quality < 0.40 :        53 elements
Info    : 0.40 < quality < 0.50 :        78 elements
Info    : 0.50 < quality < 0.60 :       157 elements
Info    : 0.60 < quality < 0.70 :       507 elements
Info    : 0.70 < quality < 0.80 :       830 elements
Info    : 0.80 < quality < 0.90 :      1068 elements
Info    : 0.90 < quality < 1.00 :       535 elements
Info    : 57 edge swaps, 0 node relocations (volume = 4.864e-06): worst = 0.303788 / average = 0.778625 (Wall 0.000508944s, CPU 0.000509s)
Info    : No ill-shaped tets in the mesh :-)
Info    : 0.00 < quality < 0.10 :         0 elements
Info    : 0.10 < quality < 0.20 :         0 elements
Info    : 0.20 < quality < 0.30 :         0 elements
Info    : 0.30 < quality < 0.40 :        50 elements
Info    : 0.40 < quality < 0.50 :        72 elements
Info    : 0.50 < quality < 0.60 :       158 elements
Info    : 0.60 < quality < 0.70 :       503 elements
Info    : 0.70 < quality < 0.80 :       850 elements
Info    : 0.80 < quality < 0.90 :      1067 elements
Info    : 0.90 < quality < 1.00 :       534 elements
Info    : Optimizing volume 20015
Info    : Optimization starts (volume = 6.688e-06) with worst = 0.0058899 / average = 0.775615:
Info    : 0.00 < quality < 0.10 :        15 elements
Info    : 0.10 < quality < 0.20 :        41 elements
Info    : 0.20 < quality < 0.30 :        37 elements
Info    : 0.30 < quality < 0.40 :        53 elements
Info    : 0.40 < quality < 0.50 :        96 elements
Info    : 0.50 < quality < 0.60 :       169 elements
Info    : 0.60 < quality < 0.70 :       555 elements
Info    : 0.70 < quality < 0.80 :      1103 elements
Info    : 0.80 < quality < 0.90 :      1513 elements
Info    : 0.90 < quality < 1.00 :       771 elements
Info    : 92 edge swaps, 2 node relocations (volume = 6.688e-06): worst = 0.300565 / average = 0.78907 (Wall 0.000838745s, CPU 0.000837s)
Info    : No ill-shaped tets in the mesh :-)
Info    : 0.00 < quality < 0.10 :         0 elements
Info    : 0.10 < quality < 0.20 :         0 elements
Info    : 0.20 < quality < 0.30 :         0 elements
Info    : 0.30 < quality < 0.40 :        58 elements
Info    : 0.40 < quality < 0.50 :        90 elements
Info    : 0.50 < quality < 0.60 :       160 elements
Info    : 0.60 < quality < 0.70 :       555 elements
Info    : 0.70 < quality < 0.80 :      1111 elements
Info    : 0.80 < quality < 0.90 :      1528 elements
Info    : 0.90 < quality < 1.00 :       770 elements
Info    : Optimizing volume 20016
Info    : Optimization starts (volume = 6.688e-06) with worst = 0.017534 / average = 0.775144:
Info    : 0.00 < quality < 0.10 :        13 elements
Info    : 0.10 < quality < 0.20 :        27 elements
Info    : 0.20 < quality < 0.30 :        42 elements
Info    : 0.30 < quality < 0.40 :        63 elements
Info    : 0.40 < quality < 0.50 :        83 elements
Info    : 0.50 < quality < 0.60 :       146 elements
Info    : 0.60 < quality < 0.70 :       603 elements
Info    : 0.70 < quality < 0.80 :      1127 elements
Info    : 0.80 < quality < 0.90 :      1501 elements
Info    : 0.90 < quality < 1.00 :       720 elements
Info    : 81 edge swaps, 1 node relocations (volume = 6.688e-06): worst = 0.301368 / average = 0.787624 (Wall 0.000884061s, CPU 0.000882s)
Info    : No ill-shaped tets in the mesh :-)
Info    : 0.00 < quality < 0.10 :         0 elements
Info    : 0.10 < quality < 0.20 :         0 elements
Info    : 0.20 < quality < 0.30 :         0 elements
Info    : 0.30 < quality < 0.40 :        63 elements
Info    : 0.40 < quality < 0.50 :        76 elements
Info    : 0.50 < quality < 0.60 :       137 elements
Info    : 0.60 < quality < 0.70 :       600 elements
Info    : 0.70 < quality < 0.80 :      1149 elements
Info    : 0.80 < quality < 0.90 :      1508 elements
Info    : 0.90 < quality < 1.00 :       717 elements
Info    : Optimizing volume 20017
Info    : Optimization starts (volume = 4.864e-06) with worst = 0.0269393 / average = 0.766524:
Info    : 0.00 < quality < 0.10 :        13 elements
Info    : 0.10 < quality < 0.20 :        21 elements
Info    : 0.20 < quality < 0.30 :        34 elements
Info    : 0.30 < quality < 0.40 :        51 elements
Info    : 0.40 < quality < 0.50 :        70 elements
Info    : 0.50 < quality < 0.60 :       161 elements
Info    : 0.60 < quality < 0.70 :       526 elements
Info    : 0.70 < quality < 0.80 :       822 elements
Info    : 0.80 < quality < 0.90 :      1078 elements
Info    : 0.90 < quality < 1.00 :       539 elements
Info    : 68 edge swaps, 0 node relocations (volume = 4.864e-06): worst = 0.302458 / average = 0.779273 (Wall 0.000603606s, CPU 0.000604s)
Info    : No ill-shaped tets in the mesh :-)
Info    : 0.00 < quality < 0.10 :         0 elements
Info    : 0.10 < quality < 0.20 :         0 elements
Info    : 0.20 < quality < 0.30 :         0 elements
Info    : 0.30 < quality < 0.40 :        48 elements
Info    : 0.40 < quality < 0.50 :        70 elements
Info    : 0.50 < quality < 0.60 :       158 elements
Info    : 0.60 < quality < 0.70 :       527 elements
Info    : 0.70 < quality < 0.80 :       818 elements
Info    : 0.80 < quality < 0.90 :      1096 elements
Info    : 0.90 < quality < 1.00 :       537 elements
Info    : Optimizing volume 20018
Info    : Optimization starts (volume = 4.864e-06) with worst = 0.0144095 / average = 0.761518:
Info    : 0.00 < quality < 0.10 :        13 elements
Info    : 0.10 < quality < 0.20 :        28 elements
Info    : 0.20 < quality < 0.30 :        41 elements
Info    : 0.30 < quality < 0.40 :        52 elements
Info    : 0.40 < quality < 0.50 :        66 elements
Info    : 0.50 < quality < 0.60 :       140 elements
Info    : 0.60 < quality < 0.70 :       544 elements
Info    : 0.70 < quality < 0.80 :       873 elements
Info    : 0.80 < quality < 0.90 :      1047 elements
Info    : 0.90 < quality < 1.00 :       505 elements
Info    : 82 edge swaps, 0 node relocations (volume = 4.864e-06): worst = 0.230951 / average = 0.776382 (Wall 0.000695662s, CPU 0.000694s)
Info    : 83 edge swaps, 0 node relocations (volume = 4.864e-06): worst = 0.300254 / average = 0.776615 (Wall 0.000828706s, CPU 0.000827s)
Info    : No ill-shaped tets in the mesh :-)
Info    : 0.00 < quality < 0.10 :         0 elements
Info    : 0.10 < quality < 0.20 :         0 elements
Info    : 0.20 < quality < 0.30 :         0 elements
Info    : 0.30 < quality < 0.40 :        50 elements
Info    : 0.40 < quality < 0.50 :        66 elements
Info    : 0.50 < quality < 0.60 :       143 elements
Info    : 0.60 < quality < 0.70 :       542 elements
Info    : 0.70 < quality < 0.80 :       868 elements
Info    : 0.80 < quality < 0.90 :      1059 elements
Info    : 0.90 < quality < 1.00 :       509 elements
Info    : Optimizing volume 20019
Info    : Optimization starts (volume = 6.688e-06) with worst = 0.0368264 / average = 0.780286:
Info    : 0.00 < quality < 0.10 :         9 elements
Info    : 0.10 < quality < 0.20 :        29 elements
Info    : 0.20 < quality < 0.30 :        36 elements
Info    : 0.30 < quality < 0.40 :        43 elements
Info    : 0.40 < quality < 0.50 :        66 elements
Info    : 0.50 < quality < 0.60 :       165 elements
Info    : 0.60 < quality < 0.70 :       594 elements
Info    : 0.70 < quality < 0.80 :      1074 elements
Info    : 0.80 < quality < 0.90 :      1479 elements
Info    : 0.90 < quality < 1.00 :       766 elements
Info    : 71 edge swaps, 0 node relocations (volume = 6.688e-06): worst = 0.302212 / average = 0.791885 (Wall 0.000765976s, CPU 0.000764s)
Info    : No ill-shaped tets in the mesh :-)
Info    : 0.00 < quality < 0.10 :         0 elements
Info    : 0.10 < quality < 0.20 :         0 elements
Info    : 0.20 < quality < 0.30 :         0 elements
Info    : 0.30 < quality < 0.40 :        43 elements
Info    : 0.40 < quality < 0.50 :        60 elements
Info    : 0.50 < quality < 0.60 :       164 elements
Info    : 0.60 < quality < 0.70 :       585 elements
Info    : 0.70 < quality < 0.80 :      1080 elements
Info    : 0.80 < quality < 0.90 :      1492 elements
Info    : 0.90 < quality < 1.00 :       768 elements
Info    : Optimizing volume 20020
Info    : Optimization starts (volume = 6.688e-06) with worst = 0.0249578 / average = 0.769004:
Info    : 0.00 < quality < 0.10 :        10 elements
Info    : 0.10 < quality < 0.20 :        37 elements
Info    : 0.20 < quality < 0.30 :        53 elements
Info    : 0.30 < quality < 0.40 :        65 elements
Info    : 0.40 < quality < 0.50 :        91 elements
Info    : 0.50 < quality < 0.60 :       185 elements
Info    : 0.60 < quality < 0.70 :       662 elements
Info    : 0.70 < quality < 0.80 :      1089 elements
Info    : 0.80 < quality < 0.90 :      1407 elements
Info    : 0.90 < quality < 1.00 :       736 elements
Info    : 100 edge swaps, 0 node relocations (volume = 6.688e-06): worst = 0.301788 / average = 0.784284 (Wall 0.000833165s, CPU 0.000831s)
Info    : No ill-shaped tets in the mesh :-)
Info    : 0.00 < quality < 0.10 :         0 elements
Info    : 0.10 < quality < 0.20 :         0 elements
Info    : 0.20 < quality < 0.30 :         0 elements
Info    : 0.30 < quality < 0.40 :        60 elements
Info    : 0.40 < quality < 0.50 :        80 elements
Info    : 0.50 < quality < 0.60 :       180 elements
Info    : 0.60 < quality < 0.70 :       647 elements
Info    : 0.70 < quality < 0.80 :      1113 elements
Info    : 0.80 < quality < 0.90 :      1425 elements
Info    : 0.90 < quality < 1.00 :       736 elements
Info    : Optimizing volume 20021
Info    : Optimization starts (volume = 4.864e-06) with worst = 0.0249862 / average = 0.759504:
Info    : 0.00 < quality < 0.10 :        13 elements
Info    : 0.10 < quality < 0.20 :        33 elements
Info    : 0.20 < quality < 0.30 :        38 elements
Info    : 0.30 < quality < 0.40 :        52 elements
Info    : 0.40 < quality < 0.50 :        69 elements
Info    : 0.50 < quality < 0.60 :       162 elements
Info    : 0.60 < quality < 0.70 :       529 elements
Info    : 0.70 < quality < 0.80 :       847 elements
Info    : 0.80 < quality < 0.90 :       991 elements
Info    : 0.90 < quality < 1.00 :       512 elements
Info    : 82 edge swaps, 1 node relocations (volume = 4.864e-06): worst = 0.2406 / average = 0.776676 (Wall 0.000655585s, CPU 0.000654s)
Info    : 83 edge swaps, 1 node relocations (volume = 4.864e-06): worst = 0.300734 / average = 0.776839 (Wall 0.000782869s, CPU 0.000781s)
Info    : No ill-shaped tets in the mesh :-)
Info    : 0.00 < quality < 0.10 :         0 elements
Info    : 0.10 < quality < 0.20 :         0 elements
Info    : 0.20 < quality < 0.30 :         0 elements
Info    : 0.30 < quality < 0.40 :        47 elements
Info    : 0.40 < quality < 0.50 :        64 elements
Info    : 0.50 < quality < 0.60 :       159 elements
Info    : 0.60 < quality < 0.70 :       526 elements
Info    : 0.70 < quality < 0.80 :       848 elements
Info    : 0.80 < quality < 0.90 :      1010 elements
Info    : 0.90 < quality < 1.00 :       513 elements
Info    : Optimizing volume 20022
Info    : Optimization starts (volume = 4.864e-06) with worst = 0.0144338 / average = 0.767439:
Info    : 0.00 < quality < 0.10 :        16 elements
Info    : 0.10 < quality < 0.20 :        16 elements
Info    : 0.20 < quality < 0.30 :        29 elements
Info    : 0.30 < quality < 0.40 :        34 elements
Info    : 0.40 < quality < 0.50 :        78 elements
Info    : 0.50 < quality < 0.60 :       137 elements
Info    : 0.60 < quality < 0.70 :       511 elements
Info    : 0.70 < quality < 0.80 :       881 elements
Info    : 0.80 < quality < 0.90 :      1002 elements
Info    : 0.90 < quality < 1.00 :       508 elements
Info    : 59 edge swaps, 2 node relocations (volume = 4.864e-06): worst = 0.303268 / average = 0.779741 (Wall 0.000537288s, CPU 0.000535s)
Info    : No ill-shaped tets in the mesh :-)
Info    : 0.00 < quality < 0.10 :         0 elements
Info    : 0.10 < quality < 0.20 :         0 elements
Info    : 0.20 < quality < 0.30 :         0 elements
Info    : 0.30 < quality < 0.40 :        34 elements
Info    : 0.40 < quality < 0.50 :        76 elements
Info    : 0.50 < quality < 0.60 :       133 elements
Info    : 0.60 < quality < 0.70 :       507 elements
Info    : 0.70 < quality < 0.80 :       880 elements
Info    : 0.80 < quality < 0.90 :      1015 elements
Info    : 0.90 < quality < 1.00 :       512 elements
Info    : Optimizing volume 20023
Info    : Optimization starts (volume = 6.688e-06) with worst = 0.022898 / average = 0.770423:
Info    : 0.00 < quality < 0.10 :        15 elements
Info    : 0.10 < quality < 0.20 :        40 elements
Info    : 0.20 < quality < 0.30 :        34 elements
Info    : 0.30 < quality < 0.40 :        72 elements
Info    : 0.40 < quality < 0.50 :       111 elements
Info    : 0.50 < quality < 0.60 :       157 elements
Info    : 0.60 < quality < 0.70 :       568 elements
Info    : 0.70 < quality < 0.80 :      1102 elements
Info    : 0.80 < quality < 0.90 :      1503 elements
Info    : 0.90 < quality < 1.00 :       703 elements
Info    : 87 edge swaps, 0 node relocations (volume = 6.688e-06): worst = 0.300688 / average = 0.784257 (Wall 0.000769522s, CPU 0.000767s)
Info    : No ill-shaped tets in the mesh :-)
Info    : 0.00 < quality < 0.10 :         0 elements
Info    : 0.10 < quality < 0.20 :         0 elements
Info    : 0.20 < quality < 0.30 :         0 elements
Info    : 0.30 < quality < 0.40 :        72 elements
Info    : 0.40 < quality < 0.50 :       101 elements
Info    : 0.50 < quality < 0.60 :       156 elements
Info    : 0.60 < quality < 0.70 :       559 elements
Info    : 0.70 < quality < 0.80 :      1111 elements
Info    : 0.80 < quality < 0.90 :      1522 elements
Info    : 0.90 < quality < 1.00 :       701 elements
Info    : Optimizing volume 20024
Info    : Optimization starts (volume = 6.688e-06) with worst = 0.0229139 / average = 0.772565:
Info    : 0.00 < quality < 0.10 :        18 elements
Info    : 0.10 < quality < 0.20 :        33 elements
Info    : 0.20 < quality < 0.30 :        44 elements
Info    : 0.30 < quality < 0.40 :        56 elements
Info    : 0.40 < quality < 0.50 :        75 elements
Info    : 0.50 < quality < 0.60 :       190 elements
Info    : 0.60 < quality < 0.70 :       579 elements
Info    : 0.70 < quality < 0.80 :      1142 elements
Info    : 0.80 < quality < 0.90 :      1491 elements
Info    : 0.90 < quality < 1.00 :       693 elements
Info    : 95 edge swaps, 3 node relocations (volume = 6.688e-06): worst = 0.300091 / average = 0.786632 (Wall 0.000821833s, CPU 0.00082s)
Info    : No ill-shaped tets in the mesh :-)
Info    : 0.00 < quality < 0.10 :         0 elements
Info    : 0.10 < quality < 0.20 :         0 elements
Info    : 0.20 < quality < 0.30 :         0 elements
Info    : 0.30 < quality < 0.40 :        58 elements
Info    : 0.40 < quality < 0.50 :        71 elements
Info    : 0.50 < quality < 0.60 :       185 elements
Info    : 0.60 < quality < 0.70 :       579 elements
Info    : 0.70 < quality < 0.80 :      1140 elements
Info    : 0.80 < quality < 0.90 :      1504 elements
Info    : 0.90 < quality < 1.00 :       699 elements
Info    : Optimizing volume 20025
Info    : Optimization starts (volume = 4.864e-06) with worst = 0.0130727 / average = 0.757258:
Info    : 0.00 < quality < 0.10 :        11 elements
Info    : 0.10 < quality < 0.20 :        35 elements
Info    : 0.20 < quality < 0.30 :        36 elements
Info    : 0.30 < quality < 0.40 :        51 elements
Info    : 0.40 < quality < 0.50 :        65 elements
Info    : 0.50 < quality < 0.60 :       168 elements
Info    : 0.60 < quality < 0.70 :       560 elements
Info    : 0.70 < quality < 0.80 :       849 elements
Info    : 0.80 < quality < 0.90 :       988 elements
Info    : 0.90 < quality < 1.00 :       493 elements
Info    : 82 edge swaps, 1 node relocations (volume = 4.864e-06): worst = 0.191424 / average = 0.773631 (Wall 0.000681004s, CPU 0.00068s)
Info    : 84 edge swaps, 1 node relocations (volume = 4.864e-06): worst = 0.300644 / average = 0.774068 (Wall 0.00081508s, CPU 0.000814s)
Info    : No ill-shaped tets in the mesh :-)
Info    : 0.00 < quality < 0.10 :         0 elements
Info    : 0.10 < quality < 0.20 :         0 elements
Info    : 0.20 < quality < 0.30 :         0 elements
Info    : 0.30 < quality < 0.40 :        47 elements
Info    : 0.40 < quality < 0.50 :        64 elements
Info    : 0.50 < quality < 0.60 :       160 elements
Info    : 0.60 < quality < 0.70 :       564 elements
Info    : 0.70 < quality < 0.80 :       838 elements
Info    : 0.80 < quality < 0.90 :      1014 elements
Info    : 0.90 < quality < 1.00 :       491 elements
Info    : Optimizing volume 20026
Info    : Optimization starts (volume = 4.864e-06) with worst = 0.021015 / average = 0.762932:
Info    : 0.00 < quality < 0.10 :        16 elements
Info    : 0.10 < quality < 0.20 :        19 elements
Info    : 0.20 < quality < 0.30 :        29 elements
Info    : 0.30 < quality < 0.40 :        57 elements
Info    : 0.40 < quality < 0.50 :        78 elements
Info    : 0.50 < quality < 0.60 :       153 elements
Info    : 0.60 < quality < 0.70 :       516 elements
Info    : 0.70 < quality < 0.80 :       833 elements
Info    : 0.80 < quality < 0.90 :      1015 elements
Info    : 0.90 < quality < 1.00 :       507 elements
Info    : 64 edge swaps, 0 node relocations (volume = 4.864e-06): worst = 0.30425 / average = 0.776178 (Wall 0.000604006s, CPU 0.000603s)
Info    : No ill-shaped tets in the mesh :-)
Info    : 0.00 < quality < 0.10 :         0 elements
Info    : 0.10 < quality < 0.20 :         0 elements
Info    : 0.20 < quality < 0.30 :         0 elements
Info    : 0.30 < quality < 0.40 :        52 elements
Info    : 0.40 < quality < 0.50 :        79 elements
Info    : 0.50 < quality < 0.60 :       152 elements
Info    : 0.60 < quality < 0.70 :       500 elements
Info    : 0.70 < quality < 0.80 :       843 elements
Info    : 0.80 < quality < 0.90 :      1027 elements
Info    : 0.90 < quality < 1.00 :       509 elements
Info    : Optimizing volume 20027
Info    : Optimization starts (volume = 6.688e-06) with worst = 0.0200421 / average = 0.773944:
Info    : 0.00 < quality < 0.10 :        15 elements
Info    : 0.10 < quality < 0.20 :        40 elements
Info    : 0.20 < quality < 0.30 :        29 elements
Info    : 0.30 < quality < 0.40 :        59 elements
Info    : 0.40 < quality < 0.50 :        86 elements
Info    : 0.50 < quality < 0.60 :       166 elements
Info    : 0.60 < quality < 0.70 :       587 elements
Info    : 0.70 < quality < 0.80 :      1158 elements
Info    : 0.80 < quality < 0.90 :      1437 elements
Info    : 0.90 < quality < 1.00 :       753 elements
Info    : 84 edge swaps, 4 node relocations (volume = 6.688e-06): worst = 0.179651 / average = 0.786471 (Wall 0.000875566s, CPU 0.000875s)
Info    : 88 edge swaps, 4 node relocations (volume = 6.688e-06): worst = 0.301582 / average = 0.787091 (Wall 0.00108658s, CPU 0.001086s)
Info    : No ill-shaped tets in the mesh :-)
Info    : 0.00 < quality < 0.10 :         0 elements
Info    : 0.10 < quality < 0.20 :         0 elements
Info    : 0.20 < quality < 0.30 :         0 elements
Info    : 0.30 < quality < 0.40 :        63 elements
Info    : 0.40 < quality < 0.50 :        75 elements
Info    : 0.50 < quality < 0.60 :       162 elements
Info    : 0.60 < quality < 0.70 :       584 elements
Info    : 0.70 < quality < 0.80 :      1154 elements
Info    : 0.80 < quality < 0.90 :      1457 elements
Info    : 0.90 < quality < 1.00 :       756 elements
Info    : Optimizing volume 20028
Info    : Optimization starts (volume = 6.688e-06) with worst = 0.0128549 / average = 0.777085:
Info    : 0.00 < quality < 0.10 :        11 elements
Info    : 0.10 < quality < 0.20 :        36 elements
Info    : 0.20 < quality < 0.30 :        37 elements
Info    : 0.30 < quality < 0.40 :        52 elements
Info    : 0.40 < quality < 0.50 :        80 elements
Info    : 0.50 < quality < 0.60 :       172 elements
Info    : 0.60 < quality < 0.70 :       585 elements
Info    : 0.70 < quality < 0.80 :      1080 elements
Info    : 0.80 < quality < 0.90 :      1499 elements
Info    : 0.90 < quality < 1.00 :       752 elements
Info    : 82 edge swaps, 1 node relocations (volume = 6.688e-06): worst = 0.302009 / average = 0.790292 (Wall 0.000802826s, CPU 0.0008s)
Info    : No ill-shaped tets in the mesh :-)
Info    : 0.00 < quality < 0.10 :         0 elements
Info    : 0.10 < quality < 0.20 :         0 elements
Info    : 0.20 < quality < 0.30 :         0 elements
Info    : 0.30 < quality < 0.40 :        53 elements
Info    : 0.40 < quality < 0.50 :        75 elements
Info    : 0.50 < quality < 0.60 :       169 elements
Info    : 0.60 < quality < 0.70 :       570 elements
Info    : 0.70 < quality < 0.80 :      1078 elements
Info    : 0.80 < quality < 0.90 :      1531 elements
Info    : 0.90 < quality < 1.00 :       749 elements
Info    : Optimizing volume 20029
Info    : Optimization starts (volume = 4.864e-06) with worst = 0.0170202 / average = 0.758297:
Info    : 0.00 < quality < 0.10 :        13 elements
Info    : 0.10 < quality < 0.20 :        34 elements
Info    : 0.20 < quality < 0.30 :        37 elements
Info    : 0.30 < quality < 0.40 :        53 elements
Info    : 0.40 < quality < 0.50 :        87 elements
Info    : 0.50 < quality < 0.60 :       171 elements
Info    : 0.60 < quality < 0.70 :       541 elements
Info    : 0.70 < quality < 0.80 :       844 elements
Info    : 0.80 < quality < 0.90 :       999 elements
Info    : 0.90 < quality < 1.00 :       535 elements
Info    : 84 edge swaps, 2 node relocations (volume = 4.864e-06): worst = 0.269111 / average = 0.774996 (Wall 0.000748593s, CPU 0.000739s)
Info    : 85 edge swaps, 2 node relocations (volume = 4.864e-06): worst = 0.300334 / average = 0.775194 (Wall 0.000881007s, CPU 0.000872s)
Info    : No ill-shaped tets in the mesh :-)
Info    : 0.00 < quality < 0.10 :         0 elements
Info    : 0.10 < quality < 0.20 :         0 elements
Info    : 0.20 < quality < 0.30 :         0 elements
Info    : 0.30 < quality < 0.40 :        51 elements
Info    : 0.40 < quality < 0.50 :        81 elements
Info    : 0.50 < quality < 0.60 :       170 elements
Info    : 0.60 < quality < 0.70 :       530 elements
Info    : 0.70 < quality < 0.80 :       844 elements
Info    : 0.80 < quality < 0.90 :      1019 elements
Info    : 0.90 < quality < 1.00 :       540 elements
Info    : Optimizing volume 20030
Info    : Optimization starts (volume = 4.864e-06) with worst = 0.0256773 / average = 0.765956:
Info    : 0.00 < quality < 0.10 :         9 elements
Info    : 0.10 < quality < 0.20 :        29 elements
Info    : 0.20 < quality < 0.30 :        44 elements
Info    : 0.30 < quality < 0.40 :        30 elements
Info    : 0.40 < quality < 0.50 :        75 elements
Info    : 0.50 < quality < 0.60 :       140 elements
Info    : 0.60 < quality < 0.70 :       499 elements
Info    : 0.70 < quality < 0.80 :       862 elements
Info    : 0.80 < quality < 0.90 :      1080 elements
Info    : 0.90 < quality < 1.00 :       504 elements
Info    : 80 edge swaps, 2 node relocations (volume = 4.864e-06): worst = 0.304495 / average = 0.781599 (Wall 0.000644053s, CPU 0.000643s)
Info    : No ill-shaped tets in the mesh :-)
Info    : 0.00 < quality < 0.10 :         0 elements
Info    : 0.10 < quality < 0.20 :         0 elements
Info    : 0.20 < quality < 0.30 :         0 elements
Info    : 0.30 < quality < 0.40 :        31 elements
Info    : 0.40 < quality < 0.50 :        71 elements
Info    : 0.50 < quality < 0.60 :       138 elements
Info    : 0.60 < quality < 0.70 :       494 elements
Info    : 0.70 < quality < 0.80 :       860 elements
Info    : 0.80 < quality < 0.90 :      1100 elements
Info    : 0.90 < quality < 1.00 :       505 elements
Info    : Optimizing volume 20031
Info    : Optimization starts (volume = 6.688e-06) with worst = 0.0102357 / average = 0.774037:
Info    : 0.00 < quality < 0.10 :        18 elements
Info    : 0.10 < quality < 0.20 :        27 elements
Info    : 0.20 < quality < 0.30 :        29 elements
Info    : 0.30 < quality < 0.40 :        65 elements
Info    : 0.40 < quality < 0.50 :        69 elements
Info    : 0.50 < quality < 0.60 :       178 elements
Info    : 0.60 < quality < 0.70 :       612 elements
Info    : 0.70 < quality < 0.80 :      1107 elements
Info    : 0.80 < quality < 0.90 :      1469 elements
Info    : 0.90 < quality < 1.00 :       705 elements
Info    : 74 edge swaps, 2 node relocations (volume = 6.688e-06): worst = 0.230972 / average = 0.785567 (Wall 0.000778119s, CPU 0.000776s)
Info    : 77 edge swaps, 3 node relocations (volume = 6.688e-06): worst = 0.268504 / average = 0.785809 (Wall 0.000982691s, CPU 0.000982s)
Info    : 78 edge swaps, 3 node relocations (volume = 6.688e-06): worst = 0.303169 / average = 0.78593 (Wall 0.00115702s, CPU 0.001156s)
Info    : No ill-shaped tets in the mesh :-)
Info    : 0.00 < quality < 0.10 :         0 elements
Info    : 0.10 < quality < 0.20 :         0 elements
Info    : 0.20 < quality < 0.30 :         0 elements
Info    : 0.30 < quality < 0.40 :        61 elements
Info    : 0.40 < quality < 0.50 :        70 elements
Info    : 0.50 < quality < 0.60 :       169 elements
Info    : 0.60 < quality < 0.70 :       602 elements
Info    : 0.70 < quality < 0.80 :      1123 elements
Info    : 0.80 < quality < 0.90 :      1489 elements
Info    : 0.90 < quality < 1.00 :       696 elements
Info    : Optimizing volume 20032
Info    : Optimization starts (volume = 6.688e-06) with worst = 0.0148608 / average = 0.771375:
Info    : 0.00 < quality < 0.10 :        13 elements
Info    : 0.10 < quality < 0.20 :        42 elements
Info    : 0.20 < quality < 0.30 :        42 elements
Info    : 0.30 < quality < 0.40 :        60 elements
Info    : 0.40 < quality < 0.50 :        81 elements
Info    : 0.50 < quality < 0.60 :       178 elements
Info    : 0.60 < quality < 0.70 :       597 elements
Info    : 0.70 < quality < 0.80 :      1078 elements
Info    : 0.80 < quality < 0.90 :      1462 elements
Info    : 0.90 < quality < 1.00 :       705 elements
Info    : 96 edge swaps, 1 node relocations (volume = 6.688e-06): worst = 0.296365 / average = 0.786515 (Wall 0.000829718s, CPU 0.000828s)
Info    : 97 edge swaps, 1 node relocations (volume = 6.688e-06): worst = 0.302271 / average = 0.786678 (Wall 0.001008s, CPU 0.001006s)
Info    : No ill-shaped tets in the mesh :-)
Info    : 0.00 < quality < 0.10 :         0 elements
Info    : 0.10 < quality < 0.20 :         0 elements
Info    : 0.20 < quality < 0.30 :         0 elements
Info    : 0.30 < quality < 0.40 :        57 elements
Info    : 0.40 < quality < 0.50 :        78 elements
Info    : 0.50 < quality < 0.60 :       165 elements
Info    : 0.60 < quality < 0.70 :       584 elements
Info    : 0.70 < quality < 0.80 :      1097 elements
Info    : 0.80 < quality < 0.90 :      1474 elements
Info    : 0.90 < quality < 1.00 :       710 elements
Info    : Optimizing volume 20033
Info    : Optimization starts (volume = 4.864e-06) with worst = 0.0256711 / average = 0.764194:
Info    : 0.00 < quality < 0.10 :        13 elements
Info    : 0.10 < quality < 0.20 :        24 elements
Info    : 0.20 < quality < 0.30 :        28 elements
Info    : 0.30 < quality < 0.40 :        50 elements
Info    : 0.40 < quality < 0.50 :        69 elements
Info    : 0.50 < quality < 0.60 :       158 elements
Info    : 0.60 < quality < 0.70 :       497 elements
Info    : 0.70 < quality < 0.80 :       889 elements
Info    : 0.80 < quality < 0.90 :      1074 elements
Info    : 0.90 < quality < 1.00 :       470 elements
Info    : 65 edge swaps, 0 node relocations (volume = 4.864e-06): worst = 0.303777 / average = 0.778318 (Wall 0.00056918s, CPU 0.000568s)
Info    : No ill-shaped tets in the mesh :-)
Info    : 0.00 < quality < 0.10 :         0 elements
Info    : 0.10 < quality < 0.20 :         0 elements
Info    : 0.20 < quality < 0.30 :         0 elements
Info    : 0.30 < quality < 0.40 :        49 elements
Info    : 0.40 < quality < 0.50 :        64 elements
Info    : 0.50 < quality < 0.60 :       148 elements
Info    : 0.60 < quality < 0.70 :       485 elements
Info    : 0.70 < quality < 0.80 :       901 elements
Info    : 0.80 < quality < 0.90 :      1090 elements
Info    : 0.90 < quality < 1.00 :       470 elements
Info    : Optimizing volume 20034
Info    : Optimization starts (volume = 4.864e-06) with worst = 0.0151353 / average = 0.765704:
Info    : 0.00 < quality < 0.10 :        13 elements
Info    : 0.10 < quality < 0.20 :        24 elements
Info    : 0.20 < quality < 0.30 :        25 elements
Info    : 0.30 < quality < 0.40 :        54 elements
Info    : 0.40 < quality < 0.50 :        78 elements
Info    : 0.50 < quality < 0.60 :       138 elements
Info    : 0.60 < quality < 0.70 :       517 elements
Info    : 0.70 < quality < 0.80 :       823 elements
Info    : 0.80 < quality < 0.90 :      1051 elements
Info    : 0.90 < quality < 1.00 :       513 elements
Info    : 62 edge swaps, 0 node relocations (volume = 4.864e-06): worst = 0.300001 / average = 0.778035 (Wall 0.000554983s, CPU 0.000554s)
Info    : No ill-shaped tets in the mesh :-)
Info    : 0.00 < quality < 0.10 :         0 elements
Info    : 0.10 < quality < 0.20 :         0 elements
Info    : 0.20 < quality < 0.30 :         0 elements
Info    : 0.30 < quality < 0.40 :        53 elements
Info    : 0.40 < quality < 0.50 :        76 elements
Info    : 0.50 < quality < 0.60 :       136 elements
Info    : 0.60 < quality < 0.70 :       520 elements
Info    : 0.70 < quality < 0.80 :       819 elements
Info    : 0.80 < quality < 0.90 :      1058 elements
Info    : 0.90 < quality < 1.00 :       517 elements
Info    : Optimizing volume 20035
Info    : Optimization starts (volume = 6.688e-06) with worst = 0.0193564 / average = 0.772517:
Info    : 0.00 < quality < 0.10 :        17 elements
Info    : 0.10 < quality < 0.20 :        37 elements
Info    : 0.20 < quality < 0.30 :        38 elements
Info    : 0.30 < quality < 0.40 :        63 elements
Info    : 0.40 < quality < 0.50 :        77 elements
Info    : 0.50 < quality < 0.60 :       171 elements
Info    : 0.60 < quality < 0.70 :       616 elements
Info    : 0.70 < quality < 0.80 :      1117 elements
Info    : 0.80 < quality < 0.90 :      1458 elements
Info    : 0.90 < quality < 1.00 :       755 elements
Info    : 92 edge swaps, 2 node relocations (volume = 6.688e-06): worst = 0.218983 / average = 0.786974 (Wall 0.000835109s, CPU 0.000833s)
Info    : 93 edge swaps, 2 node relocations (volume = 6.688e-06): worst = 0.302768 / average = 0.787153 (Wall 0.00101491s, CPU 0.001013s)
Info    : No ill-shaped tets in the mesh :-)
Info    : 0.00 < quality < 0.10 :         0 elements
Info    : 0.10 < quality < 0.20 :         0 elements
Info    : 0.20 < quality < 0.30 :         0 elements
Info    : 0.30 < quality < 0.40 :        58 elements
Info    : 0.40 < quality < 0.50 :        77 elements
Info    : 0.50 < quality < 0.60 :       157 elements
Info    : 0.60 < quality < 0.70 :       612 elements
Info    : 0.70 < quality < 0.80 :      1121 elements
Info    : 0.80 < quality < 0.90 :      1479 elements
Info    : 0.90 < quality < 1.00 :       757 elements
Info    : Optimizing volume 20036
Info    : Optimization starts (volume = 6.688e-06) with worst = 0.0205728 / average = 0.775201:
Info    : 0.00 < quality < 0.10 :        10 elements
Info    : 0.10 < quality < 0.20 :        33 elements
Info    : 0.20 < quality < 0.30 :        51 elements
Info    : 0.30 < quality < 0.40 :        54 elements
Info    : 0.40 < quality < 0.50 :        82 elements
Info    : 0.50 < quality < 0.60 :       175 elements
Info    : 0.60 < quality < 0.70 :       580 elements
Info    : 0.70 < quality < 0.80 :      1048 elements
Info    : 0.80 < quality < 0.90 :      1524 elements
Info    : 0.90 < quality < 1.00 :       727 elements
Info    : 92 edge swaps, 0 node relocations (volume = 6.688e-06): worst = 0.222283 / average = 0.788655 (Wall 0.000871237s, CPU 0.000856s)
Info    : 93 edge swaps, 0 node relocations (volume = 6.688e-06): worst = 0.30139 / average = 0.788812 (Wall 0.00104801s, CPU 0.001033s)
Info    : No ill-shaped tets in the mesh :-)
Info    : 0.00 < quality < 0.10 :         0 elements
Info    : 0.10 < quality < 0.20 :         0 elements
Info    : 0.20 < quality < 0.30 :         0 elements
Info    : 0.30 < quality < 0.40 :        58 elements
Info    : 0.40 < quality < 0.50 :        75 elements
Info    : 0.50 < quality < 0.60 :       174 elements
Info    : 0.60 < quality < 0.70 :       574 elements
Info    : 0.70 < quality < 0.80 :      1056 elements
Info    : 0.80 < quality < 0.90 :      1539 elements
Info    : 0.90 < quality < 1.00 :       725 elements
Info    : Optimizing volume 30001
Info    : Optimization starts (volume = 4.8e-06) with worst = 0.0127613 / average = 0.77234:
Info    : 0.00 < quality < 0.10 :        15 elements
Info    : 0.10 < quality < 0.20 :        32 elements
Info    : 0.20 < quality < 0.30 :        26 elements
Info    : 0.30 < quality < 0.40 :        27 elements
Info    : 0.40 < quality < 0.50 :        61 elements
Info    : 0.50 < quality < 0.60 :       122 elements
Info    : 0.60 < quality < 0.70 :       492 elements
Info    : 0.70 < quality < 0.80 :       815 elements
Info    : 0.80 < quality < 0.90 :      1019 elements
Info    : 0.90 < quality < 1.00 :       546 elements
Info    : 73 edge swaps, 1 node relocations (volume = 4.8e-06): worst = 0.308877 / average = 0.787914 (Wall 0.000659612s, CPU 0.000658s)
Info    : No ill-shaped tets in the mesh :-)
Info    : 0.00 < quality < 0.10 :         0 elements
Info    : 0.10 < quality < 0.20 :         0 elements
Info    : 0.20 < quality < 0.30 :         0 elements
Info    : 0.30 < quality < 0.40 :        26 elements
Info    : 0.40 < quality < 0.50 :        60 elements
Info    : 0.50 < quality < 0.60 :       118 elements
Info    : 0.60 < quality < 0.70 :       479 elements
Info    : 0.70 < quality < 0.80 :       823 elements
Info    : 0.80 < quality < 0.90 :      1038 elements
Info    : 0.90 < quality < 1.00 :       542 elements
Info    : Optimizing volume 30002
Info    : Optimization starts (volume = 4.8e-06) with worst = 0.0215414 / average = 0.761572:
Info    : 0.00 < quality < 0.10 :        17 elements
Info    : 0.10 < quality < 0.20 :        33 elements
Info    : 0.20 < quality < 0.30 :        25 elements
Info    : 0.30 < quality < 0.40 :        43 elements
Info    : 0.40 < quality < 0.50 :        73 elements
Info    : 0.50 < quality < 0.60 :       140 elements
Info    : 0.60 < quality < 0.70 :       510 elements
Info    : 0.70 < quality < 0.80 :       868 elements
Info    : 0.80 < quality < 0.90 :       978 elements
Info    : 0.90 < quality < 1.00 :       485 elements
Info    : 74 edge swaps, 2 node relocations (volume = 4.8e-06): worst = 0.207965 / average = 0.776662 (Wall 0.000636117s, CPU 0.000635s)
Info    : 75 edge swaps, 2 node relocations (volume = 4.8e-06): worst = 0.30046 / average = 0.776897 (Wall 0.000764533s, CPU 0.000763s)
Info    : No ill-shaped tets in the mesh :-)
Info    : 0.00 < quality < 0.10 :         0 elements
Info    : 0.10 < quality < 0.20 :         0 elements
Info    : 0.20 < quality < 0.30 :         0 elements
Info    : 0.30 < quality < 0.40 :        43 elements
Info    : 0.40 < quality < 0.50 :        74 elements
Info    : 0.50 < quality < 0.60 :       134 elements
Info    : 0.60 < quality < 0.70 :       505 elements
Info    : 0.70 < quality < 0.80 :       864 elements
Info    : 0.80 < quality < 0.90 :      1004 elements
Info    : 0.90 < quality < 1.00 :       481 elements
Info    : Optimizing volume 30003
Info    : Optimization starts (volume = 7.2e-06) with worst = 0.0149955 / average = 0.779683:
Info    : 0.00 < quality < 0.10 :        12 elements
Info    : 0.10 < quality < 0.20 :        31 elements
Info    : 0.20 < quality < 0.30 :        55 elements
Info    : 0.30 < quality < 0.40 :        61 elements
Info    : 0.40 < quality < 0.50 :        84 elements
Info    : 0.50 < quality < 0.60 :       180 elements
Info    : 0.60 < quality < 0.70 :       593 elements
Info    : 0.70 < quality < 0.80 :      1098 elements
Info    : 0.80 < quality < 0.90 :      1750 elements
Info    : 0.90 < quality < 1.00 :       792 elements
Info    : 96 edge swaps, 1 node relocations (volume = 7.2e-06): worst = 0.217243 / average = 0.793226 (Wall 0.000938556s, CPU 0.000938s)
Info    : 98 edge swaps, 1 node relocations (volume = 7.2e-06): worst = 0.302416 / average = 0.793477 (Wall 0.00114432s, CPU 0.001143s)
Info    : No ill-shaped tets in the mesh :-)
Info    : 0.00 < quality < 0.10 :         0 elements
Info    : 0.10 < quality < 0.20 :         0 elements
Info    : 0.20 < quality < 0.30 :         0 elements
Info    : 0.30 < quality < 0.40 :        61 elements
Info    : 0.40 < quality < 0.50 :        79 elements
Info    : 0.50 < quality < 0.60 :       161 elements
Info    : 0.60 < quality < 0.70 :       585 elements
Info    : 0.70 < quality < 0.80 :      1134 elements
Info    : 0.80 < quality < 0.90 :      1753 elements
Info    : 0.90 < quality < 1.00 :       792 elements
Info    : Optimizing volume 30004
Info    : Optimization starts (volume = 7.2e-06) with worst = 0.017378 / average = 0.771865:
Info    : 0.00 < quality < 0.10 :        14 elements
Info    : 0.10 < quality < 0.20 :        35 elements
Info    : 0.20 < quality < 0.30 :        56 elements
Info    : 0.30 < quality < 0.40 :        76 elements
Info    : 0.40 < quality < 0.50 :        88 elements
Info    : 0.50 < quality < 0.60 :       199 elements
Info    : 0.60 < quality < 0.70 :       656 elements
Info    : 0.70 < quality < 0.80 :      1153 elements
Info    : 0.80 < quality < 0.90 :      1633 elements
Info    : 0.90 < quality < 1.00 :       791 elements
Info    : 104 edge swaps, 5 node relocations (volume = 7.2e-06): worst = 0.300979 / average = 0.786696 (Wall 0.000996057s, CPU 0.000995s)
Info    : No ill-shaped tets in the mesh :-)
Info    : 0.00 < quality < 0.10 :         0 elements
Info    : 0.10 < quality < 0.20 :         0 elements
Info    : 0.20 < quality < 0.30 :         0 elements
Info    : 0.30 < quality < 0.40 :        76 elements
Info    : 0.40 < quality < 0.50 :        80 elements
Info    : 0.50 < quality < 0.60 :       195 elements
Info    : 0.60 < quality < 0.70 :       647 elements
Info    : 0.70 < quality < 0.80 :      1160 elements
Info    : 0.80 < quality < 0.90 :      1648 elements
Info    : 0.90 < quality < 1.00 :       798 elements
Info    : Optimizing volume 30005
Info    : Optimization starts (volume = 4.8e-06) with worst = 0.0156517 / average = 0.768823:
Info    : 0.00 < quality < 0.10 :        10 elements
Info    : 0.10 < quality < 0.20 :        24 elements
Info    : 0.20 < quality < 0.30 :        39 elements
Info    : 0.30 < quality < 0.40 :        53 elements
Info    : 0.40 < quality < 0.50 :        69 elements
Info    : 0.50 < quality < 0.60 :       131 elements
Info    : 0.60 < quality < 0.70 :       458 elements
Info    : 0.70 < quality < 0.80 :       837 elements
Info    : 0.80 < quality < 0.90 :      1026 elements
Info    : 0.90 < quality < 1.00 :       560 elements
Info    : 72 edge swaps, 0 node relocations (volume = 4.8e-06): worst = 0.300647 / average = 0.784289 (Wall 0.000596863s, CPU 0.000595s)
Info    : No ill-shaped tets in the mesh :-)
Info    : 0.00 < quality < 0.10 :         0 elements
Info    : 0.10 < quality < 0.20 :         0 elements
Info    : 0.20 < quality < 0.30 :         0 elements
Info    : 0.30 < quality < 0.40 :        53 elements
Info    : 0.40 < quality < 0.50 :        56 elements
Info    : 0.50 < quality < 0.60 :       126 elements
Info    : 0.60 < quality < 0.70 :       469 elements
Info    : 0.70 < quality < 0.80 :       829 elements
Info    : 0.80 < quality < 0.90 :      1041 elements
Info    : 0.90 < quality < 1.00 :       564 elements
Info    : Optimizing volume 30006
Info    : Optimization starts (volume = 4.8e-06) with worst = 0.0134517 / average = 0.769479:
Info    : 0.00 < quality < 0.10 :         7 elements
Info    : 0.10 < quality < 0.20 :        30 elements
Info    : 0.20 < quality < 0.30 :        32 elements
Info    : 0.30 < quality < 0.40 :        44 elements
Info    : 0.40 < quality < 0.50 :        74 elements
Info    : 0.50 < quality < 0.60 :       127 elements
Info    : 0.60 < quality < 0.70 :       456 elements
Info    : 0.70 < quality < 0.80 :       835 elements
Info    : 0.80 < quality < 0.90 :      1024 elements
Info    : 0.90 < quality < 1.00 :       535 elements
Info    : 69 edge swaps, 1 node relocations (volume = 4.8e-06): worst = 0.304616 / average = 0.784316 (Wall 0.000583357s, CPU 0.000583s)
Info    : No ill-shaped tets in the mesh :-)
Info    : 0.00 < quality < 0.10 :         0 elements
Info    : 0.10 < quality < 0.20 :         0 elements
Info    : 0.20 < quality < 0.30 :         0 elements
Info    : 0.30 < quality < 0.40 :        44 elements
Info    : 0.40 < quality < 0.50 :        66 elements
Info    : 0.50 < quality < 0.60 :       118 elements
Info    : 0.60 < quality < 0.70 :       461 elements
Info    : 0.70 < quality < 0.80 :       826 elements
Info    : 0.80 < quality < 0.90 :      1049 elements
Info    : 0.90 < quality < 1.00 :       535 elements
Info    : Optimizing volume 30007
Info    : Optimization starts (volume = 7.2e-06) with worst = 0.0147137 / average = 0.77803:
Info    : 0.00 < quality < 0.10 :        13 elements
Info    : 0.10 < quality < 0.20 :        36 elements
Info    : 0.20 < quality < 0.30 :        50 elements
Info    : 0.30 < quality < 0.40 :        63 elements
Info    : 0.40 < quality < 0.50 :       110 elements
Info    : 0.50 < quality < 0.60 :       194 elements
Info    : 0.60 < quality < 0.70 :       598 elements
Info    : 0.70 < quality < 0.80 :      1134 elements
Info    : 0.80 < quality < 0.90 :      1685 elements
Info    : 0.90 < quality < 1.00 :       883 elements
Info    : 98 edge swaps, 4 node relocations (volume = 7.2e-06): worst = 0.264594 / average = 0.791585 (Wall 0.000942685s, CPU 0.000942s)
Info    : 99 edge swaps, 4 node relocations (volume = 7.2e-06): worst = 0.289983 / average = 0.791527 (Wall 0.00120826s, CPU 0.001208s)
Info    : 100 edge swaps, 4 node relocations (volume = 7.2e-06): worst = 0.301636 / average = 0.791659 (Wall 0.00142261s, CPU 0.001422s)
Info    : No ill-shaped tets in the mesh :-)
Info    : 0.00 < quality < 0.10 :         0 elements
Info    : 0.10 < quality < 0.20 :         0 elements
Info    : 0.20 < quality < 0.30 :         0 elements
Info    : 0.30 < quality < 0.40 :        64 elements
Info    : 0.40 < quality < 0.50 :       107 elements
Info    : 0.50 < quality < 0.60 :       193 elements
Info    : 0.60 < quality < 0.70 :       583 elements
Info    : 0.70 < quality < 0.80 :      1142 elements
Info    : 0.80 < quality < 0.90 :      1695 elements
Info    : 0.90 < quality < 1.00 :       891 elements
Info    : Optimizing volume 30008
Info    : Optimization starts (volume = 7.2e-06) with worst = 0.00834615 / average = 0.772543:
Info    : 0.00 < quality < 0.10 :        12 elements
Info    : 0.10 < quality < 0.20 :        36 elements
Info    : 0.20 < quality < 0.30 :        51 elements
Info    : 0.30 < quality < 0.40 :        76 elements
Info    : 0.40 < quality < 0.50 :       121 elements
Info    : 0.50 < quality < 0.60 :       175 elements
Info    : 0.60 < quality < 0.70 :       616 elements
Info    : 0.70 < quality < 0.80 :      1068 elements
Info    : 0.80 < quality < 0.90 :      1682 elements
Info    : 0.90 < quality < 1.00 :       767 elements
Info    : 98 edge swaps, 2 node relocations (volume = 7.2e-06): worst = 0.275622 / average = 0.7855 (Wall 0.00102165s, CPU 0.00102s)
Info    : 99 edge swaps, 2 node relocations (volume = 7.2e-06): worst = 0.298776 / average = 0.785652 (Wall 0.00122967s, CPU 0.001226s)
Info    : No ill-shaped tets in the mesh :-)
Info    : 0.00 < quality < 0.10 :         0 elements
Info    : 0.10 < quality < 0.20 :         0 elements
Info    : 0.20 < quality < 0.30 :         1 elements
Info    : 0.30 < quality < 0.40 :        77 elements
Info    : 0.40 < quality < 0.50 :       107 elements
Info    : 0.50 < quality < 0.60 :       181 elements
Info    : 0.60 < quality < 0.70 :       614 elements
Info    : 0.70 < quality < 0.80 :      1089 elements
Info    : 0.80 < quality < 0.90 :      1685 elements
Info    : 0.90 < quality < 1.00 :       764 elements
Info    : Optimizing volume 30009
Info    : Optimization starts (volume = 4.8e-06) with worst = 0.033612 / average = 0.773176:
Info    : 0.00 < quality < 0.10 :         6 elements
Info    : 0.10 < quality < 0.20 :        28 elements
Info    : 0.20 < quality < 0.30 :        30 elements
Info    : 0.30 < quality < 0.40 :        43 elements
Info    : 0.40 < quality < 0.50 :        66 elements
Info    : 0.50 < quality < 0.60 :       113 elements
Info    : 0.60 < quality < 0.70 :       458 elements
Info    : 0.70 < quality < 0.80 :       853 elements
Info    : 0.80 < quality < 0.90 :      1052 elements
Info    : 0.90 < quality < 1.00 :       536 elements
Info    : 64 edge swaps, 2 node relocations (volume = 4.8e-06): worst = 0.300885 / average = 0.786079 (Wall 0.000613714s, CPU 0.000614s)
Info    : No ill-shaped tets in the mesh :-)
Info    : 0.00 < quality < 0.10 :         0 elements
Info    : 0.10 < quality < 0.20 :         0 elements
Info    : 0.20 < quality < 0.30 :         0 elements
Info    : 0.30 < quality < 0.40 :        40 elements
Info    : 0.40 < quality < 0.50 :        65 elements
Info    : 0.50 < quality < 0.60 :       115 elements
Info    : 0.60 < quality < 0.70 :       448 elements
Info    : 0.70 < quality < 0.80 :       855 elements
Info    : 0.80 < quality < 0.90 :      1071 elements
Info    : 0.90 < quality < 1.00 :       533 elements
Info    : Optimizing volume 30010
Info    : Optimization starts (volume = 4.8e-06) with worst = 0.0144381 / average = 0.769586:
Info    : 0.00 < quality < 0.10 :        10 elements
Info    : 0.10 < quality < 0.20 :        17 elements
Info    : 0.20 < quality < 0.30 :        27 elements
Info    : 0.30 < quality < 0.40 :        51 elements
Info    : 0.40 < quality < 0.50 :        71 elements
Info    : 0.50 < quality < 0.60 :       118 elements
Info    : 0.60 < quality < 0.70 :       469 elements
Info    : 0.70 < quality < 0.80 :       823 elements
Info    : 0.80 < quality < 0.90 :      1085 elements
Info    : 0.90 < quality < 1.00 :       464 elements
Info    : 54 edge swaps, 0 node relocations (volume = 4.8e-06): worst = 0.218742 / average = 0.780478 (Wall 0.000616149s, CPU 0.000616s)
Info    : 55 edge swaps, 0 node relocations (volume = 4.8e-06): worst = 0.301325 / average = 0.780684 (Wall 0.000743573s, CPU 0.000744s)
Info    : No ill-shaped tets in the mesh :-)
Info    : 0.00 < quality < 0.10 :         0 elements
Info    : 0.10 < quality < 0.20 :         0 elements
Info    : 0.20 < quality < 0.30 :         0 elements
Info    : 0.30 < quality < 0.40 :        51 elements
Info    : 0.40 < quality < 0.50 :        68 elements
Info    : 0.50 < quality < 0.60 :       113 elements
Info    : 0.60 < quality < 0.70 :       467 elements
Info    : 0.70 < quality < 0.80 :       831 elements
Info    : 0.80 < quality < 0.90 :      1090 elements
Info    : 0.90 < quality < 1.00 :       465 elements
Info    : Optimizing volume 30011
Info    : Optimization starts (volume = 7.2e-06) with worst = 0.0203279 / average = 0.781878:
Info    : 0.00 < quality < 0.10 :         8 elements
Info    : 0.10 < quality < 0.20 :        28 elements
Info    : 0.20 < quality < 0.30 :        39 elements
Info    : 0.30 < quality < 0.40 :        67 elements
Info    : 0.40 < quality < 0.50 :        86 elements
Info    : 0.50 < quality < 0.60 :       194 elements
Info    : 0.60 < quality < 0.70 :       588 elements
Info    : 0.70 < quality < 0.80 :      1065 elements
Info    : 0.80 < quality < 0.90 :      1660 elements
Info    : 0.90 < quality < 1.00 :       847 elements
Info    : 74 edge swaps, 0 node relocations (volume = 7.2e-06): worst = 0.300501 / average = 0.793119 (Wall 0.000704148s, CPU 0.000703s)
Info    : No ill-shaped tets in the mesh :-)
Info    : 0.00 < quality < 0.10 :         0 elements
Info    : 0.10 < quality < 0.20 :         0 elements
Info    : 0.20 < quality < 0.30 :         0 elements
Info    : 0.30 < quality < 0.40 :        61 elements
Info    : 0.40 < quality < 0.50 :        80 elements
Info    : 0.50 < quality < 0.60 :       187 elements
Info    : 0.60 < quality < 0.70 :       590 elements
Info    : 0.70 < quality < 0.80 :      1062 elements
Info    : 0.80 < quality < 0.90 :      1682 elements
Info    : 0.90 < quality < 1.00 :       848 elements
Info    : Optimizing volume 30012
Info    : Optimization starts (volume = 7.2e-06) with worst = 0.0160809 / average = 0.773447:
Info    : 0.00 < quality < 0.10 :        17 elements
Info    : 0.10 < quality < 0.20 :        29 elements
Info    : 0.20 < quality < 0.30 :        59 elements
Info    : 0.30 < quality < 0.40 :        69 elements
Info    : 0.40 < quality < 0.50 :       120 elements
Info    : 0.50 < quality < 0.60 :       156 elements
Info    : 0.60 < quality < 0.70 :       615 elements
Info    : 0.70 < quality < 0.80 :      1144 elements
Info    : 0.80 < quality < 0.90 :      1589 elements
Info    : 0.90 < quality < 1.00 :       799 elements
Info    : 105 edge swaps, 4 node relocations (volume = 7.2e-06): worst = 0.214344 / average = 0.787446 (Wall 0.000943014s, CPU 0.000942s)
Info    : 107 edge swaps, 6 node relocations (volume = 7.2e-06): worst = 0.307121 / average = 0.787621 (Wall 0.00116703s, CPU 0.001164s)
Info    : No ill-shaped tets in the mesh :-)
Info    : 0.00 < quality < 0.10 :         0 elements
Info    : 0.10 < quality < 0.20 :         0 elements
Info    : 0.20 < quality < 0.30 :         0 elements
Info    : 0.30 < quality < 0.40 :        74 elements
Info    : 0.40 < quality < 0.50 :       109 elements
Info    : 0.50 < quality < 0.60 :       166 elements
Info    : 0.60 < quality < 0.70 :       604 elements
Info    : 0.70 < quality < 0.80 :      1154 elements
Info    : 0.80 < quality < 0.90 :      1592 elements
Info    : 0.90 < quality < 1.00 :       806 elements
Info    : Optimizing volume 40001
Info    : Optimization starts (volume = 3.04e-06) with worst = 0.0301846 / average = 0.764046:
Info    : 0.00 < quality < 0.10 :         5 elements
Info    : 0.10 < quality < 0.20 :        24 elements
Info    : 0.20 < quality < 0.30 :        17 elements
Info    : 0.30 < quality < 0.40 :        22 elements
Info    : 0.40 < quality < 0.50 :        45 elements
Info    : 0.50 < quality < 0.60 :        76 elements
Info    : 0.60 < quality < 0.70 :       382 elements
Info    : 0.70 < quality < 0.80 :       550 elements
Info    : 0.80 < quality < 0.90 :       637 elements
Info    : 0.90 < quality < 1.00 :       314 elements
Info    : 46 edge swaps, 0 node relocations (volume = 3.04e-06): worst = 0.300975 / average = 0.779491 (Wall 0.000367524s, CPU 0.000366s)
Info    : No ill-shaped tets in the mesh :-)
Info    : 0.00 < quality < 0.10 :         0 elements
Info    : 0.10 < quality < 0.20 :         0 elements
Info    : 0.20 < quality < 0.30 :         0 elements
Info    : 0.30 < quality < 0.40 :        20 elements
Info    : 0.40 < quality < 0.50 :        40 elements
Info    : 0.50 < quality < 0.60 :        76 elements
Info    : 0.60 < quality < 0.70 :       374 elements
Info    : 0.70 < quality < 0.80 :       558 elements
Info    : 0.80 < quality < 0.90 :       643 elements
Info    : 0.90 < quality < 1.00 :       316 elements
Info    : Optimizing volume 40002
Info    : Optimization starts (volume = 3.04e-06) with worst = 0.0126175 / average = 0.765675:
Info    : 0.00 < quality < 0.10 :         8 elements
Info    : 0.10 < quality < 0.20 :        23 elements
Info    : 0.20 < quality < 0.30 :         8 elements
Info    : 0.30 < quality < 0.40 :        25 elements
Info    : 0.40 < quality < 0.50 :        43 elements
Info    : 0.50 < quality < 0.60 :       118 elements
Info    : 0.60 < quality < 0.70 :       354 elements
Info    : 0.70 < quality < 0.80 :       531 elements
Info    : 0.80 < quality < 0.90 :       659 elements
Info    : 0.90 < quality < 1.00 :       345 elements
Info    : 38 edge swaps, 0 node relocations (volume = 3.04e-06): worst = 0.300838 / average = 0.77795 (Wall 0.000333028s, CPU 0.000332s)
Info    : No ill-shaped tets in the mesh :-)
Info    : 0.00 < quality < 0.10 :         0 elements
Info    : 0.10 < quality < 0.20 :         0 elements
Info    : 0.20 < quality < 0.30 :         0 elements
Info    : 0.30 < quality < 0.40 :        25 elements
Info    : 0.40 < quality < 0.50 :        44 elements
Info    : 0.50 < quality < 0.60 :       116 elements
Info    : 0.60 < quality < 0.70 :       346 elements
Info    : 0.70 < quality < 0.80 :       532 elements
Info    : 0.80 < quality < 0.90 :       672 elements
Info    : 0.90 < quality < 1.00 :       343 elements
Info    : Optimizing volume 40003
Info    : Optimization starts (volume = 4.256e-06) with worst = 0.0111849 / average = 0.765599:
Info    : 0.00 < quality < 0.10 :        11 elements
Info    : 0.10 < quality < 0.20 :        27 elements
Info    : 0.20 < quality < 0.30 :        30 elements
Info    : 0.30 < quality < 0.40 :        48 elements
Info    : 0.40 < quality < 0.50 :        69 elements
Info    : 0.50 < quality < 0.60 :        95 elements
Info    : 0.60 < quality < 0.70 :       428 elements
Info    : 0.70 < quality < 0.80 :       767 elements
Info    : 0.80 < quality < 0.90 :       898 elements
Info    : 0.90 < quality < 1.00 :       465 elements
Info    : 68 edge swaps, 0 node relocations (volume = 4.256e-06): worst = 0.300406 / average = 0.781598 (Wall 0.000555523s, CPU 0.000554s)
Info    : No ill-shaped tets in the mesh :-)
Info    : 0.00 < quality < 0.10 :         0 elements
Info    : 0.10 < quality < 0.20 :         0 elements
Info    : 0.20 < quality < 0.30 :         0 elements
Info    : 0.30 < quality < 0.40 :        50 elements
Info    : 0.40 < quality < 0.50 :        65 elements
Info    : 0.50 < quality < 0.60 :        90 elements
Info    : 0.60 < quality < 0.70 :       416 elements
Info    : 0.70 < quality < 0.80 :       782 elements
Info    : 0.80 < quality < 0.90 :       903 elements
Info    : 0.90 < quality < 1.00 :       468 elements
Info    : Optimizing volume 40004
Info    : Optimization starts (volume = 4.256e-06) with worst = 0.0111849 / average = 0.764264:
Info    : 0.00 < quality < 0.10 :        10 elements
Info    : 0.10 < quality < 0.20 :        31 elements
Info    : 0.20 < quality < 0.30 :        31 elements
Info    : 0.30 < quality < 0.40 :        44 elements
Info    : 0.40 < quality < 0.50 :        58 elements
Info    : 0.50 < quality < 0.60 :       126 elements
Info    : 0.60 < quality < 0.70 :       446 elements
Info    : 0.70 < quality < 0.80 :       719 elements
Info    : 0.80 < quality < 0.90 :       941 elements
Info    : 0.90 < quality < 1.00 :       449 elements
Info    : 72 edge swaps, 5 node relocations (volume = 4.256e-06): worst = 0.144148 / average = 0.78025 (Wall 0.000618834s, CPU 0.000618s)
Info    : 73 edge swaps, 5 node relocations (volume = 4.256e-06): worst = 0.303543 / average = 0.780486 (Wall 0.000728985s, CPU 0.000728s)
Info    : No ill-shaped tets in the mesh :-)
Info    : 0.00 < quality < 0.10 :         0 elements
Info    : 0.10 < quality < 0.20 :         0 elements
Info    : 0.20 < quality < 0.30 :         0 elements
Info    : 0.30 < quality < 0.40 :        45 elements
Info    : 0.40 < quality < 0.50 :        58 elements
Info    : 0.50 < quality < 0.60 :       122 elements
Info    : 0.60 < quality < 0.70 :       436 elements
Info    : 0.70 < quality < 0.80 :       722 elements
Info    : 0.80 < quality < 0.90 :       957 elements
Info    : 0.90 < quality < 1.00 :       451 elements
Info    : Optimizing volume 40005
Info    : Optimization starts (volume = 3.04e-06) with worst = 0.0121239 / average = 0.769228:
Info    : 0.00 < quality < 0.10 :         6 elements
Info    : 0.10 < quality < 0.20 :        20 elements
Info    : 0.20 < quality < 0.30 :        20 elements
Info    : 0.30 < quality < 0.40 :        20 elements
Info    : 0.40 < quality < 0.50 :        28 elements
Info    : 0.50 < quality < 0.60 :        77 elements
Info    : 0.60 < quality < 0.70 :       367 elements
Info    : 0.70 < quality < 0.80 :       565 elements
Info    : 0.80 < quality < 0.90 :       684 elements
Info    : 0.90 < quality < 1.00 :       318 elements
Info    : 45 edge swaps, 0 node relocations (volume = 3.04e-06): worst = 0.301175 / average = 0.782928 (Wall 0.000372263s, CPU 0.000372s)
Info    : No ill-shaped tets in the mesh :-)
Info    : 0.00 < quality < 0.10 :         0 elements
Info    : 0.10 < quality < 0.20 :         0 elements
Info    : 0.20 < quality < 0.30 :         0 elements
Info    : 0.30 < quality < 0.40 :        23 elements
Info    : 0.40 < quality < 0.50 :        27 elements
Info    : 0.50 < quality < 0.60 :        66 elements
Info    : 0.60 < quality < 0.70 :       365 elements
Info    : 0.70 < quality < 0.80 :       579 elements
Info    : 0.80 < quality < 0.90 :       684 elements
Info    : 0.90 < quality < 1.00 :       321 elements
Info    : Optimizing volume 40006
Info    : Optimization starts (volume = 3.04e-06) with worst = 0.0115867 / average = 0.766707:
Info    : 0.00 < quality < 0.10 :         7 elements
Info    : 0.10 < quality < 0.20 :        17 elements
Info    : 0.20 < quality < 0.30 :        18 elements
Info    : 0.30 < quality < 0.40 :        22 elements
Info    : 0.40 < quality < 0.50 :        27 elements
Info    : 0.50 < quality < 0.60 :        74 elements
Info    : 0.60 < quality < 0.70 :       376 elements
Info    : 0.70 < quality < 0.80 :       584 elements
Info    : 0.80 < quality < 0.90 :       652 elements
Info    : 0.90 < quality < 1.00 :       299 elements
Info    : 42 edge swaps, 2 node relocations (volume = 3.04e-06): worst = 0.133519 / average = 0.779432 (Wall 0.000384075s, CPU 0.000384s)
Info    : 46 edge swaps, 6 node relocations (volume = 3.04e-06): worst = 0.295203 / average = 0.779723 (Wall 0.000507772s, CPU 0.000508s)
Info    : 47 edge swaps, 6 node relocations (volume = 3.04e-06): worst = 0.300464 / average = 0.780117 (Wall 0.000594618s, CPU 0.000594s)
Info    : No ill-shaped tets in the mesh :-)
Info    : 0.00 < quality < 0.10 :         0 elements
Info    : 0.10 < quality < 0.20 :         0 elements
Info    : 0.20 < quality < 0.30 :         0 elements
Info    : 0.30 < quality < 0.40 :        19 elements
Info    : 0.40 < quality < 0.50 :        26 elements
Info    : 0.50 < quality < 0.60 :        70 elements
Info    : 0.60 < quality < 0.70 :       376 elements
Info    : 0.70 < quality < 0.80 :       594 elements
Info    : 0.80 < quality < 0.90 :       654 elements
Info    : 0.90 < quality < 1.00 :       299 elements
Info    : Optimizing volume 40007
Info    : Optimization starts (volume = 4.256e-06) with worst = 0.0290964 / average = 0.771086:
Info    : 0.00 < quality < 0.10 :         4 elements
Info    : 0.10 < quality < 0.20 :        19 elements
Info    : 0.20 < quality < 0.30 :        29 elements
Info    : 0.30 < quality < 0.40 :        50 elements
Info    : 0.40 < quality < 0.50 :        49 elements
Info    : 0.50 < quality < 0.60 :       100 elements
Info    : 0.60 < quality < 0.70 :       443 elements
Info    : 0.70 < quality < 0.80 :       743 elements
Info    : 0.80 < quality < 0.90 :       923 elements
Info    : 0.90 < quality < 1.00 :       445 elements
Info    : 52 edge swaps, 2 node relocations (volume = 4.256e-06): worst = 0.234452 / average = 0.783579 (Wall 0.000483445s, CPU 0.000482s)
Info    : 53 edge swaps, 2 node relocations (volume = 4.256e-06): worst = 0.304062 / average = 0.783584 (Wall 0.000596351s, CPU 0.000595s)
Info    : No ill-shaped tets in the mesh :-)
Info    : 0.00 < quality < 0.10 :         0 elements
Info    : 0.10 < quality < 0.20 :         0 elements
Info    : 0.20 < quality < 0.30 :         0 elements
Info    : 0.30 < quality < 0.40 :        48 elements
Info    : 0.40 < quality < 0.50 :        48 elements
Info    : 0.50 < quality < 0.60 :        98 elements
Info    : 0.60 < quality < 0.70 :       433 elements
Info    : 0.70 < quality < 0.80 :       743 elements
Info    : 0.80 < quality < 0.90 :       938 elements
Info    : 0.90 < quality < 1.00 :       448 elements
Info    : Optimizing volume 40008
Info    : Optimization starts (volume = 4.256e-06) with worst = 0.0172092 / average = 0.770238:
Info    : 0.00 < quality < 0.10 :         9 elements
Info    : 0.10 < quality < 0.20 :        27 elements
Info    : 0.20 < quality < 0.30 :        31 elements
Info    : 0.30 < quality < 0.40 :        43 elements
Info    : 0.40 < quality < 0.50 :        48 elements
Info    : 0.50 < quality < 0.60 :       117 elements
Info    : 0.60 < quality < 0.70 :       415 elements
Info    : 0.70 < quality < 0.80 :       741 elements
Info    : 0.80 < quality < 0.90 :       929 elements
Info    : 0.90 < quality < 1.00 :       472 elements
Info    : 67 edge swaps, 0 node relocations (volume = 4.256e-06): worst = 0.300485 / average = 0.786958 (Wall 0.000533301s, CPU 0.000533s)
Info    : No ill-shaped tets in the mesh :-)
Info    : 0.00 < quality < 0.10 :         0 elements
Info    : 0.10 < quality < 0.20 :         0 elements
Info    : 0.20 < quality < 0.30 :         0 elements
Info    : 0.30 < quality < 0.40 :        39 elements
Info    : 0.40 < quality < 0.50 :        40 elements
Info    : 0.50 < quality < 0.60 :       117 elements
Info    : 0.60 < quality < 0.70 :       397 elements
Info    : 0.70 < quality < 0.80 :       757 elements
Info    : 0.80 < quality < 0.90 :       945 elements
Info    : 0.90 < quality < 1.00 :       472 elements
Info    : Optimizing volume 40009
Info    : Optimization starts (volume = 3.04e-06) with worst = 0.00831799 / average = 0.767639:
Info    : 0.00 < quality < 0.10 :         3 elements
Info    : 0.10 < quality < 0.20 :        24 elements
Info    : 0.20 < quality < 0.30 :        22 elements
Info    : 0.30 < quality < 0.40 :        26 elements
Info    : 0.40 < quality < 0.50 :        51 elements
Info    : 0.50 < quality < 0.60 :        91 elements
Info    : 0.60 < quality < 0.70 :       370 elements
Info    : 0.70 < quality < 0.80 :       496 elements
Info    : 0.80 < quality < 0.90 :       704 elements
Info    : 0.90 < quality < 1.00 :       357 elements
Info    : 49 edge swaps, 0 node relocations (volume = 3.04e-06): worst = 0.300274 / average = 0.783194 (Wall 0.000394304s, CPU 0.000394s)
Info    : No ill-shaped tets in the mesh :-)
Info    : 0.00 < quality < 0.10 :         0 elements
Info    : 0.10 < quality < 0.20 :         0 elements
Info    : 0.20 < quality < 0.30 :         0 elements
Info    : 0.30 < quality < 0.40 :        23 elements
Info    : 0.40 < quality < 0.50 :        45 elements
Info    : 0.50 < quality < 0.60 :        92 elements
Info    : 0.60 < quality < 0.70 :       361 elements
Info    : 0.70 < quality < 0.80 :       503 elements
Info    : 0.80 < quality < 0.90 :       719 elements
Info    : 0.90 < quality < 1.00 :       354 elements
Info    : Optimizing volume 40010
Info    : Optimization starts (volume = 3.04e-06) with worst = 0.00533734 / average = 0.764538:
Info    : 0.00 < quality < 0.10 :        11 elements
Info    : 0.10 < quality < 0.20 :        14 elements
Info    : 0.20 < quality < 0.30 :        23 elements
Info    : 0.30 < quality < 0.40 :        26 elements
Info    : 0.40 < quality < 0.50 :        33 elements
Info    : 0.50 < quality < 0.60 :        88 elements
Info    : 0.60 < quality < 0.70 :       356 elements
Info    : 0.70 < quality < 0.80 :       537 elements
Info    : 0.80 < quality < 0.90 :       661 elements
Info    : 0.90 < quality < 1.00 :       314 elements
Info    : 47 edge swaps, 3 node relocations (volume = 3.04e-06): worst = 0.301077 / average = 0.779386 (Wall 0.000406378s, CPU 0.000407s)
Info    : No ill-shaped tets in the mesh :-)
Info    : 0.00 < quality < 0.10 :         0 elements
Info    : 0.10 < quality < 0.20 :         0 elements
Info    : 0.20 < quality < 0.30 :         0 elements
Info    : 0.30 < quality < 0.40 :        28 elements
Info    : 0.40 < quality < 0.50 :        33 elements
Info    : 0.50 < quality < 0.60 :        84 elements
Info    : 0.60 < quality < 0.70 :       351 elements
Info    : 0.70 < quality < 0.80 :       531 elements
Info    : 0.80 < quality < 0.90 :       685 elements
Info    : 0.90 < quality < 1.00 :       308 elements
Info    : Optimizing volume 40011
Info    : Optimization starts (volume = 4.256e-06) with worst = 0.02491 / average = 0.778881:
Info    : 0.00 < quality < 0.10 :        11 elements
Info    : 0.10 < quality < 0.20 :        21 elements
Info    : 0.20 < quality < 0.30 :        19 elements
Info    : 0.30 < quality < 0.40 :        30 elements
Info    : 0.40 < quality < 0.50 :        42 elements
Info    : 0.50 < quality < 0.60 :       100 elements
Info    : 0.60 < quality < 0.70 :       386 elements
Info    : 0.70 < quality < 0.80 :       744 elements
Info    : 0.80 < quality < 0.90 :       972 elements
Info    : 0.90 < quality < 1.00 :       460 elements
Info    : 51 edge swaps, 0 node relocations (volume = 4.256e-06): worst = 0.306767 / average = 0.791322 (Wall 0.000450031s, CPU 0.00045s)
Info    : No ill-shaped tets in the mesh :-)
Info    : 0.00 < quality < 0.10 :         0 elements
Info    : 0.10 < quality < 0.20 :         0 elements
Info    : 0.20 < quality < 0.30 :         0 elements
Info    : 0.30 < quality < 0.40 :        29 elements
Info    : 0.40 < quality < 0.50 :        42 elements
Info    : 0.50 < quality < 0.60 :        87 elements
Info    : 0.60 < quality < 0.70 :       384 elements
Info    : 0.70 < quality < 0.80 :       761 elements
Info    : 0.80 < quality < 0.90 :       977 elements
Info    : 0.90 < quality < 1.00 :       457 elements
Info    : Optimizing volume 40012
Info    : Optimization starts (volume = 4.256e-06) with worst = 0.00527662 / average = 0.77265:
Info    : 0.00 < quality < 0.10 :        14 elements
Info    : 0.10 < quality < 0.20 :        24 elements
Info    : 0.20 < quality < 0.30 :        27 elements
Info    : 0.30 < quality < 0.40 :        25 elements
Info    : 0.40 < quality < 0.50 :        50 elements
Info    : 0.50 < quality < 0.60 :       107 elements
Info    : 0.60 < quality < 0.70 :       402 elements
Info    : 0.70 < quality < 0.80 :       755 elements
Info    : 0.80 < quality < 0.90 :       958 elements
Info    : 0.90 < quality < 1.00 :       438 elements
Info    : 64 edge swaps, 2 node relocations (volume = 4.256e-06): worst = 0.29326 / average = 0.788594 (Wall 0.000497863s, CPU 0.000496s)
Info    : No ill-shaped tets in the mesh :-)
Info    : 0.00 < quality < 0.10 :         0 elements
Info    : 0.10 < quality < 0.20 :         0 elements
Info    : 0.20 < quality < 0.30 :         1 elements
Info    : 0.30 < quality < 0.40 :        27 elements
Info    : 0.40 < quality < 0.50 :        41 elements
Info    : 0.50 < quality < 0.60 :       102 elements
Info    : 0.60 < quality < 0.70 :       391 elements
Info    : 0.70 < quality < 0.80 :       760 elements
Info    : 0.80 < quality < 0.90 :       979 elements
Info    : 0.90 < quality < 1.00 :       437 elements
Info    : Optimizing volume 40013
Info    : Optimization starts (volume = 0.0140868) with worst = 0.00161172 / average = 0.737989:
Info    : 0.00 < quality < 0.10 :      2920 elements
Info    : 0.10 < quality < 0.20 :      8226 elements
Info    : 0.20 < quality < 0.30 :     17247 elements
Info    : 0.30 < quality < 0.40 :     30566 elements
Info    : 0.40 < quality < 0.50 :     45736 elements
Info    : 0.50 < quality < 0.60 :     68370 elements
Info    : 0.60 < quality < 0.70 :    118258 elements
Info    : 0.70 < quality < 0.80 :    225324 elements
Info    : 0.80 < quality < 0.90 :    289696 elements
Info    : 0.90 < quality < 1.00 :    133597 elements
Info    : 23323 edge swaps, 3074 node relocations (volume = 0.0140868): worst = 0.0108295 / average = 0.750646 (Wall 0.835561s, CPU 0.834s)
Info    : 24762 edge swaps, 3827 node relocations (volume = 0.0140868): worst = 0.0108295 / average = 0.750847 (Wall 1.18409s, CPU 1.18198s)
Info    : No ill-shaped tets in the mesh :-)
Info    : 0.00 < quality < 0.10 :        13 elements
Info    : 0.10 < quality < 0.20 :       145 elements
Info    : 0.20 < quality < 0.30 :      2417 elements
Info    : 0.30 < quality < 0.40 :     31752 elements
Info    : 0.40 < quality < 0.50 :     46453 elements
Info    : 0.50 < quality < 0.60 :     68965 elements
Info    : 0.60 < quality < 0.70 :    118936 elements
Info    : 0.70 < quality < 0.80 :    225883 elements
Info    : 0.80 < quality < 0.90 :    291123 elements
Info    : 0.90 < quality < 1.00 :    132326 elements
Info    : Done optimizing mesh (Wall 3.17938s, CPU 3.11083s)
Info    : 215420 nodes 1476799 elements
Info    : Writing '/output/ac66e80266d88f64f9afe4c2/motor.msh'...
Info    : Done writing '/output/ac66e80266d88f64f9afe4c2/motor.msh'
Info    : Stopped on Sun Aug 16 19:35:06 2026 (From start: Wall 29.5959s, CPU 29.5536s)
