{
  "schemaVersion": "solver-environment-v1",
  "software": {"gmsh": "4.8.4", "getdp": "3.5.0"},
  "image": {"reference": "opensimphy-edwin-gray-fem@sha256:27f6e63f74e9d33b0071820a6b0765d4cac1578e0dcf7c748cebe7f6770f2b2d", "revision": "817d122-source-v2"},
  "source": {"kind": "debian-snapshot+getdp-official-sha256", "baseImage": "debian@sha256:362e64223cc0da95422b3b13c045186fc0a81250e765d31c025fbddf257f6143", "debianSnapshot": "20260804T000000Z", "gmshPackage": "4.8.4+ds2-3", "getdpPackage": "official-3.5.0"},
  "architecture": {"os": "linux", "debian": "amd64", "kernel": "x86_64"},
  "execution": {"command": "gmsh", "options": ["/output/31cd83d8836b1eac7ca1eeee/geometry-wrapper.geo","-3","-nt","1","-format","msh4","-o","/output/31cd83d8836b1eac7ca1eeee/motor.msh"], "threadCount": 1},
  "runner": {"revision": "6dafb09f4f8ad45d2aae3c8bc5ceb9af274f2994", "sourceRevision": "0df2f6aca645b53a2ba28847c08273311fdfd3ff5a56928438575d3537f608b5"}
}
Info    : Running 'gmsh /output/31cd83d8836b1eac7ca1eeee/geometry-wrapper.geo -3 -nt 1 -format msh4 -o /output/31cd83d8836b1eac7ca1eeee/motor.msh' [Gmsh 4.8.4, 1 node, max. 1 thread]
Info    : Started on Sun Aug 16 19:38:41 2026
Info    : Reading '/output/31cd83d8836b1eac7ca1eeee/geometry-wrapper.geo'...
Info    : Reading '/workspace/geometry/patent-3890548-3d.geo'...
Info    : Done reading '/workspace/geometry/patent-3890548-3d.geo'
Info    : Done reading '/output/31cd83d8836b1eac7ca1eeee/geometry-wrapper.geo'
Info    : Meshing 1D...
Info    : [  0%] Meshing curve 28 (Line)
Info    : [ 10%] Meshing curve 29 (Line)
Info    : [ 10%] Meshing curve 30 (Line)
Info    : [ 10%] Meshing curve 31 (Line)
Info    : [ 10%] Meshing curve 32 (Line)
Info    : [ 10%] Meshing curve 33 (Line)
Info    : [ 10%] Meshing curve 34 (Line)
Info    : [ 10%] Meshing curve 35 (Line)
Info    : [ 10%] Meshing curve 36 (Line)
Info    : [ 10%] Meshing curve 37 (Line)
Info    : [ 10%] Meshing curve 38 (Line)
Info    : [ 10%] Meshing curve 39 (Line)
Info    : [ 10%] Meshing curve 40 (Line)
Info    : [ 10%] Meshing curve 41 (Line)
Info    : [ 10%] Meshing curve 42 (Line)
Info    : [ 10%] Meshing curve 43 (Line)
Info    : [ 10%] Meshing curve 44 (Line)
Info    : [ 10%] Meshing curve 45 (Line)
Info    : [ 10%] Meshing curve 46 (Line)
Info    : [ 10%] Meshing curve 47 (Line)
Info    : [ 10%] Meshing curve 48 (Line)
Info    : [ 10%] Meshing curve 49 (Line)
Info    : [ 10%] Meshing curve 50 (Line)
Info    : [ 10%] Meshing curve 51 (Line)
Info    : [ 10%] Meshing curve 76 (Line)
Info    : [ 10%] Meshing curve 77 (Line)
Info    : [ 10%] Meshing curve 78 (Line)
Info    : [ 10%] Meshing curve 79 (Line)
Info    : [ 10%] Meshing curve 80 (Line)
Info    : [ 10%] Meshing curve 81 (Line)
Info    : [ 10%] Meshing curve 82 (Line)
Info    : [ 10%] Meshing curve 83 (Line)
Info    : [ 10%] Meshing curve 84 (Line)
Info    : [ 10%] Meshing curve 85 (Line)
Info    : [ 10%] Meshing curve 86 (Line)
Info    : [ 10%] Meshing curve 87 (Line)
Info    : [ 10%] Meshing curve 88 (Line)
Info    : [ 10%] Meshing curve 89 (Line)
Info    : [ 10%] Meshing curve 90 (Line)
Info    : [ 10%] Meshing curve 91 (Line)
Info    : [ 10%] Meshing curve 92 (Line)
Info    : [ 10%] Meshing curve 93 (Line)
Info    : [ 10%] Meshing curve 94 (Line)
Info    : [ 10%] Meshing curve 95 (Line)
Info    : [ 10%] Meshing curve 96 (Line)
Info    : [ 10%] Meshing curve 97 (Line)
Info    : [ 10%] Meshing curve 98 (Line)
Info    : [ 10%] Meshing curve 99 (Line)
Info    : [ 10%] Meshing curve 124 (Line)
Info    : [ 10%] Meshing curve 125 (Line)
Info    : [ 10%] Meshing curve 126 (Line)
Info    : [ 10%] Meshing curve 127 (Line)
Info    : [ 10%] Meshing curve 128 (Line)
Info    : [ 10%] Meshing curve 129 (Line)
Info    : [ 10%] Meshing curve 130 (Line)
Info    : [ 10%] Meshing curve 131 (Line)
Info    : [ 10%] Meshing curve 132 (Line)
Info    : [ 10%] Meshing curve 133 (Line)
Info    : [ 10%] Meshing curve 134 (Line)
Info    : [ 10%] Meshing curve 135 (Line)
Info    : [ 10%] Meshing curve 136 (Line)
Info    : [ 10%] Meshing curve 137 (Line)
Info    : [ 10%] Meshing curve 138 (Line)
Info    : [ 10%] Meshing curve 139 (Line)
Info    : [ 10%] Meshing curve 140 (Line)
Info    : [ 10%] Meshing curve 141 (Line)
Info    : [ 10%] Meshing curve 142 (Line)
Info    : [ 10%] Meshing curve 143 (Line)
Info    : [ 10%] Meshing curve 144 (Line)
Info    : [ 10%] Meshing curve 145 (Line)
Info    : [ 10%] Meshing curve 146 (Line)
Info    : [ 10%] Meshing curve 147 (Line)
Info    : [ 10%] Meshing curve 172 (Line)
Info    : [ 10%] Meshing curve 173 (Line)
Info    : [ 10%] Meshing curve 174 (Line)
Info    : [ 10%] Meshing curve 175 (Line)
Info    : [ 10%] Meshing curve 176 (Line)
Info    : [ 10%] Meshing curve 177 (Line)
Info    : [ 10%] Meshing curve 178 (Line)
Info    : [ 10%] Meshing curve 179 (Line)
Info    : [ 10%] Meshing curve 180 (Line)
Info    : [ 10%] Meshing curve 181 (Line)
Info    : [ 10%] Meshing curve 182 (Line)
Info    : [ 10%] Meshing curve 183 (Line)
Info    : [ 10%] Meshing curve 184 (Line)
Info    : [ 10%] Meshing curve 185 (Line)
Info    : [ 10%] Meshing curve 186 (Line)
Info    : [ 10%] Meshing curve 187 (Line)
Info    : [ 10%] Meshing curve 188 (Line)
Info    : [ 10%] Meshing curve 189 (Line)
Info    : [ 10%] Meshing curve 190 (Line)
Info    : [ 10%] Meshing curve 191 (Line)
Info    : [ 10%] Meshing curve 192 (Line)
Info    : [ 10%] Meshing curve 193 (Line)
Info    : [ 10%] Meshing curve 194 (Line)
Info    : [ 10%] Meshing curve 195 (Line)
Info    : [ 10%] Meshing curve 220 (Line)
Info    : [ 10%] Meshing curve 221 (Line)
Info    : [ 10%] Meshing curve 222 (Line)
Info    : [ 10%] Meshing curve 223 (Line)
Info    : [ 10%] Meshing curve 224 (Line)
Info    : [ 10%] Meshing curve 225 (Line)
Info    : [ 10%] Meshing curve 226 (Line)
Info    : [ 10%] Meshing curve 227 (Line)
Info    : [ 10%] Meshing curve 228 (Line)
Info    : [ 10%] Meshing curve 229 (Line)
Info    : [ 10%] Meshing curve 230 (Line)
Info    : [ 10%] Meshing curve 231 (Line)
Info    : [ 10%] Meshing curve 232 (Line)
Info    : [ 10%] Meshing curve 233 (Line)
Info    : [ 10%] Meshing curve 234 (Line)
Info    : [ 10%] Meshing curve 235 (Line)
Info    : [ 10%] Meshing curve 236 (Line)
Info    : [ 10%] Meshing curve 237 (Line)
Info    : [ 10%] Meshing curve 238 (Line)
Info    : [ 10%] Meshing curve 239 (Line)
Info    : [ 20%] Meshing curve 240 (Line)
Info    : [ 20%] Meshing curve 241 (Line)
Info    : [ 20%] Meshing curve 242 (Line)
Info    : [ 20%] Meshing curve 243 (Line)
Info    : [ 20%] Meshing curve 268 (Line)
Info    : [ 20%] Meshing curve 269 (Line)
Info    : [ 20%] Meshing curve 270 (Line)
Info    : [ 20%] Meshing curve 271 (Line)
Info    : [ 20%] Meshing curve 272 (Line)
Info    : [ 20%] Meshing curve 273 (Line)
Info    : [ 20%] Meshing curve 274 (Line)
Info    : [ 20%] Meshing curve 275 (Line)
Info    : [ 20%] Meshing curve 276 (Line)
Info    : [ 20%] Meshing curve 277 (Line)
Info    : [ 20%] Meshing curve 278 (Line)
Info    : [ 20%] Meshing curve 279 (Line)
Info    : [ 20%] Meshing curve 280 (Line)
Info    : [ 20%] Meshing curve 281 (Line)
Info    : [ 20%] Meshing curve 282 (Line)
Info    : [ 20%] Meshing curve 283 (Line)
Info    : [ 20%] Meshing curve 284 (Line)
Info    : [ 20%] Meshing curve 285 (Line)
Info    : [ 20%] Meshing curve 286 (Line)
Info    : [ 20%] Meshing curve 287 (Line)
Info    : [ 20%] Meshing curve 288 (Line)
Info    : [ 20%] Meshing curve 289 (Line)
Info    : [ 20%] Meshing curve 290 (Line)
Info    : [ 20%] Meshing curve 291 (Line)
Info    : [ 20%] Meshing curve 316 (Line)
Info    : [ 20%] Meshing curve 317 (Line)
Info    : [ 20%] Meshing curve 318 (Line)
Info    : [ 20%] Meshing curve 319 (Line)
Info    : [ 20%] Meshing curve 320 (Line)
Info    : [ 20%] Meshing curve 321 (Line)
Info    : [ 20%] Meshing curve 322 (Line)
Info    : [ 20%] Meshing curve 323 (Line)
Info    : [ 20%] Meshing curve 324 (Line)
Info    : [ 20%] Meshing curve 325 (Line)
Info    : [ 20%] Meshing curve 326 (Line)
Info    : [ 20%] Meshing curve 327 (Line)
Info    : [ 20%] Meshing curve 328 (Line)
Info    : [ 20%] Meshing curve 329 (Line)
Info    : [ 20%] Meshing curve 330 (Line)
Info    : [ 20%] Meshing curve 331 (Line)
Info    : [ 20%] Meshing curve 332 (Line)
Info    : [ 20%] Meshing curve 333 (Line)
Info    : [ 20%] Meshing curve 334 (Line)
Info    : [ 20%] Meshing curve 335 (Line)
Info    : [ 20%] Meshing curve 336 (Line)
Info    : [ 20%] Meshing curve 337 (Line)
Info    : [ 20%] Meshing curve 338 (Line)
Info    : [ 20%] Meshing curve 339 (Line)
Info    : [ 20%] Meshing curve 364 (Line)
Info    : [ 20%] Meshing curve 365 (Line)
Info    : [ 20%] Meshing curve 366 (Line)
Info    : [ 20%] Meshing curve 367 (Line)
Info    : [ 20%] Meshing curve 368 (Line)
Info    : [ 20%] Meshing curve 369 (Line)
Info    : [ 20%] Meshing curve 370 (Line)
Info    : [ 20%] Meshing curve 371 (Line)
Info    : [ 20%] Meshing curve 372 (Line)
Info    : [ 20%] Meshing curve 373 (Line)
Info    : [ 20%] Meshing curve 374 (Line)
Info    : [ 20%] Meshing curve 375 (Line)
Info    : [ 20%] Meshing curve 376 (Line)
Info    : [ 20%] Meshing curve 377 (Line)
Info    : [ 20%] Meshing curve 378 (Line)
Info    : [ 20%] Meshing curve 379 (Line)
Info    : [ 20%] Meshing curve 380 (Line)
Info    : [ 20%] Meshing curve 381 (Line)
Info    : [ 20%] Meshing curve 382 (Line)
Info    : [ 20%] Meshing curve 383 (Line)
Info    : [ 20%] Meshing curve 384 (Line)
Info    : [ 20%] Meshing curve 385 (Line)
Info    : [ 20%] Meshing curve 386 (Line)
Info    : [ 20%] Meshing curve 387 (Line)
Info    : [ 20%] Meshing curve 412 (Line)
Info    : [ 20%] Meshing curve 413 (Line)
Info    : [ 20%] Meshing curve 414 (Line)
Info    : [ 20%] Meshing curve 415 (Line)
Info    : [ 20%] Meshing curve 416 (Line)
Info    : [ 20%] Meshing curve 417 (Line)
Info    : [ 20%] Meshing curve 418 (Line)
Info    : [ 20%] Meshing curve 419 (Line)
Info    : [ 20%] Meshing curve 420 (Line)
Info    : [ 20%] Meshing curve 421 (Line)
Info    : [ 20%] Meshing curve 422 (Line)
Info    : [ 20%] Meshing curve 423 (Line)
Info    : [ 20%] Meshing curve 424 (Line)
Info    : [ 20%] Meshing curve 425 (Line)
Info    : [ 20%] Meshing curve 426 (Line)
Info    : [ 20%] Meshing curve 427 (Line)
Info    : [ 20%] Meshing curve 428 (Line)
Info    : [ 20%] Meshing curve 429 (Line)
Info    : [ 20%] Meshing curve 430 (Line)
Info    : [ 20%] Meshing curve 431 (Line)
Info    : [ 20%] Meshing curve 432 (Line)
Info    : [ 20%] Meshing curve 433 (Line)
Info    : [ 20%] Meshing curve 434 (Line)
Info    : [ 20%] Meshing curve 435 (Line)
Info    : [ 20%] Meshing curve 460 (Line)
Info    : [ 20%] Meshing curve 461 (Line)
Info    : [ 20%] Meshing curve 462 (Line)
Info    : [ 20%] Meshing curve 463 (Line)
Info    : [ 20%] Meshing curve 464 (Line)
Info    : [ 20%] Meshing curve 465 (Line)
Info    : [ 20%] Meshing curve 466 (Line)
Info    : [ 20%] Meshing curve 467 (Line)
Info    : [ 20%] Meshing curve 468 (Line)
Info    : [ 20%] Meshing curve 469 (Line)
Info    : [ 20%] Meshing curve 470 (Line)
Info    : [ 20%] Meshing curve 471 (Line)
Info    : [ 20%] Meshing curve 472 (Line)
Info    : [ 20%] Meshing curve 473 (Line)
Info    : [ 20%] Meshing curve 474 (Line)
Info    : [ 20%] Meshing curve 475 (Line)
Info    : [ 30%] Meshing curve 476 (Line)
Info    : [ 30%] Meshing curve 477 (Line)
Info    : [ 30%] Meshing curve 478 (Line)
Info    : [ 30%] Meshing curve 479 (Line)
Info    : [ 30%] Meshing curve 480 (Line)
Info    : [ 30%] Meshing curve 481 (Line)
Info    : [ 30%] Meshing curve 482 (Line)
Info    : [ 30%] Meshing curve 483 (Line)
Info    : [ 30%] Meshing curve 508 (Line)
Info    : [ 30%] Meshing curve 509 (Line)
Info    : [ 30%] Meshing curve 510 (Line)
Info    : [ 30%] Meshing curve 511 (Line)
Info    : [ 30%] Meshing curve 512 (Line)
Info    : [ 30%] Meshing curve 513 (Line)
Info    : [ 30%] Meshing curve 514 (Line)
Info    : [ 30%] Meshing curve 515 (Line)
Info    : [ 30%] Meshing curve 516 (Line)
Info    : [ 30%] Meshing curve 517 (Line)
Info    : [ 30%] Meshing curve 518 (Line)
Info    : [ 30%] Meshing curve 519 (Line)
Info    : [ 30%] Meshing curve 520 (Line)
Info    : [ 30%] Meshing curve 521 (Line)
Info    : [ 30%] Meshing curve 522 (Line)
Info    : [ 30%] Meshing curve 523 (Line)
Info    : [ 30%] Meshing curve 524 (Line)
Info    : [ 30%] Meshing curve 525 (Line)
Info    : [ 30%] Meshing curve 526 (Line)
Info    : [ 30%] Meshing curve 527 (Line)
Info    : [ 30%] Meshing curve 528 (Line)
Info    : [ 30%] Meshing curve 529 (Line)
Info    : [ 30%] Meshing curve 530 (Line)
Info    : [ 30%] Meshing curve 531 (Line)
Info    : [ 30%] Meshing curve 556 (Line)
Info    : [ 30%] Meshing curve 557 (Line)
Info    : [ 30%] Meshing curve 558 (Line)
Info    : [ 30%] Meshing curve 559 (Line)
Info    : [ 30%] Meshing curve 560 (Line)
Info    : [ 30%] Meshing curve 561 (Line)
Info    : [ 30%] Meshing curve 562 (Line)
Info    : [ 30%] Meshing curve 563 (Line)
Info    : [ 30%] Meshing curve 564 (Line)
Info    : [ 30%] Meshing curve 565 (Line)
Info    : [ 30%] Meshing curve 566 (Line)
Info    : [ 30%] Meshing curve 567 (Line)
Info    : [ 30%] Meshing curve 568 (Line)
Info    : [ 30%] Meshing curve 569 (Line)
Info    : [ 30%] Meshing curve 570 (Line)
Info    : [ 30%] Meshing curve 571 (Line)
Info    : [ 30%] Meshing curve 572 (Line)
Info    : [ 30%] Meshing curve 573 (Line)
Info    : [ 30%] Meshing curve 574 (Line)
Info    : [ 30%] Meshing curve 575 (Line)
Info    : [ 30%] Meshing curve 576 (Line)
Info    : [ 30%] Meshing curve 577 (Line)
Info    : [ 30%] Meshing curve 578 (Line)
Info    : [ 30%] Meshing curve 579 (Line)
Info    : [ 30%] Meshing curve 604 (Line)
Info    : [ 30%] Meshing curve 605 (Line)
Info    : [ 30%] Meshing curve 606 (Line)
Info    : [ 30%] Meshing curve 607 (Line)
Info    : [ 30%] Meshing curve 608 (Line)
Info    : [ 30%] Meshing curve 609 (Line)
Info    : [ 30%] Meshing curve 610 (Line)
Info    : [ 30%] Meshing curve 611 (Line)
Info    : [ 30%] Meshing curve 612 (Line)
Info    : [ 30%] Meshing curve 613 (Line)
Info    : [ 30%] Meshing curve 614 (Line)
Info    : [ 30%] Meshing curve 615 (Line)
Info    : [ 30%] Meshing curve 616 (Line)
Info    : [ 30%] Meshing curve 617 (Line)
Info    : [ 30%] Meshing curve 618 (Line)
Info    : [ 30%] Meshing curve 619 (Line)
Info    : [ 30%] Meshing curve 620 (Line)
Info    : [ 30%] Meshing curve 621 (Line)
Info    : [ 30%] Meshing curve 622 (Line)
Info    : [ 30%] Meshing curve 623 (Line)
Info    : [ 30%] Meshing curve 624 (Line)
Info    : [ 30%] Meshing curve 625 (Line)
Info    : [ 30%] Meshing curve 626 (Line)
Info    : [ 30%] Meshing curve 627 (Line)
Info    : [ 30%] Meshing curve 652 (Line)
Info    : [ 30%] Meshing curve 653 (Line)
Info    : [ 30%] Meshing curve 654 (Line)
Info    : [ 30%] Meshing curve 655 (Line)
Info    : [ 30%] Meshing curve 656 (Line)
Info    : [ 30%] Meshing curve 657 (Line)
Info    : [ 30%] Meshing curve 658 (Line)
Info    : [ 30%] Meshing curve 659 (Line)
Info    : [ 30%] Meshing curve 660 (Line)
Info    : [ 30%] Meshing curve 661 (Line)
Info    : [ 30%] Meshing curve 662 (Line)
Info    : [ 30%] Meshing curve 663 (Line)
Info    : [ 30%] Meshing curve 664 (Line)
Info    : [ 30%] Meshing curve 665 (Line)
Info    : [ 30%] Meshing curve 666 (Line)
Info    : [ 30%] Meshing curve 667 (Line)
Info    : [ 30%] Meshing curve 668 (Line)
Info    : [ 30%] Meshing curve 669 (Line)
Info    : [ 30%] Meshing curve 670 (Line)
Info    : [ 30%] Meshing curve 671 (Line)
Info    : [ 30%] Meshing curve 672 (Line)
Info    : [ 30%] Meshing curve 673 (Line)
Info    : [ 30%] Meshing curve 674 (Line)
Info    : [ 30%] Meshing curve 675 (Line)
Info    : [ 30%] Meshing curve 700 (Line)
Info    : [ 30%] Meshing curve 701 (Line)
Info    : [ 30%] Meshing curve 702 (Line)
Info    : [ 30%] Meshing curve 703 (Line)
Info    : [ 30%] Meshing curve 704 (Line)
Info    : [ 30%] Meshing curve 705 (Line)
Info    : [ 30%] Meshing curve 706 (Line)
Info    : [ 30%] Meshing curve 707 (Line)
Info    : [ 30%] Meshing curve 708 (Line)
Info    : [ 30%] Meshing curve 709 (Line)
Info    : [ 30%] Meshing curve 710 (Line)
Info    : [ 40%] Meshing curve 711 (Line)
Info    : [ 40%] Meshing curve 712 (Line)
Info    : [ 40%] Meshing curve 713 (Line)
Info    : [ 40%] Meshing curve 714 (Line)
Info    : [ 40%] Meshing curve 715 (Line)
Info    : [ 40%] Meshing curve 716 (Line)
Info    : [ 40%] Meshing curve 717 (Line)
Info    : [ 40%] Meshing curve 718 (Line)
Info    : [ 40%] Meshing curve 719 (Line)
Info    : [ 40%] Meshing curve 720 (Line)
Info    : [ 40%] Meshing curve 721 (Line)
Info    : [ 40%] Meshing curve 722 (Line)
Info    : [ 40%] Meshing curve 723 (Line)
Info    : [ 40%] Meshing curve 748 (Line)
Info    : [ 40%] Meshing curve 749 (Line)
Info    : [ 40%] Meshing curve 750 (Line)
Info    : [ 40%] Meshing curve 751 (Line)
Info    : [ 40%] Meshing curve 752 (Line)
Info    : [ 40%] Meshing curve 753 (Line)
Info    : [ 40%] Meshing curve 754 (Line)
Info    : [ 40%] Meshing curve 755 (Line)
Info    : [ 40%] Meshing curve 756 (Line)
Info    : [ 40%] Meshing curve 757 (Line)
Info    : [ 40%] Meshing curve 758 (Line)
Info    : [ 40%] Meshing curve 759 (Line)
Info    : [ 40%] Meshing curve 760 (Line)
Info    : [ 40%] Meshing curve 761 (Line)
Info    : [ 40%] Meshing curve 762 (Line)
Info    : [ 40%] Meshing curve 763 (Line)
Info    : [ 40%] Meshing curve 764 (Line)
Info    : [ 40%] Meshing curve 765 (Line)
Info    : [ 40%] Meshing curve 766 (Line)
Info    : [ 40%] Meshing curve 767 (Line)
Info    : [ 40%] Meshing curve 768 (Line)
Info    : [ 40%] Meshing curve 769 (Line)
Info    : [ 40%] Meshing curve 770 (Line)
Info    : [ 40%] Meshing curve 771 (Line)
Info    : [ 40%] Meshing curve 796 (Line)
Info    : [ 40%] Meshing curve 797 (Line)
Info    : [ 40%] Meshing curve 798 (Line)
Info    : [ 40%] Meshing curve 799 (Line)
Info    : [ 40%] Meshing curve 800 (Line)
Info    : [ 40%] Meshing curve 801 (Line)
Info    : [ 40%] Meshing curve 802 (Line)
Info    : [ 40%] Meshing curve 803 (Line)
Info    : [ 40%] Meshing curve 804 (Line)
Info    : [ 40%] Meshing curve 805 (Line)
Info    : [ 40%] Meshing curve 806 (Line)
Info    : [ 40%] Meshing curve 807 (Line)
Info    : [ 40%] Meshing curve 808 (Line)
Info    : [ 40%] Meshing curve 809 (Line)
Info    : [ 40%] Meshing curve 810 (Line)
Info    : [ 40%] Meshing curve 811 (Line)
Info    : [ 40%] Meshing curve 812 (Line)
Info    : [ 40%] Meshing curve 813 (Line)
Info    : [ 40%] Meshing curve 814 (Line)
Info    : [ 40%] Meshing curve 815 (Line)
Info    : [ 40%] Meshing curve 816 (Line)
Info    : [ 40%] Meshing curve 817 (Line)
Info    : [ 40%] Meshing curve 818 (Line)
Info    : [ 40%] Meshing curve 819 (Line)
Info    : [ 40%] Meshing curve 844 (Line)
Info    : [ 40%] Meshing curve 845 (Line)
Info    : [ 40%] Meshing curve 846 (Line)
Info    : [ 40%] Meshing curve 847 (Line)
Info    : [ 40%] Meshing curve 848 (Line)
Info    : [ 40%] Meshing curve 849 (Line)
Info    : [ 40%] Meshing curve 850 (Line)
Info    : [ 40%] Meshing curve 851 (Line)
Info    : [ 40%] Meshing curve 852 (Line)
Info    : [ 40%] Meshing curve 853 (Line)
Info    : [ 40%] Meshing curve 854 (Line)
Info    : [ 40%] Meshing curve 855 (Line)
Info    : [ 40%] Meshing curve 856 (Line)
Info    : [ 40%] Meshing curve 857 (Line)
Info    : [ 40%] Meshing curve 858 (Line)
Info    : [ 40%] Meshing curve 859 (Line)
Info    : [ 40%] Meshing curve 860 (Line)
Info    : [ 40%] Meshing curve 861 (Line)
Info    : [ 40%] Meshing curve 862 (Line)
Info    : [ 40%] Meshing curve 863 (Line)
Info    : [ 40%] Meshing curve 864 (Line)
Info    : [ 40%] Meshing curve 865 (Line)
Info    : [ 40%] Meshing curve 866 (Line)
Info    : [ 40%] Meshing curve 867 (Line)
Info    : [ 40%] Meshing curve 892 (Line)
Info    : [ 40%] Meshing curve 893 (Line)
Info    : [ 40%] Meshing curve 894 (Line)
Info    : [ 40%] Meshing curve 895 (Line)
Info    : [ 40%] Meshing curve 896 (Line)
Info    : [ 40%] Meshing curve 897 (Line)
Info    : [ 40%] Meshing curve 898 (Line)
Info    : [ 40%] Meshing curve 899 (Line)
Info    : [ 40%] Meshing curve 900 (Line)
Info    : [ 40%] Meshing curve 901 (Line)
Info    : [ 40%] Meshing curve 902 (Line)
Info    : [ 40%] Meshing curve 903 (Line)
Info    : [ 40%] Meshing curve 904 (Line)
Info    : [ 40%] Meshing curve 905 (Line)
Info    : [ 40%] Meshing curve 906 (Line)
Info    : [ 40%] Meshing curve 907 (Line)
Info    : [ 40%] Meshing curve 908 (Line)
Info    : [ 40%] Meshing curve 909 (Line)
Info    : [ 40%] Meshing curve 910 (Line)
Info    : [ 40%] Meshing curve 911 (Line)
Info    : [ 40%] Meshing curve 912 (Line)
Info    : [ 40%] Meshing curve 913 (Line)
Info    : [ 40%] Meshing curve 914 (Line)
Info    : [ 40%] Meshing curve 915 (Line)
Info    : [ 40%] Meshing curve 940 (Line)
Info    : [ 40%] Meshing curve 941 (Line)
Info    : [ 40%] Meshing curve 942 (Line)
Info    : [ 40%] Meshing curve 943 (Line)
Info    : [ 40%] Meshing curve 944 (Line)
Info    : [ 40%] Meshing curve 945 (Line)
Info    : [ 40%] Meshing curve 946 (Line)
Info    : [ 50%] Meshing curve 947 (Line)
Info    : [ 50%] Meshing curve 948 (Line)
Info    : [ 50%] Meshing curve 949 (Line)
Info    : [ 50%] Meshing curve 950 (Line)
Info    : [ 50%] Meshing curve 951 (Line)
Info    : [ 50%] Meshing curve 952 (Line)
Info    : [ 50%] Meshing curve 953 (Line)
Info    : [ 50%] Meshing curve 954 (Line)
Info    : [ 50%] Meshing curve 955 (Line)
Info    : [ 50%] Meshing curve 956 (Line)
Info    : [ 50%] Meshing curve 957 (Line)
Info    : [ 50%] Meshing curve 958 (Line)
Info    : [ 50%] Meshing curve 959 (Line)
Info    : [ 50%] Meshing curve 960 (Line)
Info    : [ 50%] Meshing curve 961 (Line)
Info    : [ 50%] Meshing curve 962 (Line)
Info    : [ 50%] Meshing curve 963 (Line)
Info    : [ 50%] Meshing curve 988 (Line)
Info    : [ 50%] Meshing curve 989 (Line)
Info    : [ 50%] Meshing curve 990 (Line)
Info    : [ 50%] Meshing curve 991 (Line)
Info    : [ 50%] Meshing curve 992 (Line)
Info    : [ 50%] Meshing curve 993 (Line)
Info    : [ 50%] Meshing curve 994 (Line)
Info    : [ 50%] Meshing curve 995 (Line)
Info    : [ 50%] Meshing curve 996 (Line)
Info    : [ 50%] Meshing curve 997 (Line)
Info    : [ 50%] Meshing curve 998 (Line)
Info    : [ 50%] Meshing curve 999 (Line)
Info    : [ 50%] Meshing curve 1000 (Line)
Info    : [ 50%] Meshing curve 1001 (Line)
Info    : [ 50%] Meshing curve 1002 (Line)
Info    : [ 50%] Meshing curve 1003 (Line)
Info    : [ 50%] Meshing curve 1004 (Line)
Info    : [ 50%] Meshing curve 1005 (Line)
Info    : [ 50%] Meshing curve 1006 (Line)
Info    : [ 50%] Meshing curve 1007 (Line)
Info    : [ 50%] Meshing curve 1008 (Line)
Info    : [ 50%] Meshing curve 1009 (Line)
Info    : [ 50%] Meshing curve 1010 (Line)
Info    : [ 50%] Meshing curve 1011 (Line)
Info    : [ 50%] Meshing curve 1036 (Line)
Info    : [ 50%] Meshing curve 1037 (Line)
Info    : [ 50%] Meshing curve 1038 (Line)
Info    : [ 50%] Meshing curve 1039 (Line)
Info    : [ 50%] Meshing curve 1040 (Line)
Info    : [ 50%] Meshing curve 1041 (Line)
Info    : [ 50%] Meshing curve 1042 (Line)
Info    : [ 50%] Meshing curve 1043 (Line)
Info    : [ 50%] Meshing curve 1044 (Line)
Info    : [ 50%] Meshing curve 1045 (Line)
Info    : [ 50%] Meshing curve 1046 (Line)
Info    : [ 50%] Meshing curve 1047 (Line)
Info    : [ 50%] Meshing curve 1048 (Line)
Info    : [ 50%] Meshing curve 1049 (Line)
Info    : [ 50%] Meshing curve 1050 (Line)
Info    : [ 50%] Meshing curve 1051 (Line)
Info    : [ 50%] Meshing curve 1052 (Line)
Info    : [ 50%] Meshing curve 1053 (Line)
Info    : [ 50%] Meshing curve 1054 (Line)
Info    : [ 50%] Meshing curve 1055 (Line)
Info    : [ 50%] Meshing curve 1056 (Line)
Info    : [ 50%] Meshing curve 1057 (Line)
Info    : [ 50%] Meshing curve 1058 (Line)
Info    : [ 50%] Meshing curve 1059 (Line)
Info    : [ 50%] Meshing curve 1084 (Line)
Info    : [ 50%] Meshing curve 1085 (Line)
Info    : [ 50%] Meshing curve 1086 (Line)
Info    : [ 50%] Meshing curve 1087 (Line)
Info    : [ 50%] Meshing curve 1088 (Line)
Info    : [ 50%] Meshing curve 1089 (Line)
Info    : [ 50%] Meshing curve 1090 (Line)
Info    : [ 50%] Meshing curve 1091 (Line)
Info    : [ 50%] Meshing curve 1092 (Line)
Info    : [ 50%] Meshing curve 1093 (Line)
Info    : [ 50%] Meshing curve 1094 (Line)
Info    : [ 50%] Meshing curve 1095 (Line)
Info    : [ 50%] Meshing curve 1096 (Line)
Info    : [ 50%] Meshing curve 1097 (Line)
Info    : [ 50%] Meshing curve 1098 (Line)
Info    : [ 50%] Meshing curve 1099 (Line)
Info    : [ 50%] Meshing curve 1100 (Line)
Info    : [ 50%] Meshing curve 1101 (Line)
Info    : [ 50%] Meshing curve 1102 (Line)
Info    : [ 50%] Meshing curve 1103 (Line)
Info    : [ 50%] Meshing curve 1104 (Line)
Info    : [ 50%] Meshing curve 1105 (Line)
Info    : [ 50%] Meshing curve 1106 (Line)
Info    : [ 50%] Meshing curve 1107 (Line)
Info    : [ 50%] Meshing curve 1132 (Line)
Info    : [ 50%] Meshing curve 1133 (Line)
Info    : [ 50%] Meshing curve 1134 (Line)
Info    : [ 50%] Meshing curve 1135 (Line)
Info    : [ 50%] Meshing curve 1136 (Line)
Info    : [ 50%] Meshing curve 1137 (Line)
Info    : [ 50%] Meshing curve 1138 (Line)
Info    : [ 50%] Meshing curve 1139 (Line)
Info    : [ 50%] Meshing curve 1140 (Line)
Info    : [ 50%] Meshing curve 1141 (Line)
Info    : [ 50%] Meshing curve 1142 (Line)
Info    : [ 50%] Meshing curve 1143 (Line)
Info    : [ 50%] Meshing curve 1144 (Line)
Info    : [ 50%] Meshing curve 1145 (Line)
Info    : [ 50%] Meshing curve 1146 (Line)
Info    : [ 50%] Meshing curve 1147 (Line)
Info    : [ 50%] Meshing curve 1148 (Line)
Info    : [ 50%] Meshing curve 1149 (Line)
Info    : [ 50%] Meshing curve 1150 (Line)
Info    : [ 50%] Meshing curve 1151 (Line)
Info    : [ 50%] Meshing curve 1152 (Line)
Info    : [ 50%] Meshing curve 1153 (Line)
Info    : [ 50%] Meshing curve 1154 (Line)
Info    : [ 50%] Meshing curve 1155 (Line)
Info    : [ 50%] Meshing curve 1180 (Line)
Info    : [ 50%] Meshing curve 1181 (Line)
Info    : [ 60%] Meshing curve 1182 (Line)
Info    : [ 60%] Meshing curve 1183 (Line)
Info    : [ 60%] Meshing curve 1184 (Line)
Info    : [ 60%] Meshing curve 1185 (Line)
Info    : [ 60%] Meshing curve 1186 (Line)
Info    : [ 60%] Meshing curve 1187 (Line)
Info    : [ 60%] Meshing curve 1188 (Line)
Info    : [ 60%] Meshing curve 1189 (Line)
Info    : [ 60%] Meshing curve 1190 (Line)
Info    : [ 60%] Meshing curve 1191 (Line)
Info    : [ 60%] Meshing curve 1192 (Line)
Info    : [ 60%] Meshing curve 1193 (Line)
Info    : [ 60%] Meshing curve 1194 (Line)
Info    : [ 60%] Meshing curve 1195 (Line)
Info    : [ 60%] Meshing curve 1196 (Line)
Info    : [ 60%] Meshing curve 1197 (Line)
Info    : [ 60%] Meshing curve 1198 (Line)
Info    : [ 60%] Meshing curve 1199 (Line)
Info    : [ 60%] Meshing curve 1200 (Line)
Info    : [ 60%] Meshing curve 1201 (Line)
Info    : [ 60%] Meshing curve 1202 (Line)
Info    : [ 60%] Meshing curve 1203 (Line)
Info    : [ 60%] Meshing curve 1228 (Line)
Info    : [ 60%] Meshing curve 1229 (Line)
Info    : [ 60%] Meshing curve 1230 (Line)
Info    : [ 60%] Meshing curve 1231 (Line)
Info    : [ 60%] Meshing curve 1232 (Line)
Info    : [ 60%] Meshing curve 1233 (Line)
Info    : [ 60%] Meshing curve 1234 (Line)
Info    : [ 60%] Meshing curve 1235 (Line)
Info    : [ 60%] Meshing curve 1236 (Line)
Info    : [ 60%] Meshing curve 1237 (Line)
Info    : [ 60%] Meshing curve 1238 (Line)
Info    : [ 60%] Meshing curve 1239 (Line)
Info    : [ 60%] Meshing curve 1240 (Line)
Info    : [ 60%] Meshing curve 1241 (Line)
Info    : [ 60%] Meshing curve 1242 (Line)
Info    : [ 60%] Meshing curve 1243 (Line)
Info    : [ 60%] Meshing curve 1244 (Line)
Info    : [ 60%] Meshing curve 1245 (Line)
Info    : [ 60%] Meshing curve 1246 (Line)
Info    : [ 60%] Meshing curve 1247 (Line)
Info    : [ 60%] Meshing curve 1248 (Line)
Info    : [ 60%] Meshing curve 1249 (Line)
Info    : [ 60%] Meshing curve 1250 (Line)
Info    : [ 60%] Meshing curve 1251 (Line)
Info    : [ 60%] Meshing curve 1276 (Line)
Info    : [ 60%] Meshing curve 1277 (Line)
Info    : [ 60%] Meshing curve 1278 (Line)
Info    : [ 60%] Meshing curve 1279 (Line)
Info    : [ 60%] Meshing curve 1280 (Line)
Info    : [ 60%] Meshing curve 1281 (Line)
Info    : [ 60%] Meshing curve 1282 (Line)
Info    : [ 60%] Meshing curve 1283 (Line)
Info    : [ 60%] Meshing curve 1284 (Line)
Info    : [ 60%] Meshing curve 1285 (Line)
Info    : [ 60%] Meshing curve 1286 (Line)
Info    : [ 60%] Meshing curve 1287 (Line)
Info    : [ 60%] Meshing curve 1288 (Line)
Info    : [ 60%] Meshing curve 1289 (Line)
Info    : [ 60%] Meshing curve 1290 (Line)
Info    : [ 60%] Meshing curve 1291 (Line)
Info    : [ 60%] Meshing curve 1292 (Line)
Info    : [ 60%] Meshing curve 1293 (Line)
Info    : [ 60%] Meshing curve 1294 (Line)
Info    : [ 60%] Meshing curve 1295 (Line)
Info    : [ 60%] Meshing curve 1296 (Line)
Info    : [ 60%] Meshing curve 1297 (Line)
Info    : [ 60%] Meshing curve 1298 (Line)
Info    : [ 60%] Meshing curve 1299 (Line)
Info    : [ 60%] Meshing curve 1324 (Line)
Info    : [ 60%] Meshing curve 1325 (Line)
Info    : [ 60%] Meshing curve 1326 (Line)
Info    : [ 60%] Meshing curve 1327 (Line)
Info    : [ 60%] Meshing curve 1328 (Line)
Info    : [ 60%] Meshing curve 1329 (Line)
Info    : [ 60%] Meshing curve 1330 (Line)
Info    : [ 60%] Meshing curve 1331 (Line)
Info    : [ 60%] Meshing curve 1332 (Line)
Info    : [ 60%] Meshing curve 1333 (Line)
Info    : [ 60%] Meshing curve 1334 (Line)
Info    : [ 60%] Meshing curve 1335 (Line)
Info    : [ 60%] Meshing curve 1336 (Line)
Info    : [ 60%] Meshing curve 1337 (Line)
Info    : [ 60%] Meshing curve 1338 (Line)
Info    : [ 60%] Meshing curve 1339 (Line)
Info    : [ 60%] Meshing curve 1340 (Line)
Info    : [ 60%] Meshing curve 1341 (Line)
Info    : [ 60%] Meshing curve 1342 (Line)
Info    : [ 60%] Meshing curve 1343 (Line)
Info    : [ 60%] Meshing curve 1344 (Line)
Info    : [ 60%] Meshing curve 1345 (Line)
Info    : [ 60%] Meshing curve 1346 (Line)
Info    : [ 60%] Meshing curve 1347 (Line)
Info    : [ 60%] Meshing curve 1372 (Line)
Info    : [ 60%] Meshing curve 1373 (Line)
Info    : [ 60%] Meshing curve 1374 (Line)
Info    : [ 60%] Meshing curve 1375 (Line)
Info    : [ 60%] Meshing curve 1376 (Line)
Info    : [ 60%] Meshing curve 1377 (Line)
Info    : [ 60%] Meshing curve 1378 (Line)
Info    : [ 60%] Meshing curve 1379 (Line)
Info    : [ 60%] Meshing curve 1380 (Line)
Info    : [ 60%] Meshing curve 1381 (Line)
Info    : [ 60%] Meshing curve 1382 (Line)
Info    : [ 60%] Meshing curve 1383 (Line)
Info    : [ 60%] Meshing curve 1384 (Line)
Info    : [ 60%] Meshing curve 1385 (Line)
Info    : [ 60%] Meshing curve 1386 (Line)
Info    : [ 60%] Meshing curve 1387 (Line)
Info    : [ 60%] Meshing curve 1388 (Line)
Info    : [ 60%] Meshing curve 1389 (Line)
Info    : [ 60%] Meshing curve 1390 (Line)
Info    : [ 60%] Meshing curve 1391 (Line)
Info    : [ 60%] Meshing curve 1392 (Line)
Info    : [ 60%] Meshing curve 1393 (Line)
Info    : [ 70%] Meshing curve 1394 (Line)
Info    : [ 70%] Meshing curve 1395 (Line)
Info    : [ 70%] Meshing curve 1420 (Line)
Info    : [ 70%] Meshing curve 1421 (Line)
Info    : [ 70%] Meshing curve 1422 (Line)
Info    : [ 70%] Meshing curve 1423 (Line)
Info    : [ 70%] Meshing curve 1424 (Line)
Info    : [ 70%] Meshing curve 1425 (Line)
Info    : [ 70%] Meshing curve 1426 (Line)
Info    : [ 70%] Meshing curve 1427 (Line)
Info    : [ 70%] Meshing curve 1428 (Line)
Info    : [ 70%] Meshing curve 1429 (Line)
Info    : [ 70%] Meshing curve 1430 (Line)
Info    : [ 70%] Meshing curve 1431 (Line)
Info    : [ 70%] Meshing curve 1432 (Line)
Info    : [ 70%] Meshing curve 1433 (Line)
Info    : [ 70%] Meshing curve 1434 (Line)
Info    : [ 70%] Meshing curve 1435 (Line)
Info    : [ 70%] Meshing curve 1436 (Line)
Info    : [ 70%] Meshing curve 1437 (Line)
Info    : [ 70%] Meshing curve 1438 (Line)
Info    : [ 70%] Meshing curve 1439 (Line)
Info    : [ 70%] Meshing curve 1440 (Line)
Info    : [ 70%] Meshing curve 1441 (Line)
Info    : [ 70%] Meshing curve 1442 (Line)
Info    : [ 70%] Meshing curve 1443 (Line)
Info    : [ 70%] Meshing curve 1468 (Line)
Info    : [ 70%] Meshing curve 1469 (Line)
Info    : [ 70%] Meshing curve 1470 (Line)
Info    : [ 70%] Meshing curve 1471 (Line)
Info    : [ 70%] Meshing curve 1472 (Line)
Info    : [ 70%] Meshing curve 1473 (Line)
Info    : [ 70%] Meshing curve 1474 (Line)
Info    : [ 70%] Meshing curve 1475 (Line)
Info    : [ 70%] Meshing curve 1476 (Line)
Info    : [ 70%] Meshing curve 1477 (Line)
Info    : [ 70%] Meshing curve 1478 (Line)
Info    : [ 70%] Meshing curve 1479 (Line)
Info    : [ 70%] Meshing curve 1480 (Line)
Info    : [ 70%] Meshing curve 1481 (Line)
Info    : [ 70%] Meshing curve 1482 (Line)
Info    : [ 70%] Meshing curve 1483 (Line)
Info    : [ 70%] Meshing curve 1484 (Line)
Info    : [ 70%] Meshing curve 1485 (Line)
Info    : [ 70%] Meshing curve 1486 (Line)
Info    : [ 70%] Meshing curve 1487 (Line)
Info    : [ 70%] Meshing curve 1488 (Line)
Info    : [ 70%] Meshing curve 1489 (Line)
Info    : [ 70%] Meshing curve 1490 (Line)
Info    : [ 70%] Meshing curve 1491 (Line)
Info    : [ 70%] Meshing curve 1516 (Line)
Info    : [ 70%] Meshing curve 1517 (Line)
Info    : [ 70%] Meshing curve 1518 (Line)
Info    : [ 70%] Meshing curve 1519 (Line)
Info    : [ 70%] Meshing curve 1520 (Line)
Info    : [ 70%] Meshing curve 1521 (Line)
Info    : [ 70%] Meshing curve 1522 (Line)
Info    : [ 70%] Meshing curve 1523 (Line)
Info    : [ 70%] Meshing curve 1524 (Line)
Info    : [ 70%] Meshing curve 1525 (Line)
Info    : [ 70%] Meshing curve 1526 (Line)
Info    : [ 70%] Meshing curve 1527 (Line)
Info    : [ 70%] Meshing curve 1528 (Line)
Info    : [ 70%] Meshing curve 1529 (Line)
Info    : [ 70%] Meshing curve 1530 (Line)
Info    : [ 70%] Meshing curve 1531 (Line)
Info    : [ 70%] Meshing curve 1532 (Line)
Info    : [ 70%] Meshing curve 1533 (Line)
Info    : [ 70%] Meshing curve 1534 (Line)
Info    : [ 70%] Meshing curve 1535 (Line)
Info    : [ 70%] Meshing curve 1536 (Line)
Info    : [ 70%] Meshing curve 1537 (Line)
Info    : [ 70%] Meshing curve 1538 (Line)
Info    : [ 70%] Meshing curve 1539 (Line)
Info    : [ 70%] Meshing curve 1564 (Line)
Info    : [ 70%] Meshing curve 1565 (Line)
Info    : [ 70%] Meshing curve 1566 (Line)
Info    : [ 70%] Meshing curve 1567 (Line)
Info    : [ 70%] Meshing curve 1568 (Line)
Info    : [ 70%] Meshing curve 1569 (Line)
Info    : [ 70%] Meshing curve 1570 (Line)
Info    : [ 70%] Meshing curve 1571 (Line)
Info    : [ 70%] Meshing curve 1572 (Line)
Info    : [ 70%] Meshing curve 1573 (Line)
Info    : [ 70%] Meshing curve 1574 (Line)
Info    : [ 70%] Meshing curve 1575 (Line)
Info    : [ 70%] Meshing curve 1576 (Line)
Info    : [ 70%] Meshing curve 1577 (Line)
Info    : [ 70%] Meshing curve 1578 (Line)
Info    : [ 70%] Meshing curve 1579 (Line)
Info    : [ 70%] Meshing curve 1580 (Line)
Info    : [ 70%] Meshing curve 1581 (Line)
Info    : [ 70%] Meshing curve 1582 (Line)
Info    : [ 70%] Meshing curve 1583 (Line)
Info    : [ 70%] Meshing curve 1584 (Line)
Info    : [ 70%] Meshing curve 1585 (Line)
Info    : [ 70%] Meshing curve 1586 (Line)
Info    : [ 70%] Meshing curve 1587 (Line)
Info    : [ 70%] Meshing curve 1612 (Line)
Info    : [ 70%] Meshing curve 1613 (Line)
Info    : [ 70%] Meshing curve 1614 (Line)
Info    : [ 70%] Meshing curve 1615 (Line)
Info    : [ 70%] Meshing curve 1616 (Line)
Info    : [ 70%] Meshing curve 1617 (Line)
Info    : [ 70%] Meshing curve 1618 (Line)
Info    : [ 70%] Meshing curve 1619 (Line)
Info    : [ 70%] Meshing curve 1620 (Line)
Info    : [ 70%] Meshing curve 1621 (Line)
Info    : [ 70%] Meshing curve 1622 (Line)
Info    : [ 70%] Meshing curve 1623 (Line)
Info    : [ 70%] Meshing curve 1624 (Line)
Info    : [ 70%] Meshing curve 1625 (Line)
Info    : [ 70%] Meshing curve 1626 (Line)
Info    : [ 70%] Meshing curve 1627 (Line)
Info    : [ 70%] Meshing curve 1628 (Line)
Info    : [ 80%] Meshing curve 1629 (Line)
Info    : [ 80%] Meshing curve 1630 (Line)
Info    : [ 80%] Meshing curve 1631 (Line)
Info    : [ 80%] Meshing curve 1632 (Line)
Info    : [ 80%] Meshing curve 1633 (Line)
Info    : [ 80%] Meshing curve 1634 (Line)
Info    : [ 80%] Meshing curve 1635 (Line)
Info    : [ 80%] Meshing curve 1660 (Line)
Info    : [ 80%] Meshing curve 1661 (Line)
Info    : [ 80%] Meshing curve 1662 (Line)
Info    : [ 80%] Meshing curve 1663 (Line)
Info    : [ 80%] Meshing curve 1664 (Line)
Info    : [ 80%] Meshing curve 1665 (Line)
Info    : [ 80%] Meshing curve 1666 (Line)
Info    : [ 80%] Meshing curve 1667 (Line)
Info    : [ 80%] Meshing curve 1668 (Line)
Info    : [ 80%] Meshing curve 1669 (Line)
Info    : [ 80%] Meshing curve 1670 (Line)
Info    : [ 80%] Meshing curve 1671 (Line)
Info    : [ 80%] Meshing curve 1672 (Line)
Info    : [ 80%] Meshing curve 1673 (Line)
Info    : [ 80%] Meshing curve 1674 (Line)
Info    : [ 80%] Meshing curve 1675 (Line)
Info    : [ 80%] Meshing curve 1676 (Line)
Info    : [ 80%] Meshing curve 1677 (Line)
Info    : [ 80%] Meshing curve 1678 (Line)
Info    : [ 80%] Meshing curve 1679 (Line)
Info    : [ 80%] Meshing curve 1680 (Line)
Info    : [ 80%] Meshing curve 1681 (Line)
Info    : [ 80%] Meshing curve 1682 (Line)
Info    : [ 80%] Meshing curve 1683 (Line)
Info    : [ 80%] Meshing curve 1708 (Line)
Info    : [ 80%] Meshing curve 1709 (Line)
Info    : [ 80%] Meshing curve 1710 (Line)
Info    : [ 80%] Meshing curve 1711 (Line)
Info    : [ 80%] Meshing curve 1712 (Line)
Info    : [ 80%] Meshing curve 1713 (Line)
Info    : [ 80%] Meshing curve 1714 (Line)
Info    : [ 80%] Meshing curve 1715 (Line)
Info    : [ 80%] Meshing curve 1716 (Line)
Info    : [ 80%] Meshing curve 1717 (Line)
Info    : [ 80%] Meshing curve 1718 (Line)
Info    : [ 80%] Meshing curve 1719 (Line)
Info    : [ 80%] Meshing curve 1720 (Line)
Info    : [ 80%] Meshing curve 1721 (Line)
Info    : [ 80%] Meshing curve 1722 (Line)
Info    : [ 80%] Meshing curve 1723 (Line)
Info    : [ 80%] Meshing curve 1724 (Line)
Info    : [ 80%] Meshing curve 1725 (Line)
Info    : [ 80%] Meshing curve 1726 (Line)
Info    : [ 80%] Meshing curve 1727 (Line)
Info    : [ 80%] Meshing curve 1728 (Line)
Info    : [ 80%] Meshing curve 1729 (Line)
Info    : [ 80%] Meshing curve 1730 (Line)
Info    : [ 80%] Meshing curve 1731 (Line)
Info    : [ 80%] Meshing curve 1756 (Line)
Info    : [ 80%] Meshing curve 1757 (Line)
Info    : [ 80%] Meshing curve 1758 (Line)
Info    : [ 80%] Meshing curve 1759 (Line)
Info    : [ 80%] Meshing curve 1760 (Line)
Info    : [ 80%] Meshing curve 1761 (Line)
Info    : [ 80%] Meshing curve 1762 (Line)
Info    : [ 80%] Meshing curve 1763 (Line)
Info    : [ 80%] Meshing curve 1764 (Line)
Info    : [ 80%] Meshing curve 1765 (Line)
Info    : [ 80%] Meshing curve 1766 (Line)
Info    : [ 80%] Meshing curve 1767 (Line)
Info    : [ 80%] Meshing curve 1768 (Line)
Info    : [ 80%] Meshing curve 1769 (Line)
Info    : [ 80%] Meshing curve 1770 (Line)
Info    : [ 80%] Meshing curve 1771 (Line)
Info    : [ 80%] Meshing curve 1772 (Line)
Info    : [ 80%] Meshing curve 1773 (Line)
Info    : [ 80%] Meshing curve 1774 (Line)
Info    : [ 80%] Meshing curve 1775 (Line)
Info    : [ 80%] Meshing curve 1776 (Line)
Info    : [ 80%] Meshing curve 1777 (Line)
Info    : [ 80%] Meshing curve 1778 (Line)
Info    : [ 80%] Meshing curve 1779 (Line)
Info    : [ 80%] Meshing curve 1804 (Line)
Info    : [ 80%] Meshing curve 1805 (Line)
Info    : [ 80%] Meshing curve 1806 (Line)
Info    : [ 80%] Meshing curve 1807 (Line)
Info    : [ 80%] Meshing curve 1808 (Line)
Info    : [ 80%] Meshing curve 1809 (Line)
Info    : [ 80%] Meshing curve 1810 (Line)
Info    : [ 80%] Meshing curve 1811 (Line)
Info    : [ 80%] Meshing curve 1812 (Line)
Info    : [ 80%] Meshing curve 1813 (Line)
Info    : [ 80%] Meshing curve 1814 (Line)
Info    : [ 80%] Meshing curve 1815 (Line)
Info    : [ 80%] Meshing curve 1816 (Line)
Info    : [ 80%] Meshing curve 1817 (Line)
Info    : [ 80%] Meshing curve 1818 (Line)
Info    : [ 80%] Meshing curve 1819 (Line)
Info    : [ 80%] Meshing curve 1820 (Line)
Info    : [ 80%] Meshing curve 1821 (Line)
Info    : [ 80%] Meshing curve 1822 (Line)
Info    : [ 80%] Meshing curve 1823 (Line)
Info    : [ 80%] Meshing curve 1824 (Line)
Info    : [ 80%] Meshing curve 1825 (Line)
Info    : [ 80%] Meshing curve 1826 (Line)
Info    : [ 80%] Meshing curve 1827 (Line)
Info    : [ 80%] Meshing curve 1852 (Line)
Info    : [ 80%] Meshing curve 1853 (Line)
Info    : [ 80%] Meshing curve 1854 (Line)
Info    : [ 80%] Meshing curve 1855 (Line)
Info    : [ 80%] Meshing curve 1856 (Line)
Info    : [ 80%] Meshing curve 1857 (Line)
Info    : [ 80%] Meshing curve 1858 (Line)
Info    : [ 80%] Meshing curve 1859 (Line)
Info    : [ 80%] Meshing curve 1860 (Line)
Info    : [ 80%] Meshing curve 1861 (Line)
Info    : [ 80%] Meshing curve 1862 (Line)
Info    : [ 80%] Meshing curve 1863 (Line)
Info    : [ 80%] Meshing curve 1864 (Line)
Info    : [ 90%] Meshing curve 1865 (Line)
Info    : [ 90%] Meshing curve 1866 (Line)
Info    : [ 90%] Meshing curve 1867 (Line)
Info    : [ 90%] Meshing curve 1868 (Line)
Info    : [ 90%] Meshing curve 1869 (Line)
Info    : [ 90%] Meshing curve 1870 (Line)
Info    : [ 90%] Meshing curve 1871 (Line)
Info    : [ 90%] Meshing curve 1872 (Line)
Info    : [ 90%] Meshing curve 1873 (Line)
Info    : [ 90%] Meshing curve 1874 (Line)
Info    : [ 90%] Meshing curve 1875 (Line)
Info    : [ 90%] Meshing curve 1900 (Line)
Info    : [ 90%] Meshing curve 1901 (Line)
Info    : [ 90%] Meshing curve 1902 (Line)
Info    : [ 90%] Meshing curve 1903 (Line)
Info    : [ 90%] Meshing curve 1904 (Line)
Info    : [ 90%] Meshing curve 1905 (Line)
Info    : [ 90%] Meshing curve 1906 (Line)
Info    : [ 90%] Meshing curve 1907 (Line)
Info    : [ 90%] Meshing curve 1908 (Line)
Info    : [ 90%] Meshing curve 1909 (Line)
Info    : [ 90%] Meshing curve 1910 (Line)
Info    : [ 90%] Meshing curve 1911 (Line)
Info    : [ 90%] Meshing curve 1912 (Line)
Info    : [ 90%] Meshing curve 1913 (Line)
Info    : [ 90%] Meshing curve 1914 (Line)
Info    : [ 90%] Meshing curve 1915 (Line)
Info    : [ 90%] Meshing curve 1916 (Line)
Info    : [ 90%] Meshing curve 1917 (Line)
Info    : [ 90%] Meshing curve 1918 (Line)
Info    : [ 90%] Meshing curve 1919 (Line)
Info    : [ 90%] Meshing curve 1920 (Line)
Info    : [ 90%] Meshing curve 1921 (Line)
Info    : [ 90%] Meshing curve 1922 (Line)
Info    : [ 90%] Meshing curve 1923 (Line)
Info    : [ 90%] Meshing curve 1948 (Line)
Info    : [ 90%] Meshing curve 1949 (Line)
Info    : [ 90%] Meshing curve 1950 (Line)
Info    : [ 90%] Meshing curve 1951 (Line)
Info    : [ 90%] Meshing curve 1952 (Line)
Info    : [ 90%] Meshing curve 1953 (Line)
Info    : [ 90%] Meshing curve 1954 (Line)
Info    : [ 90%] Meshing curve 1955 (Line)
Info    : [ 90%] Meshing curve 1956 (Line)
Info    : [ 90%] Meshing curve 1957 (Line)
Info    : [ 90%] Meshing curve 1958 (Line)
Info    : [ 90%] Meshing curve 1959 (Line)
Info    : [ 90%] Meshing curve 1960 (Line)
Info    : [ 90%] Meshing curve 1961 (Line)
Info    : [ 90%] Meshing curve 1962 (Line)
Info    : [ 90%] Meshing curve 1963 (Line)
Info    : [ 90%] Meshing curve 1964 (Line)
Info    : [ 90%] Meshing curve 1965 (Line)
Info    : [ 90%] Meshing curve 1966 (Line)
Info    : [ 90%] Meshing curve 1967 (Line)
Info    : [ 90%] Meshing curve 1968 (Line)
Info    : [ 90%] Meshing curve 1969 (Line)
Info    : [ 90%] Meshing curve 1970 (Line)
Info    : [ 90%] Meshing curve 1971 (Line)
Info    : [ 90%] Meshing curve 1996 (Line)
Info    : [ 90%] Meshing curve 1997 (Line)
Info    : [ 90%] Meshing curve 1998 (Line)
Info    : [ 90%] Meshing curve 1999 (Line)
Info    : [ 90%] Meshing curve 2000 (Line)
Info    : [ 90%] Meshing curve 2001 (Line)
Info    : [ 90%] Meshing curve 2002 (Line)
Info    : [ 90%] Meshing curve 2003 (Line)
Info    : [ 90%] Meshing curve 2004 (Line)
Info    : [ 90%] Meshing curve 2005 (Line)
Info    : [ 90%] Meshing curve 2006 (Line)
Info    : [ 90%] Meshing curve 2007 (Line)
Info    : [ 90%] Meshing curve 2008 (Line)
Info    : [ 90%] Meshing curve 2009 (Line)
Info    : [ 90%] Meshing curve 2010 (Line)
Info    : [ 90%] Meshing curve 2011 (Line)
Info    : [ 90%] Meshing curve 2012 (Line)
Info    : [ 90%] Meshing curve 2013 (Line)
Info    : [ 90%] Meshing curve 2014 (Line)
Info    : [ 90%] Meshing curve 2015 (Line)
Info    : [ 90%] Meshing curve 2016 (Line)
Info    : [ 90%] Meshing curve 2017 (Line)
Info    : [ 90%] Meshing curve 2018 (Line)
Info    : [ 90%] Meshing curve 2019 (Line)
Info    : [ 90%] Meshing curve 2044 (Line)
Info    : [ 90%] Meshing curve 2045 (Line)
Info    : [ 90%] Meshing curve 2046 (Line)
Info    : [ 90%] Meshing curve 2047 (Line)
Info    : [ 90%] Meshing curve 2048 (Line)
Info    : [ 90%] Meshing curve 2049 (Line)
Info    : [ 90%] Meshing curve 2050 (Line)
Info    : [ 90%] Meshing curve 2051 (Line)
Info    : [ 90%] Meshing curve 2052 (Line)
Info    : [ 90%] Meshing curve 2053 (Line)
Info    : [ 90%] Meshing curve 2054 (Line)
Info    : [ 90%] Meshing curve 2055 (Line)
Info    : [ 90%] Meshing curve 2056 (Line)
Info    : [ 90%] Meshing curve 2057 (Line)
Info    : [ 90%] Meshing curve 2058 (Line)
Info    : [ 90%] Meshing curve 2059 (Line)
Info    : [ 90%] Meshing curve 2060 (Line)
Info    : [ 90%] Meshing curve 2061 (Line)
Info    : [ 90%] Meshing curve 2062 (Line)
Info    : [ 90%] Meshing curve 2063 (Line)
Info    : [ 90%] Meshing curve 2064 (Line)
Info    : [ 90%] Meshing curve 2065 (Line)
Info    : [ 90%] Meshing curve 2066 (Line)
Info    : [ 90%] Meshing curve 2067 (Line)
Info    : [ 90%] Meshing curve 2092 (Line)
Info    : [ 90%] Meshing curve 2093 (Line)
Info    : [ 90%] Meshing curve 2094 (Line)
Info    : [ 90%] Meshing curve 2095 (Line)
Info    : [ 90%] Meshing curve 2096 (Line)
Info    : [ 90%] Meshing curve 2097 (Line)
Info    : [ 90%] Meshing curve 2098 (Line)
Info    : [ 90%] Meshing curve 2099 (Line)
Info    : [100%] Meshing curve 2100 (Line)
Info    : [100%] Meshing curve 2101 (Line)
Info    : [100%] Meshing curve 2102 (Line)
Info    : [100%] Meshing curve 2103 (Line)
Info    : [100%] Meshing curve 2104 (Line)
Info    : [100%] Meshing curve 2105 (Line)
Info    : [100%] Meshing curve 2106 (Line)
Info    : [100%] Meshing curve 2107 (Line)
Info    : [100%] Meshing curve 2108 (Line)
Info    : [100%] Meshing curve 2109 (Line)
Info    : [100%] Meshing curve 2110 (Line)
Info    : [100%] Meshing curve 2111 (Line)
Info    : [100%] Meshing curve 2112 (Line)
Info    : [100%] Meshing curve 2113 (Line)
Info    : [100%] Meshing curve 2114 (Line)
Info    : [100%] Meshing curve 2115 (Line)
Info    : [100%] Meshing curve 2140 (Line)
Info    : [100%] Meshing curve 2141 (Line)
Info    : [100%] Meshing curve 2142 (Line)
Info    : [100%] Meshing curve 2143 (Line)
Info    : [100%] Meshing curve 2144 (Line)
Info    : [100%] Meshing curve 2145 (Line)
Info    : [100%] Meshing curve 2146 (Line)
Info    : [100%] Meshing curve 2147 (Line)
Info    : [100%] Meshing curve 2148 (Line)
Info    : [100%] Meshing curve 2149 (Line)
Info    : [100%] Meshing curve 2150 (Line)
Info    : [100%] Meshing curve 2151 (Line)
Info    : [100%] Meshing curve 2152 (Line)
Info    : [100%] Meshing curve 2153 (Line)
Info    : [100%] Meshing curve 2154 (Line)
Info    : [100%] Meshing curve 2155 (Line)
Info    : [100%] Meshing curve 2156 (Line)
Info    : [100%] Meshing curve 2157 (Line)
Info    : [100%] Meshing curve 2158 (Line)
Info    : [100%] Meshing curve 2159 (Line)
Info    : [100%] Meshing curve 2160 (Line)
Info    : [100%] Meshing curve 2161 (Line)
Info    : [100%] Meshing curve 2162 (Line)
Info    : [100%] Meshing curve 2163 (Line)
Info    : [100%] Meshing curve 2188 (Line)
Info    : [100%] Meshing curve 2189 (Line)
Info    : [100%] Meshing curve 2190 (Line)
Info    : [100%] Meshing curve 2191 (Line)
Info    : [100%] Meshing curve 2192 (Line)
Info    : [100%] Meshing curve 2193 (Line)
Info    : [100%] Meshing curve 2194 (Line)
Info    : [100%] Meshing curve 2195 (Line)
Info    : [100%] Meshing curve 2196 (Line)
Info    : [100%] Meshing curve 2197 (Line)
Info    : [100%] Meshing curve 2198 (Line)
Info    : [100%] Meshing curve 2199 (Line)
Info    : [100%] Meshing curve 2200 (Line)
Info    : [100%] Meshing curve 2201 (Line)
Info    : [100%] Meshing curve 2202 (Line)
Info    : [100%] Meshing curve 2203 (Line)
Info    : [100%] Meshing curve 2204 (Line)
Info    : [100%] Meshing curve 2205 (Line)
Info    : [100%] Meshing curve 2206 (Line)
Info    : [100%] Meshing curve 2207 (Line)
Info    : [100%] Meshing curve 2208 (Line)
Info    : [100%] Meshing curve 2209 (Line)
Info    : [100%] Meshing curve 2210 (Line)
Info    : [100%] Meshing curve 2211 (Line)
Info    : [100%] Meshing curve 2236 (Line)
Info    : [100%] Meshing curve 2237 (Line)
Info    : [100%] Meshing curve 2238 (Line)
Info    : [100%] Meshing curve 2239 (Line)
Info    : [100%] Meshing curve 2240 (Line)
Info    : [100%] Meshing curve 2241 (Line)
Info    : [100%] Meshing curve 2242 (Line)
Info    : [100%] Meshing curve 2243 (Line)
Info    : [100%] Meshing curve 2244 (Line)
Info    : [100%] Meshing curve 2245 (Line)
Info    : [100%] Meshing curve 2246 (Line)
Info    : [100%] Meshing curve 2247 (Line)
Info    : [100%] Meshing curve 2248 (Line)
Info    : [100%] Meshing curve 2249 (Line)
Info    : [100%] Meshing curve 2250 (Line)
Info    : [100%] Meshing curve 2251 (Line)
Info    : [100%] Meshing curve 2252 (Line)
Info    : [100%] Meshing curve 2253 (Line)
Info    : [100%] Meshing curve 2254 (Line)
Info    : [100%] Meshing curve 2255 (Line)
Info    : [100%] Meshing curve 2256 (Line)
Info    : [100%] Meshing curve 2257 (Line)
Info    : [100%] Meshing curve 2258 (Line)
Info    : [100%] Meshing curve 2259 (Line)
Info    : [100%] Meshing curve 2284 (Line)
Info    : [100%] Meshing curve 2285 (Line)
Info    : [100%] Meshing curve 2286 (Line)
Info    : [100%] Meshing curve 2287 (Line)
Info    : [100%] Meshing curve 2288 (Line)
Info    : [100%] Meshing curve 2289 (Line)
Info    : [100%] Meshing curve 2290 (Line)
Info    : [100%] Meshing curve 2291 (Line)
Info    : [100%] Meshing curve 2292 (Line)
Info    : [100%] Meshing curve 2293 (Line)
Info    : [100%] Meshing curve 2294 (Line)
Info    : [100%] Meshing curve 2295 (Line)
Info    : [100%] Meshing curve 2296 (Line)
Info    : [100%] Meshing curve 2297 (Line)
Info    : [100%] Meshing curve 2298 (Line)
Info    : [100%] Meshing curve 2299 (Line)
Info    : [100%] Meshing curve 2300 (Line)
Info    : [100%] Meshing curve 2301 (Line)
Info    : [100%] Meshing curve 2302 (Line)
Info    : [100%] Meshing curve 2303 (Line)
Info    : [100%] Meshing curve 2304 (Line)
Info    : [100%] Meshing curve 2305 (Line)
Info    : [100%] Meshing curve 2306 (Line)
Info    : [100%] Meshing curve 2307 (Line)
Info    : [100%] Meshing curve 2308 (Circle)
Info    : [100%] Meshing curve 2309 (Line)
Info    : [100%] Meshing curve 2310 (Circle)
Info    : Done meshing 1D (Wall 0.0657555s, CPU 0.064853s)
Info    : Meshing 2D...
Info    : [  0%] Meshing surface 16 (Plane, Frontal-Delaunay)
Info    : [ 10%] Meshing surface 17 (Plane, Frontal-Delaunay)
Info    : [ 10%] Meshing surface 18 (Plane, Frontal-Delaunay)
Info    : [ 10%] Meshing surface 19 (Plane, Frontal-Delaunay)
Info    : [ 10%] Meshing surface 20 (Plane, Frontal-Delaunay)
Info    : [ 10%] Meshing surface 21 (Plane, Frontal-Delaunay)
Info    : [ 10%] Meshing surface 22 (Plane, Frontal-Delaunay)
Info    : [ 10%] Meshing surface 23 (Plane, Frontal-Delaunay)
Info    : [ 10%] Meshing surface 24 (Plane, Frontal-Delaunay)
Info    : [ 10%] Meshing surface 25 (Plane, Frontal-Delaunay)
Info    : [ 10%] Meshing surface 26 (Plane, Frontal-Delaunay)
Info    : [ 10%] Meshing surface 27 (Plane, Frontal-Delaunay)
Info    : [ 10%] Meshing surface 40 (Plane, Frontal-Delaunay)
Info    : [ 10%] Meshing surface 41 (Plane, Frontal-Delaunay)
Info    : [ 10%] Meshing surface 42 (Plane, Frontal-Delaunay)
Info    : [ 10%] Meshing surface 43 (Plane, Frontal-Delaunay)
Info    : [ 10%] Meshing surface 44 (Plane, Frontal-Delaunay)
Info    : [ 10%] Meshing surface 45 (Plane, Frontal-Delaunay)
Info    : [ 10%] Meshing surface 46 (Plane, Frontal-Delaunay)
Info    : [ 10%] Meshing surface 47 (Plane, Frontal-Delaunay)
Info    : [ 10%] Meshing surface 48 (Plane, Frontal-Delaunay)
Info    : [ 10%] Meshing surface 49 (Plane, Frontal-Delaunay)
Info    : [ 10%] Meshing surface 50 (Plane, Frontal-Delaunay)
Info    : [ 10%] Meshing surface 51 (Plane, Frontal-Delaunay)
Info    : [ 10%] Meshing surface 64 (Plane, Frontal-Delaunay)
Info    : [ 10%] Meshing surface 65 (Plane, Frontal-Delaunay)
Info    : [ 10%] Meshing surface 66 (Plane, Frontal-Delaunay)
Info    : [ 10%] Meshing surface 67 (Plane, Frontal-Delaunay)
Info    : [ 10%] Meshing surface 68 (Plane, Frontal-Delaunay)
Info    : [ 10%] Meshing surface 69 (Plane, Frontal-Delaunay)
Info    : [ 10%] Meshing surface 70 (Plane, Frontal-Delaunay)
Info    : [ 10%] Meshing surface 71 (Plane, Frontal-Delaunay)
Info    : [ 10%] Meshing surface 72 (Plane, Frontal-Delaunay)
Info    : [ 10%] Meshing surface 73 (Plane, Frontal-Delaunay)
Info    : [ 10%] Meshing surface 74 (Plane, Frontal-Delaunay)
Info    : [ 10%] Meshing surface 75 (Plane, Frontal-Delaunay)
Info    : [ 10%] Meshing surface 88 (Plane, Frontal-Delaunay)
Info    : [ 10%] Meshing surface 89 (Plane, Frontal-Delaunay)
Info    : [ 10%] Meshing surface 90 (Plane, Frontal-Delaunay)
Info    : [ 10%] Meshing surface 91 (Plane, Frontal-Delaunay)
Info    : [ 10%] Meshing surface 92 (Plane, Frontal-Delaunay)
Info    : [ 10%] Meshing surface 93 (Plane, Frontal-Delaunay)
Info    : [ 10%] Meshing surface 94 (Plane, Frontal-Delaunay)
Info    : [ 10%] Meshing surface 95 (Plane, Frontal-Delaunay)
Info    : [ 10%] Meshing surface 96 (Plane, Frontal-Delaunay)
Info    : [ 10%] Meshing surface 97 (Plane, Frontal-Delaunay)
Info    : [ 10%] Meshing surface 98 (Plane, Frontal-Delaunay)
Info    : [ 10%] Meshing surface 99 (Plane, Frontal-Delaunay)
Info    : [ 10%] Meshing surface 112 (Plane, Frontal-Delaunay)
Info    : [ 10%] Meshing surface 113 (Plane, Frontal-Delaunay)
Info    : [ 10%] Meshing surface 114 (Plane, Frontal-Delaunay)
Info    : [ 10%] Meshing surface 115 (Plane, Frontal-Delaunay)
Info    : [ 10%] Meshing surface 116 (Plane, Frontal-Delaunay)
Info    : [ 10%] Meshing surface 117 (Plane, Frontal-Delaunay)
Info    : [ 10%] Meshing surface 118 (Plane, Frontal-Delaunay)
Info    : [ 10%] Meshing surface 119 (Plane, Frontal-Delaunay)
Info    : [ 10%] Meshing surface 120 (Plane, Frontal-Delaunay)
Info    : [ 10%] Meshing surface 121 (Plane, Frontal-Delaunay)
Info    : [ 20%] Meshing surface 122 (Plane, Frontal-Delaunay)
Info    : [ 20%] Meshing surface 123 (Plane, Frontal-Delaunay)
Info    : [ 20%] Meshing surface 136 (Plane, Frontal-Delaunay)
Info    : [ 20%] Meshing surface 137 (Plane, Frontal-Delaunay)
Info    : [ 20%] Meshing surface 138 (Plane, Frontal-Delaunay)
Info    : [ 20%] Meshing surface 139 (Plane, Frontal-Delaunay)
Info    : [ 20%] Meshing surface 140 (Plane, Frontal-Delaunay)
Info    : [ 20%] Meshing surface 141 (Plane, Frontal-Delaunay)
Info    : [ 20%] Meshing surface 142 (Plane, Frontal-Delaunay)
Info    : [ 20%] Meshing surface 143 (Plane, Frontal-Delaunay)
Info    : [ 20%] Meshing surface 144 (Plane, Frontal-Delaunay)
Info    : [ 20%] Meshing surface 145 (Plane, Frontal-Delaunay)
Info    : [ 20%] Meshing surface 146 (Plane, Frontal-Delaunay)
Info    : [ 20%] Meshing surface 147 (Plane, Frontal-Delaunay)
Info    : [ 20%] Meshing surface 160 (Plane, Frontal-Delaunay)
Info    : [ 20%] Meshing surface 161 (Plane, Frontal-Delaunay)
Info    : [ 20%] Meshing surface 162 (Plane, Frontal-Delaunay)
Info    : [ 20%] Meshing surface 163 (Plane, Frontal-Delaunay)
Info    : [ 20%] Meshing surface 164 (Plane, Frontal-Delaunay)
Info    : [ 20%] Meshing surface 165 (Plane, Frontal-Delaunay)
Info    : [ 20%] Meshing surface 166 (Plane, Frontal-Delaunay)
Info    : [ 20%] Meshing surface 167 (Plane, Frontal-Delaunay)
Info    : [ 20%] Meshing surface 168 (Plane, Frontal-Delaunay)
Info    : [ 20%] Meshing surface 169 (Plane, Frontal-Delaunay)
Info    : [ 20%] Meshing surface 170 (Plane, Frontal-Delaunay)
Info    : [ 20%] Meshing surface 171 (Plane, Frontal-Delaunay)
Info    : [ 20%] Meshing surface 184 (Plane, Frontal-Delaunay)
Info    : [ 20%] Meshing surface 185 (Plane, Frontal-Delaunay)
Info    : [ 20%] Meshing surface 186 (Plane, Frontal-Delaunay)
Info    : [ 20%] Meshing surface 187 (Plane, Frontal-Delaunay)
Info    : [ 20%] Meshing surface 188 (Plane, Frontal-Delaunay)
Info    : [ 20%] Meshing surface 189 (Plane, Frontal-Delaunay)
Info    : [ 20%] Meshing surface 190 (Plane, Frontal-Delaunay)
Info    : [ 20%] Meshing surface 191 (Plane, Frontal-Delaunay)
Info    : [ 20%] Meshing surface 192 (Plane, Frontal-Delaunay)
Info    : [ 20%] Meshing surface 193 (Plane, Frontal-Delaunay)
Info    : [ 20%] Meshing surface 194 (Plane, Frontal-Delaunay)
Info    : [ 20%] Meshing surface 195 (Plane, Frontal-Delaunay)
Info    : [ 20%] Meshing surface 208 (Plane, Frontal-Delaunay)
Info    : [ 20%] Meshing surface 209 (Plane, Frontal-Delaunay)
Info    : [ 20%] Meshing surface 210 (Plane, Frontal-Delaunay)
Info    : [ 20%] Meshing surface 211 (Plane, Frontal-Delaunay)
Info    : [ 20%] Meshing surface 212 (Plane, Frontal-Delaunay)
Info    : [ 20%] Meshing surface 213 (Plane, Frontal-Delaunay)
Info    : [ 20%] Meshing surface 214 (Plane, Frontal-Delaunay)
Info    : [ 20%] Meshing surface 215 (Plane, Frontal-Delaunay)
Info    : [ 20%] Meshing surface 216 (Plane, Frontal-Delaunay)
Info    : [ 20%] Meshing surface 217 (Plane, Frontal-Delaunay)
Info    : [ 20%] Meshing surface 218 (Plane, Frontal-Delaunay)
Info    : [ 20%] Meshing surface 219 (Plane, Frontal-Delaunay)
Info    : [ 20%] Meshing surface 232 (Plane, Frontal-Delaunay)
Info    : [ 20%] Meshing surface 233 (Plane, Frontal-Delaunay)
Info    : [ 20%] Meshing surface 234 (Plane, Frontal-Delaunay)
Info    : [ 20%] Meshing surface 235 (Plane, Frontal-Delaunay)
Info    : [ 20%] Meshing surface 236 (Plane, Frontal-Delaunay)
Info    : [ 20%] Meshing surface 237 (Plane, Frontal-Delaunay)
Info    : [ 20%] Meshing surface 238 (Plane, Frontal-Delaunay)
Info    : [ 20%] Meshing surface 239 (Plane, Frontal-Delaunay)
Info    : [ 30%] Meshing surface 240 (Plane, Frontal-Delaunay)
Info    : [ 30%] Meshing surface 241 (Plane, Frontal-Delaunay)
Info    : [ 30%] Meshing surface 242 (Plane, Frontal-Delaunay)
Info    : [ 30%] Meshing surface 243 (Plane, Frontal-Delaunay)
Info    : [ 30%] Meshing surface 256 (Plane, Frontal-Delaunay)
Info    : [ 30%] Meshing surface 257 (Plane, Frontal-Delaunay)
Info    : [ 30%] Meshing surface 258 (Plane, Frontal-Delaunay)
Info    : [ 30%] Meshing surface 259 (Plane, Frontal-Delaunay)
Info    : [ 30%] Meshing surface 260 (Plane, Frontal-Delaunay)
Info    : [ 30%] Meshing surface 261 (Plane, Frontal-Delaunay)
Info    : [ 30%] Meshing surface 262 (Plane, Frontal-Delaunay)
Info    : [ 30%] Meshing surface 263 (Plane, Frontal-Delaunay)
Info    : [ 30%] Meshing surface 264 (Plane, Frontal-Delaunay)
Info    : [ 30%] Meshing surface 265 (Plane, Frontal-Delaunay)
Info    : [ 30%] Meshing surface 266 (Plane, Frontal-Delaunay)
Info    : [ 30%] Meshing surface 267 (Plane, Frontal-Delaunay)
Info    : [ 30%] Meshing surface 280 (Plane, Frontal-Delaunay)
Info    : [ 30%] Meshing surface 281 (Plane, Frontal-Delaunay)
Info    : [ 30%] Meshing surface 282 (Plane, Frontal-Delaunay)
Info    : [ 30%] Meshing surface 283 (Plane, Frontal-Delaunay)
Info    : [ 30%] Meshing surface 284 (Plane, Frontal-Delaunay)
Info    : [ 30%] Meshing surface 285 (Plane, Frontal-Delaunay)
Info    : [ 30%] Meshing surface 286 (Plane, Frontal-Delaunay)
Info    : [ 30%] Meshing surface 287 (Plane, Frontal-Delaunay)
Info    : [ 30%] Meshing surface 288 (Plane, Frontal-Delaunay)
Info    : [ 30%] Meshing surface 289 (Plane, Frontal-Delaunay)
Info    : [ 30%] Meshing surface 290 (Plane, Frontal-Delaunay)
Info    : [ 30%] Meshing surface 291 (Plane, Frontal-Delaunay)
Info    : [ 30%] Meshing surface 304 (Plane, Frontal-Delaunay)
Info    : [ 30%] Meshing surface 305 (Plane, Frontal-Delaunay)
Info    : [ 30%] Meshing surface 306 (Plane, Frontal-Delaunay)
Info    : [ 30%] Meshing surface 307 (Plane, Frontal-Delaunay)
Info    : [ 30%] Meshing surface 308 (Plane, Frontal-Delaunay)
Info    : [ 30%] Meshing surface 309 (Plane, Frontal-Delaunay)
Info    : [ 30%] Meshing surface 310 (Plane, Frontal-Delaunay)
Info    : [ 30%] Meshing surface 311 (Plane, Frontal-Delaunay)
Info    : [ 30%] Meshing surface 312 (Plane, Frontal-Delaunay)
Info    : [ 30%] Meshing surface 313 (Plane, Frontal-Delaunay)
Info    : [ 30%] Meshing surface 314 (Plane, Frontal-Delaunay)
Info    : [ 30%] Meshing surface 315 (Plane, Frontal-Delaunay)
Info    : [ 30%] Meshing surface 328 (Plane, Frontal-Delaunay)
Info    : [ 30%] Meshing surface 329 (Plane, Frontal-Delaunay)
Info    : [ 30%] Meshing surface 330 (Plane, Frontal-Delaunay)
Info    : [ 30%] Meshing surface 331 (Plane, Frontal-Delaunay)
Info    : [ 30%] Meshing surface 332 (Plane, Frontal-Delaunay)
Info    : [ 30%] Meshing surface 333 (Plane, Frontal-Delaunay)
Info    : [ 30%] Meshing surface 334 (Plane, Frontal-Delaunay)
Info    : [ 30%] Meshing surface 335 (Plane, Frontal-Delaunay)
Info    : [ 30%] Meshing surface 336 (Plane, Frontal-Delaunay)
Info    : [ 30%] Meshing surface 337 (Plane, Frontal-Delaunay)
Info    : [ 30%] Meshing surface 338 (Plane, Frontal-Delaunay)
Info    : [ 30%] Meshing surface 339 (Plane, Frontal-Delaunay)
Info    : [ 30%] Meshing surface 352 (Plane, Frontal-Delaunay)
Info    : [ 30%] Meshing surface 353 (Plane, Frontal-Delaunay)
Info    : [ 30%] Meshing surface 354 (Plane, Frontal-Delaunay)
Info    : [ 30%] Meshing surface 355 (Plane, Frontal-Delaunay)
Info    : [ 30%] Meshing surface 356 (Plane, Frontal-Delaunay)
Info    : [ 30%] Meshing surface 357 (Plane, Frontal-Delaunay)
Info    : [ 40%] Meshing surface 358 (Plane, Frontal-Delaunay)
Info    : [ 40%] Meshing surface 359 (Plane, Frontal-Delaunay)
Info    : [ 40%] Meshing surface 360 (Plane, Frontal-Delaunay)
Info    : [ 40%] Meshing surface 361 (Plane, Frontal-Delaunay)
Info    : [ 40%] Meshing surface 362 (Plane, Frontal-Delaunay)
Info    : [ 40%] Meshing surface 363 (Plane, Frontal-Delaunay)
Info    : [ 40%] Meshing surface 376 (Plane, Frontal-Delaunay)
Info    : [ 40%] Meshing surface 377 (Plane, Frontal-Delaunay)
Info    : [ 40%] Meshing surface 378 (Plane, Frontal-Delaunay)
Info    : [ 40%] Meshing surface 379 (Plane, Frontal-Delaunay)
Info    : [ 40%] Meshing surface 380 (Plane, Frontal-Delaunay)
Info    : [ 40%] Meshing surface 381 (Plane, Frontal-Delaunay)
Info    : [ 40%] Meshing surface 382 (Plane, Frontal-Delaunay)
Info    : [ 40%] Meshing surface 383 (Plane, Frontal-Delaunay)
Info    : [ 40%] Meshing surface 384 (Plane, Frontal-Delaunay)
Info    : [ 40%] Meshing surface 385 (Plane, Frontal-Delaunay)
Info    : [ 40%] Meshing surface 386 (Plane, Frontal-Delaunay)
Info    : [ 40%] Meshing surface 387 (Plane, Frontal-Delaunay)
Info    : [ 40%] Meshing surface 400 (Plane, Frontal-Delaunay)
Info    : [ 40%] Meshing surface 401 (Plane, Frontal-Delaunay)
Info    : [ 40%] Meshing surface 402 (Plane, Frontal-Delaunay)
Info    : [ 40%] Meshing surface 403 (Plane, Frontal-Delaunay)
Info    : [ 40%] Meshing surface 404 (Plane, Frontal-Delaunay)
Info    : [ 40%] Meshing surface 405 (Plane, Frontal-Delaunay)
Info    : [ 40%] Meshing surface 406 (Plane, Frontal-Delaunay)
Info    : [ 40%] Meshing surface 407 (Plane, Frontal-Delaunay)
Info    : [ 40%] Meshing surface 408 (Plane, Frontal-Delaunay)
Info    : [ 40%] Meshing surface 409 (Plane, Frontal-Delaunay)
Info    : [ 40%] Meshing surface 410 (Plane, Frontal-Delaunay)
Info    : [ 40%] Meshing surface 411 (Plane, Frontal-Delaunay)
Info    : [ 40%] Meshing surface 424 (Plane, Frontal-Delaunay)
Info    : [ 40%] Meshing surface 425 (Plane, Frontal-Delaunay)
Info    : [ 40%] Meshing surface 426 (Plane, Frontal-Delaunay)
Info    : [ 40%] Meshing surface 427 (Plane, Frontal-Delaunay)
Info    : [ 40%] Meshing surface 428 (Plane, Frontal-Delaunay)
Info    : [ 40%] Meshing surface 429 (Plane, Frontal-Delaunay)
Info    : [ 40%] Meshing surface 430 (Plane, Frontal-Delaunay)
Info    : [ 40%] Meshing surface 431 (Plane, Frontal-Delaunay)
Info    : [ 40%] Meshing surface 432 (Plane, Frontal-Delaunay)
Info    : [ 40%] Meshing surface 433 (Plane, Frontal-Delaunay)
Info    : [ 40%] Meshing surface 434 (Plane, Frontal-Delaunay)
Info    : [ 40%] Meshing surface 435 (Plane, Frontal-Delaunay)
Info    : [ 40%] Meshing surface 448 (Plane, Frontal-Delaunay)
Info    : [ 40%] Meshing surface 449 (Plane, Frontal-Delaunay)
Info    : [ 40%] Meshing surface 450 (Plane, Frontal-Delaunay)
Info    : [ 40%] Meshing surface 451 (Plane, Frontal-Delaunay)
Info    : [ 40%] Meshing surface 452 (Plane, Frontal-Delaunay)
Info    : [ 40%] Meshing surface 453 (Plane, Frontal-Delaunay)
Info    : [ 40%] Meshing surface 454 (Plane, Frontal-Delaunay)
Info    : [ 40%] Meshing surface 455 (Plane, Frontal-Delaunay)
Info    : [ 40%] Meshing surface 456 (Plane, Frontal-Delaunay)
Info    : [ 40%] Meshing surface 457 (Plane, Frontal-Delaunay)
Info    : [ 40%] Meshing surface 458 (Plane, Frontal-Delaunay)
Info    : [ 40%] Meshing surface 459 (Plane, Frontal-Delaunay)
Info    : [ 40%] Meshing surface 472 (Plane, Frontal-Delaunay)
Info    : [ 40%] Meshing surface 473 (Plane, Frontal-Delaunay)
Info    : [ 40%] Meshing surface 474 (Plane, Frontal-Delaunay)
Info    : [ 40%] Meshing surface 475 (Plane, Frontal-Delaunay)
Info    : [ 50%] Meshing surface 476 (Plane, Frontal-Delaunay)
Info    : [ 50%] Meshing surface 477 (Plane, Frontal-Delaunay)
Info    : [ 50%] Meshing surface 478 (Plane, Frontal-Delaunay)
Info    : [ 50%] Meshing surface 479 (Plane, Frontal-Delaunay)
Info    : [ 50%] Meshing surface 480 (Plane, Frontal-Delaunay)
Info    : [ 50%] Meshing surface 481 (Plane, Frontal-Delaunay)
Info    : [ 50%] Meshing surface 482 (Plane, Frontal-Delaunay)
Info    : [ 50%] Meshing surface 483 (Plane, Frontal-Delaunay)
Info    : [ 50%] Meshing surface 496 (Plane, Frontal-Delaunay)
Info    : [ 50%] Meshing surface 497 (Plane, Frontal-Delaunay)
Info    : [ 50%] Meshing surface 498 (Plane, Frontal-Delaunay)
Info    : [ 50%] Meshing surface 499 (Plane, Frontal-Delaunay)
Info    : [ 50%] Meshing surface 500 (Plane, Frontal-Delaunay)
Info    : [ 50%] Meshing surface 501 (Plane, Frontal-Delaunay)
Info    : [ 50%] Meshing surface 502 (Plane, Frontal-Delaunay)
Info    : [ 50%] Meshing surface 503 (Plane, Frontal-Delaunay)
Info    : [ 50%] Meshing surface 504 (Plane, Frontal-Delaunay)
Info    : [ 50%] Meshing surface 505 (Plane, Frontal-Delaunay)
Info    : [ 50%] Meshing surface 506 (Plane, Frontal-Delaunay)
Info    : [ 50%] Meshing surface 507 (Plane, Frontal-Delaunay)
Info    : [ 50%] Meshing surface 520 (Plane, Frontal-Delaunay)
Info    : [ 50%] Meshing surface 521 (Plane, Frontal-Delaunay)
Info    : [ 50%] Meshing surface 522 (Plane, Frontal-Delaunay)
Info    : [ 50%] Meshing surface 523 (Plane, Frontal-Delaunay)
Info    : [ 50%] Meshing surface 524 (Plane, Frontal-Delaunay)
Info    : [ 50%] Meshing surface 525 (Plane, Frontal-Delaunay)
Info    : [ 50%] Meshing surface 526 (Plane, Frontal-Delaunay)
Info    : [ 50%] Meshing surface 527 (Plane, Frontal-Delaunay)
Info    : [ 50%] Meshing surface 528 (Plane, Frontal-Delaunay)
Info    : [ 50%] Meshing surface 529 (Plane, Frontal-Delaunay)
Info    : [ 50%] Meshing surface 530 (Plane, Frontal-Delaunay)
Info    : [ 50%] Meshing surface 531 (Plane, Frontal-Delaunay)
Info    : [ 50%] Meshing surface 544 (Plane, Frontal-Delaunay)
Info    : [ 50%] Meshing surface 545 (Plane, Frontal-Delaunay)
Info    : [ 50%] Meshing surface 546 (Plane, Frontal-Delaunay)
Info    : [ 50%] Meshing surface 547 (Plane, Frontal-Delaunay)
Info    : [ 50%] Meshing surface 548 (Plane, Frontal-Delaunay)
Info    : [ 50%] Meshing surface 549 (Plane, Frontal-Delaunay)
Info    : [ 50%] Meshing surface 550 (Plane, Frontal-Delaunay)
Info    : [ 50%] Meshing surface 551 (Plane, Frontal-Delaunay)
Info    : [ 50%] Meshing surface 552 (Plane, Frontal-Delaunay)
Info    : [ 50%] Meshing surface 553 (Plane, Frontal-Delaunay)
Info    : [ 50%] Meshing surface 554 (Plane, Frontal-Delaunay)
Info    : [ 50%] Meshing surface 555 (Plane, Frontal-Delaunay)
Info    : [ 50%] Meshing surface 568 (Plane, Frontal-Delaunay)
Info    : [ 50%] Meshing surface 569 (Plane, Frontal-Delaunay)
Info    : [ 50%] Meshing surface 570 (Plane, Frontal-Delaunay)
Info    : [ 50%] Meshing surface 571 (Plane, Frontal-Delaunay)
Info    : [ 50%] Meshing surface 572 (Plane, Frontal-Delaunay)
Info    : [ 50%] Meshing surface 573 (Plane, Frontal-Delaunay)
Info    : [ 50%] Meshing surface 574 (Plane, Frontal-Delaunay)
Info    : [ 50%] Meshing surface 575 (Plane, Frontal-Delaunay)
Info    : [ 50%] Meshing surface 576 (Plane, Frontal-Delaunay)
Info    : [ 50%] Meshing surface 577 (Plane, Frontal-Delaunay)
Info    : [ 50%] Meshing surface 578 (Plane, Frontal-Delaunay)
Info    : [ 50%] Meshing surface 579 (Plane, Frontal-Delaunay)
Info    : [ 50%] Meshing surface 592 (Plane, Frontal-Delaunay)
Info    : [ 50%] Meshing surface 593 (Plane, Frontal-Delaunay)
Info    : [ 60%] Meshing surface 594 (Plane, Frontal-Delaunay)
Info    : [ 60%] Meshing surface 595 (Plane, Frontal-Delaunay)
Info    : [ 60%] Meshing surface 596 (Plane, Frontal-Delaunay)
Info    : [ 60%] Meshing surface 597 (Plane, Frontal-Delaunay)
Info    : [ 60%] Meshing surface 598 (Plane, Frontal-Delaunay)
Info    : [ 60%] Meshing surface 599 (Plane, Frontal-Delaunay)
Info    : [ 60%] Meshing surface 600 (Plane, Frontal-Delaunay)
Info    : [ 60%] Meshing surface 601 (Plane, Frontal-Delaunay)
Info    : [ 60%] Meshing surface 602 (Plane, Frontal-Delaunay)
Info    : [ 60%] Meshing surface 603 (Plane, Frontal-Delaunay)
Info    : [ 60%] Meshing surface 616 (Plane, Frontal-Delaunay)
Info    : [ 60%] Meshing surface 617 (Plane, Frontal-Delaunay)
Info    : [ 60%] Meshing surface 618 (Plane, Frontal-Delaunay)
Info    : [ 60%] Meshing surface 619 (Plane, Frontal-Delaunay)
Info    : [ 60%] Meshing surface 620 (Plane, Frontal-Delaunay)
Info    : [ 60%] Meshing surface 621 (Plane, Frontal-Delaunay)
Info    : [ 60%] Meshing surface 622 (Plane, Frontal-Delaunay)
Info    : [ 60%] Meshing surface 623 (Plane, Frontal-Delaunay)
Info    : [ 60%] Meshing surface 624 (Plane, Frontal-Delaunay)
Info    : [ 60%] Meshing surface 625 (Plane, Frontal-Delaunay)
Info    : [ 60%] Meshing surface 626 (Plane, Frontal-Delaunay)
Info    : [ 60%] Meshing surface 627 (Plane, Frontal-Delaunay)
Info    : [ 60%] Meshing surface 640 (Plane, Frontal-Delaunay)
Info    : [ 60%] Meshing surface 641 (Plane, Frontal-Delaunay)
Info    : [ 60%] Meshing surface 642 (Plane, Frontal-Delaunay)
Info    : [ 60%] Meshing surface 643 (Plane, Frontal-Delaunay)
Info    : [ 60%] Meshing surface 644 (Plane, Frontal-Delaunay)
Info    : [ 60%] Meshing surface 645 (Plane, Frontal-Delaunay)
Info    : [ 60%] Meshing surface 646 (Plane, Frontal-Delaunay)
Info    : [ 60%] Meshing surface 647 (Plane, Frontal-Delaunay)
Info    : [ 60%] Meshing surface 648 (Plane, Frontal-Delaunay)
Info    : [ 60%] Meshing surface 649 (Plane, Frontal-Delaunay)
Info    : [ 60%] Meshing surface 650 (Plane, Frontal-Delaunay)
Info    : [ 60%] Meshing surface 651 (Plane, Frontal-Delaunay)
Info    : [ 60%] Meshing surface 664 (Plane, Frontal-Delaunay)
Info    : [ 60%] Meshing surface 665 (Plane, Frontal-Delaunay)
Info    : [ 60%] Meshing surface 666 (Plane, Frontal-Delaunay)
Info    : [ 60%] Meshing surface 667 (Plane, Frontal-Delaunay)
Info    : [ 60%] Meshing surface 668 (Plane, Frontal-Delaunay)
Info    : [ 60%] Meshing surface 669 (Plane, Frontal-Delaunay)
Info    : [ 60%] Meshing surface 670 (Plane, Frontal-Delaunay)
Info    : [ 60%] Meshing surface 671 (Plane, Frontal-Delaunay)
Info    : [ 60%] Meshing surface 672 (Plane, Frontal-Delaunay)
Info    : [ 60%] Meshing surface 673 (Plane, Frontal-Delaunay)
Info    : [ 60%] Meshing surface 674 (Plane, Frontal-Delaunay)
Info    : [ 60%] Meshing surface 675 (Plane, Frontal-Delaunay)
Info    : [ 60%] Meshing surface 688 (Plane, Frontal-Delaunay)
Info    : [ 60%] Meshing surface 689 (Plane, Frontal-Delaunay)
Info    : [ 60%] Meshing surface 690 (Plane, Frontal-Delaunay)
Info    : [ 60%] Meshing surface 691 (Plane, Frontal-Delaunay)
Info    : [ 60%] Meshing surface 692 (Plane, Frontal-Delaunay)
Info    : [ 60%] Meshing surface 693 (Plane, Frontal-Delaunay)
Info    : [ 60%] Meshing surface 694 (Plane, Frontal-Delaunay)
Info    : [ 60%] Meshing surface 695 (Plane, Frontal-Delaunay)
Info    : [ 60%] Meshing surface 696 (Plane, Frontal-Delaunay)
Info    : [ 60%] Meshing surface 697 (Plane, Frontal-Delaunay)
Info    : [ 60%] Meshing surface 698 (Plane, Frontal-Delaunay)
Info    : [ 60%] Meshing surface 699 (Plane, Frontal-Delaunay)
Info    : [ 70%] Meshing surface 712 (Plane, Frontal-Delaunay)
Info    : [ 70%] Meshing surface 713 (Plane, Frontal-Delaunay)
Info    : [ 70%] Meshing surface 714 (Plane, Frontal-Delaunay)
Info    : [ 70%] Meshing surface 715 (Plane, Frontal-Delaunay)
Info    : [ 70%] Meshing surface 716 (Plane, Frontal-Delaunay)
Info    : [ 70%] Meshing surface 717 (Plane, Frontal-Delaunay)
Info    : [ 70%] Meshing surface 718 (Plane, Frontal-Delaunay)
Info    : [ 70%] Meshing surface 719 (Plane, Frontal-Delaunay)
Info    : [ 70%] Meshing surface 720 (Plane, Frontal-Delaunay)
Info    : [ 70%] Meshing surface 721 (Plane, Frontal-Delaunay)
Info    : [ 70%] Meshing surface 722 (Plane, Frontal-Delaunay)
Info    : [ 70%] Meshing surface 723 (Plane, Frontal-Delaunay)
Info    : [ 70%] Meshing surface 736 (Plane, Frontal-Delaunay)
Info    : [ 70%] Meshing surface 737 (Plane, Frontal-Delaunay)
Info    : [ 70%] Meshing surface 738 (Plane, Frontal-Delaunay)
Info    : [ 70%] Meshing surface 739 (Plane, Frontal-Delaunay)
Info    : [ 70%] Meshing surface 740 (Plane, Frontal-Delaunay)
Info    : [ 70%] Meshing surface 741 (Plane, Frontal-Delaunay)
Info    : [ 70%] Meshing surface 742 (Plane, Frontal-Delaunay)
Info    : [ 70%] Meshing surface 743 (Plane, Frontal-Delaunay)
Info    : [ 70%] Meshing surface 744 (Plane, Frontal-Delaunay)
Info    : [ 70%] Meshing surface 745 (Plane, Frontal-Delaunay)
Info    : [ 70%] Meshing surface 746 (Plane, Frontal-Delaunay)
Info    : [ 70%] Meshing surface 747 (Plane, Frontal-Delaunay)
Info    : [ 70%] Meshing surface 760 (Plane, Frontal-Delaunay)
Info    : [ 70%] Meshing surface 761 (Plane, Frontal-Delaunay)
Info    : [ 70%] Meshing surface 762 (Plane, Frontal-Delaunay)
Info    : [ 70%] Meshing surface 763 (Plane, Frontal-Delaunay)
Info    : [ 70%] Meshing surface 764 (Plane, Frontal-Delaunay)
Info    : [ 70%] Meshing surface 765 (Plane, Frontal-Delaunay)
Info    : [ 70%] Meshing surface 766 (Plane, Frontal-Delaunay)
Info    : [ 70%] Meshing surface 767 (Plane, Frontal-Delaunay)
Info    : [ 70%] Meshing surface 768 (Plane, Frontal-Delaunay)
Info    : [ 70%] Meshing surface 769 (Plane, Frontal-Delaunay)
Info    : [ 70%] Meshing surface 770 (Plane, Frontal-Delaunay)
Info    : [ 70%] Meshing surface 771 (Plane, Frontal-Delaunay)
Info    : [ 70%] Meshing surface 784 (Plane, Frontal-Delaunay)
Info    : [ 70%] Meshing surface 785 (Plane, Frontal-Delaunay)
Info    : [ 70%] Meshing surface 786 (Plane, Frontal-Delaunay)
Info    : [ 70%] Meshing surface 787 (Plane, Frontal-Delaunay)
Info    : [ 70%] Meshing surface 788 (Plane, Frontal-Delaunay)
Info    : [ 70%] Meshing surface 789 (Plane, Frontal-Delaunay)
Info    : [ 70%] Meshing surface 790 (Plane, Frontal-Delaunay)
Info    : [ 70%] Meshing surface 791 (Plane, Frontal-Delaunay)
Info    : [ 70%] Meshing surface 792 (Plane, Frontal-Delaunay)
Info    : [ 70%] Meshing surface 793 (Plane, Frontal-Delaunay)
Info    : [ 70%] Meshing surface 794 (Plane, Frontal-Delaunay)
Info    : [ 70%] Meshing surface 795 (Plane, Frontal-Delaunay)
Info    : [ 70%] Meshing surface 808 (Plane, Frontal-Delaunay)
Info    : [ 70%] Meshing surface 809 (Plane, Frontal-Delaunay)
Info    : [ 70%] Meshing surface 810 (Plane, Frontal-Delaunay)
Info    : [ 70%] Meshing surface 811 (Plane, Frontal-Delaunay)
Info    : [ 70%] Meshing surface 812 (Plane, Frontal-Delaunay)
Info    : [ 70%] Meshing surface 813 (Plane, Frontal-Delaunay)
Info    : [ 70%] Meshing surface 814 (Plane, Frontal-Delaunay)
Info    : [ 70%] Meshing surface 815 (Plane, Frontal-Delaunay)
Info    : [ 70%] Meshing surface 816 (Plane, Frontal-Delaunay)
Info    : [ 70%] Meshing surface 817 (Plane, Frontal-Delaunay)
Info    : [ 80%] Meshing surface 818 (Plane, Frontal-Delaunay)
Info    : [ 80%] Meshing surface 819 (Plane, Frontal-Delaunay)
Info    : [ 80%] Meshing surface 832 (Plane, Frontal-Delaunay)
Info    : [ 80%] Meshing surface 833 (Plane, Frontal-Delaunay)
Info    : [ 80%] Meshing surface 834 (Plane, Frontal-Delaunay)
Info    : [ 80%] Meshing surface 835 (Plane, Frontal-Delaunay)
Info    : [ 80%] Meshing surface 836 (Plane, Frontal-Delaunay)
Info    : [ 80%] Meshing surface 837 (Plane, Frontal-Delaunay)
Info    : [ 80%] Meshing surface 838 (Plane, Frontal-Delaunay)
Info    : [ 80%] Meshing surface 839 (Plane, Frontal-Delaunay)
Info    : [ 80%] Meshing surface 840 (Plane, Frontal-Delaunay)
Info    : [ 80%] Meshing surface 841 (Plane, Frontal-Delaunay)
Info    : [ 80%] Meshing surface 842 (Plane, Frontal-Delaunay)
Info    : [ 80%] Meshing surface 843 (Plane, Frontal-Delaunay)
Info    : [ 80%] Meshing surface 856 (Plane, Frontal-Delaunay)
Info    : [ 80%] Meshing surface 857 (Plane, Frontal-Delaunay)
Info    : [ 80%] Meshing surface 858 (Plane, Frontal-Delaunay)
Info    : [ 80%] Meshing surface 859 (Plane, Frontal-Delaunay)
Info    : [ 80%] Meshing surface 860 (Plane, Frontal-Delaunay)
Info    : [ 80%] Meshing surface 861 (Plane, Frontal-Delaunay)
Info    : [ 80%] Meshing surface 862 (Plane, Frontal-Delaunay)
Info    : [ 80%] Meshing surface 863 (Plane, Frontal-Delaunay)
Info    : [ 80%] Meshing surface 864 (Plane, Frontal-Delaunay)
Info    : [ 80%] Meshing surface 865 (Plane, Frontal-Delaunay)
Info    : [ 80%] Meshing surface 866 (Plane, Frontal-Delaunay)
Info    : [ 80%] Meshing surface 867 (Plane, Frontal-Delaunay)
Info    : [ 80%] Meshing surface 880 (Plane, Frontal-Delaunay)
Info    : [ 80%] Meshing surface 881 (Plane, Frontal-Delaunay)
Info    : [ 80%] Meshing surface 882 (Plane, Frontal-Delaunay)
Info    : [ 80%] Meshing surface 883 (Plane, Frontal-Delaunay)
Info    : [ 80%] Meshing surface 884 (Plane, Frontal-Delaunay)
Info    : [ 80%] Meshing surface 885 (Plane, Frontal-Delaunay)
Info    : [ 80%] Meshing surface 886 (Plane, Frontal-Delaunay)
Info    : [ 80%] Meshing surface 887 (Plane, Frontal-Delaunay)
Info    : [ 80%] Meshing surface 888 (Plane, Frontal-Delaunay)
Info    : [ 80%] Meshing surface 889 (Plane, Frontal-Delaunay)
Info    : [ 80%] Meshing surface 890 (Plane, Frontal-Delaunay)
Info    : [ 80%] Meshing surface 891 (Plane, Frontal-Delaunay)
Info    : [ 80%] Meshing surface 904 (Plane, Frontal-Delaunay)
Info    : [ 80%] Meshing surface 905 (Plane, Frontal-Delaunay)
Info    : [ 80%] Meshing surface 906 (Plane, Frontal-Delaunay)
Info    : [ 80%] Meshing surface 907 (Plane, Frontal-Delaunay)
Info    : [ 80%] Meshing surface 908 (Plane, Frontal-Delaunay)
Info    : [ 80%] Meshing surface 909 (Plane, Frontal-Delaunay)
Info    : [ 80%] Meshing surface 910 (Plane, Frontal-Delaunay)
Info    : [ 80%] Meshing surface 911 (Plane, Frontal-Delaunay)
Info    : [ 80%] Meshing surface 912 (Plane, Frontal-Delaunay)
Info    : [ 80%] Meshing surface 913 (Plane, Frontal-Delaunay)
Info    : [ 80%] Meshing surface 914 (Plane, Frontal-Delaunay)
Info    : [ 80%] Meshing surface 915 (Plane, Frontal-Delaunay)
Info    : [ 80%] Meshing surface 928 (Plane, Frontal-Delaunay)
Info    : [ 80%] Meshing surface 929 (Plane, Frontal-Delaunay)
Info    : [ 80%] Meshing surface 930 (Plane, Frontal-Delaunay)
Info    : [ 80%] Meshing surface 931 (Plane, Frontal-Delaunay)
Info    : [ 80%] Meshing surface 932 (Plane, Frontal-Delaunay)
Info    : [ 80%] Meshing surface 933 (Plane, Frontal-Delaunay)
Info    : [ 80%] Meshing surface 934 (Plane, Frontal-Delaunay)
Info    : [ 80%] Meshing surface 935 (Plane, Frontal-Delaunay)
Info    : [ 90%] Meshing surface 936 (Plane, Frontal-Delaunay)
Info    : [ 90%] Meshing surface 937 (Plane, Frontal-Delaunay)
Info    : [ 90%] Meshing surface 938 (Plane, Frontal-Delaunay)
Info    : [ 90%] Meshing surface 939 (Plane, Frontal-Delaunay)
Info    : [ 90%] Meshing surface 952 (Plane, Frontal-Delaunay)
Info    : [ 90%] Meshing surface 953 (Plane, Frontal-Delaunay)
Info    : [ 90%] Meshing surface 954 (Plane, Frontal-Delaunay)
Info    : [ 90%] Meshing surface 955 (Plane, Frontal-Delaunay)
Info    : [ 90%] Meshing surface 956 (Plane, Frontal-Delaunay)
Info    : [ 90%] Meshing surface 957 (Plane, Frontal-Delaunay)
Info    : [ 90%] Meshing surface 958 (Plane, Frontal-Delaunay)
Info    : [ 90%] Meshing surface 959 (Plane, Frontal-Delaunay)
Info    : [ 90%] Meshing surface 960 (Plane, Frontal-Delaunay)
Info    : [ 90%] Meshing surface 961 (Plane, Frontal-Delaunay)
Info    : [ 90%] Meshing surface 962 (Plane, Frontal-Delaunay)
Info    : [ 90%] Meshing surface 963 (Plane, Frontal-Delaunay)
Info    : [ 90%] Meshing surface 976 (Plane, Frontal-Delaunay)
Info    : [ 90%] Meshing surface 977 (Plane, Frontal-Delaunay)
Info    : [ 90%] Meshing surface 978 (Plane, Frontal-Delaunay)
Info    : [ 90%] Meshing surface 979 (Plane, Frontal-Delaunay)
Info    : [ 90%] Meshing surface 980 (Plane, Frontal-Delaunay)
Info    : [ 90%] Meshing surface 981 (Plane, Frontal-Delaunay)
Info    : [ 90%] Meshing surface 982 (Plane, Frontal-Delaunay)
Info    : [ 90%] Meshing surface 983 (Plane, Frontal-Delaunay)
Info    : [ 90%] Meshing surface 984 (Plane, Frontal-Delaunay)
Info    : [ 90%] Meshing surface 985 (Plane, Frontal-Delaunay)
Info    : [ 90%] Meshing surface 986 (Plane, Frontal-Delaunay)
Info    : [ 90%] Meshing surface 987 (Plane, Frontal-Delaunay)
Info    : [ 90%] Meshing surface 1000 (Plane, Frontal-Delaunay)
Info    : [ 90%] Meshing surface 1001 (Plane, Frontal-Delaunay)
Info    : [ 90%] Meshing surface 1002 (Plane, Frontal-Delaunay)
Info    : [ 90%] Meshing surface 1003 (Plane, Frontal-Delaunay)
Info    : [ 90%] Meshing surface 1004 (Plane, Frontal-Delaunay)
Info    : [ 90%] Meshing surface 1005 (Plane, Frontal-Delaunay)
Info    : [ 90%] Meshing surface 1006 (Plane, Frontal-Delaunay)
Info    : [ 90%] Meshing surface 1007 (Plane, Frontal-Delaunay)
Info    : [ 90%] Meshing surface 1008 (Plane, Frontal-Delaunay)
Info    : [ 90%] Meshing surface 1009 (Plane, Frontal-Delaunay)
Info    : [ 90%] Meshing surface 1010 (Plane, Frontal-Delaunay)
Info    : [ 90%] Meshing surface 1011 (Plane, Frontal-Delaunay)
Info    : [ 90%] Meshing surface 1024 (Plane, Frontal-Delaunay)
Info    : [ 90%] Meshing surface 1025 (Plane, Frontal-Delaunay)
Info    : [ 90%] Meshing surface 1026 (Plane, Frontal-Delaunay)
Info    : [ 90%] Meshing surface 1027 (Plane, Frontal-Delaunay)
Info    : [ 90%] Meshing surface 1028 (Plane, Frontal-Delaunay)
Info    : [ 90%] Meshing surface 1029 (Plane, Frontal-Delaunay)
Info    : [ 90%] Meshing surface 1030 (Plane, Frontal-Delaunay)
Info    : [ 90%] Meshing surface 1031 (Plane, Frontal-Delaunay)
Info    : [ 90%] Meshing surface 1032 (Plane, Frontal-Delaunay)
Info    : [ 90%] Meshing surface 1033 (Plane, Frontal-Delaunay)
Info    : [ 90%] Meshing surface 1034 (Plane, Frontal-Delaunay)
Info    : [ 90%] Meshing surface 1035 (Plane, Frontal-Delaunay)
Info    : [ 90%] Meshing surface 1048 (Plane, Frontal-Delaunay)
Info    : [ 90%] Meshing surface 1049 (Plane, Frontal-Delaunay)
Info    : [ 90%] Meshing surface 1050 (Plane, Frontal-Delaunay)
Info    : [ 90%] Meshing surface 1051 (Plane, Frontal-Delaunay)
Info    : [ 90%] Meshing surface 1052 (Plane, Frontal-Delaunay)
Info    : [ 90%] Meshing surface 1053 (Plane, Frontal-Delaunay)
Info    : [100%] Meshing surface 1054 (Plane, Frontal-Delaunay)
Info    : [100%] Meshing surface 1055 (Plane, Frontal-Delaunay)
Info    : [100%] Meshing surface 1056 (Plane, Frontal-Delaunay)
Info    : [100%] Meshing surface 1057 (Plane, Frontal-Delaunay)
Info    : [100%] Meshing surface 1058 (Plane, Frontal-Delaunay)
Info    : [100%] Meshing surface 1059 (Plane, Frontal-Delaunay)
Info    : [100%] Meshing surface 1072 (Plane, Frontal-Delaunay)
Info    : [100%] Meshing surface 1073 (Plane, Frontal-Delaunay)
Info    : [100%] Meshing surface 1074 (Plane, Frontal-Delaunay)
Info    : [100%] Meshing surface 1075 (Plane, Frontal-Delaunay)
Info    : [100%] Meshing surface 1076 (Plane, Frontal-Delaunay)
Info    : [100%] Meshing surface 1077 (Plane, Frontal-Delaunay)
Info    : [100%] Meshing surface 1078 (Plane, Frontal-Delaunay)
Info    : [100%] Meshing surface 1079 (Plane, Frontal-Delaunay)
Info    : [100%] Meshing surface 1080 (Plane, Frontal-Delaunay)
Info    : [100%] Meshing surface 1081 (Plane, Frontal-Delaunay)
Info    : [100%] Meshing surface 1082 (Plane, Frontal-Delaunay)
Info    : [100%] Meshing surface 1083 (Plane, Frontal-Delaunay)
Info    : [100%] Meshing surface 1096 (Plane, Frontal-Delaunay)
Info    : [100%] Meshing surface 1097 (Plane, Frontal-Delaunay)
Info    : [100%] Meshing surface 1098 (Plane, Frontal-Delaunay)
Info    : [100%] Meshing surface 1099 (Plane, Frontal-Delaunay)
Info    : [100%] Meshing surface 1100 (Plane, Frontal-Delaunay)
Info    : [100%] Meshing surface 1101 (Plane, Frontal-Delaunay)
Info    : [100%] Meshing surface 1102 (Plane, Frontal-Delaunay)
Info    : [100%] Meshing surface 1103 (Plane, Frontal-Delaunay)
Info    : [100%] Meshing surface 1104 (Plane, Frontal-Delaunay)
Info    : [100%] Meshing surface 1105 (Plane, Frontal-Delaunay)
Info    : [100%] Meshing surface 1106 (Plane, Frontal-Delaunay)
Info    : [100%] Meshing surface 1107 (Plane, Frontal-Delaunay)
Info    : [100%] Meshing surface 1120 (Plane, Frontal-Delaunay)
Info    : [100%] Meshing surface 1121 (Plane, Frontal-Delaunay)
Info    : [100%] Meshing surface 1122 (Plane, Frontal-Delaunay)
Info    : [100%] Meshing surface 1123 (Plane, Frontal-Delaunay)
Info    : [100%] Meshing surface 1124 (Plane, Frontal-Delaunay)
Info    : [100%] Meshing surface 1125 (Plane, Frontal-Delaunay)
Info    : [100%] Meshing surface 1126 (Plane, Frontal-Delaunay)
Info    : [100%] Meshing surface 1127 (Plane, Frontal-Delaunay)
Info    : [100%] Meshing surface 1128 (Plane, Frontal-Delaunay)
Info    : [100%] Meshing surface 1129 (Plane, Frontal-Delaunay)
Info    : [100%] Meshing surface 1130 (Plane, Frontal-Delaunay)
Info    : [100%] Meshing surface 1131 (Plane, Frontal-Delaunay)
Info    : [100%] Meshing surface 1144 (Plane, Frontal-Delaunay)
Info    : [100%] Meshing surface 1145 (Plane, Frontal-Delaunay)
Info    : [100%] Meshing surface 1146 (Plane, Frontal-Delaunay)
Info    : [100%] Meshing surface 1147 (Plane, Frontal-Delaunay)
Info    : [100%] Meshing surface 1148 (Plane, Frontal-Delaunay)
Info    : [100%] Meshing surface 1149 (Plane, Frontal-Delaunay)
Info    : [100%] Meshing surface 1150 (Plane, Frontal-Delaunay)
Info    : [100%] Meshing surface 1151 (Plane, Frontal-Delaunay)
Info    : [100%] Meshing surface 1152 (Plane, Frontal-Delaunay)
Info    : [100%] Meshing surface 1153 (Plane, Frontal-Delaunay)
Info    : [100%] Meshing surface 1154 (Plane, Frontal-Delaunay)
Info    : [100%] Meshing surface 1155 (Plane, Frontal-Delaunay)
Info    : [100%] Meshing surface 1156 (Cylinder, Frontal-Delaunay)
Info    : [100%] Meshing surface 1157 (Plane, Frontal-Delaunay)
Info    : [100%] Meshing surface 1158 (Plane, Frontal-Delaunay)
Info    : Done meshing 2D (Wall 1.27148s, CPU 1.26907s)
Info    : Meshing 3D...
Info    : 3D Meshing 97 volumes with 1 connected component
Info    : Tetrahedrizing 71796 nodes...
Info    : Done tetrahedrizing 71804 nodes (Wall 0.634976s, CPU 0.604972s)
Info    : Reconstructing mesh...
Info    :  - Creating surface mesh
Info    :  - Identifying boundary edges
Info    :  - Recovering boundary
Info    :  - Added 8 Steiner points
Info    : Done reconstructing mesh (Wall 1.57274s, CPU 1.483s)
Info    : Found volume 40013
Info    : Found volume 10010
Info    : Found volume 30002
Info    : Found volume 20032
Info    : Found volume 20004
Info    : Found volume 40004
Info    : Found volume 10027
Info    : Found volume 10019
Info    : Found volume 10024
Info    : Found volume 10012
Info    : Found volume 10003
Info    : Found volume 10011
Info    : Found volume 10032
Info    : Found volume 10036
Info    : Found volume 10015
Info    : Found volume 10020
Info    : Found volume 10035
Info    : Found volume 10016
Info    : Found volume 10031
Info    : Found volume 10007
Info    : Found volume 10008
Info    : Found volume 10028
Info    : Found volume 10023
Info    : Found volume 10004
Info    : Found volume 30011
Info    : Found volume 30008
Info    : Found volume 30004
Info    : Found volume 30012
Info    : Found volume 30007
Info    : Found volume 30003
Info    : Found volume 10030
Info    : Found volume 10013
Info    : Found volume 10017
Info    : Found volume 10033
Info    : Found volume 10029
Info    : Found volume 10005
Info    : Found volume 10002
Info    : Found volume 10018
Info    : Found volume 10014
Info    : Found volume 10006
Info    : Found volume 10022
Info    : Found volume 10021
Info    : Found volume 10034
Info    : Found volume 10009
Info    : Found volume 10026
Info    : Found volume 10001
Info    : Found volume 10025
Info    : Found volume 20024
Info    : Found volume 20018
Info    : Found volume 20003
Info    : Found volume 20012
Info    : Found volume 20015
Info    : Found volume 20017
Info    : Found volume 20023
Info    : Found volume 30006
Info    : Found volume 20030
Info    : Found volume 20013
Info    : Found volume 20033
Info    : Found volume 20021
Info    : Found volume 30001
Info    : Found volume 20009
Info    : Found volume 20001
Info    : Found volume 40006
Info    : Found volume 30010
Info    : Found volume 20020
Info    : Found volume 20028
Info    : Found volume 20031
Info    : Found volume 40003
Info    : Found volume 40010
Info    : Found volume 20034
Info    : Found volume 20011
Info    : Found volume 40002
Info    : Found volume 20014
Info    : Found volume 20036
Info    : Found volume 40007
Info    : Found volume 40012
Info    : Found volume 40001
Info    : Found volume 20019
Info    : Found volume 20016
Info    : Found volume 40008
Info    : Found volume 20007
Info    : Found volume 20029
Info    : Found volume 20025
Info    : Found volume 20006
Info    : Found volume 20010
Info    : Found volume 20008
Info    : Found volume 20026
Info    : Found volume 40011
Info    : Found volume 30009
Info    : Found volume 20002
Info    : Found volume 40005
Info    : Found volume 40009
Info    : Found volume 20005
Info    : Found volume 20035
Info    : Found volume 30005
Info    : Found volume 20027
Info    : Found volume 20022
Info    : It. 0 - 0 nodes created - worst tet radius 152.695 (nodes removed 0 0)
Info    : It. 500 - 457 nodes created - worst tet radius 5.87937 (nodes removed 0 43)
Info    : It. 1000 - 955 nodes created - worst tet radius 3.39731 (nodes removed 0 45)
Info    : It. 1500 - 1455 nodes created - worst tet radius 2.89301 (nodes removed 0 45)
Info    : It. 2000 - 1955 nodes created - worst tet radius 2.66646 (nodes removed 0 45)
Info    : It. 2500 - 2453 nodes created - worst tet radius 2.5658 (nodes removed 0 47)
Info    : It. 3000 - 2949 nodes created - worst tet radius 3.37654 (nodes removed 0 51)
Info    : It. 3500 - 3449 nodes created - worst tet radius 2.43023 (nodes removed 0 51)
Info    : It. 4000 - 3949 nodes created - worst tet radius 2.37085 (nodes removed 0 51)
Info    : It. 4500 - 4449 nodes created - worst tet radius 2.32433 (nodes removed 0 51)
Info    : It. 5000 - 4949 nodes created - worst tet radius 3.05126 (nodes removed 0 51)
Info    : It. 5500 - 5449 nodes created - worst tet radius 2.21812 (nodes removed 0 51)
Info    : It. 6000 - 5949 nodes created - worst tet radius 2.18877 (nodes removed 0 51)
Info    : It. 6500 - 6449 nodes created - worst tet radius 2.1584 (nodes removed 0 51)
Info    : It. 7000 - 6949 nodes created - worst tet radius 3.03428 (nodes removed 0 51)
Info    : It. 7500 - 7449 nodes created - worst tet radius 2.45103 (nodes removed 0 51)
Info    : It. 8000 - 7949 nodes created - worst tet radius 2.17692 (nodes removed 0 51)
Info    : It. 8500 - 8449 nodes created - worst tet radius 3.39966 (nodes removed 0 51)
Info    : It. 9000 - 8949 nodes created - worst tet radius 2.49746 (nodes removed 0 51)
Info    : It. 9500 - 9449 nodes created - worst tet radius 2.36435 (nodes removed 0 51)
Info    : It. 10000 - 9949 nodes created - worst tet radius 2.64054 (nodes removed 0 51)
Info    : It. 10500 - 10449 nodes created - worst tet radius 2.44111 (nodes removed 0 51)
Info    : It. 11000 - 10949 nodes created - worst tet radius 2.05623 (nodes removed 0 51)
Info    : It. 11500 - 11445 nodes created - worst tet radius 2.33007 (nodes removed 0 55)
Info    : It. 12000 - 11945 nodes created - worst tet radius 2.23428 (nodes removed 0 55)
Info    : It. 12500 - 12445 nodes created - worst tet radius 2.28508 (nodes removed 0 55)
Info    : It. 13000 - 12945 nodes created - worst tet radius 2.01074 (nodes removed 0 55)
Info    : It. 13500 - 13445 nodes created - worst tet radius 2.37139 (nodes removed 0 55)
Info    : It. 14000 - 13945 nodes created - worst tet radius 2.0029 (nodes removed 0 55)
Info    : It. 14500 - 14445 nodes created - worst tet radius 1.9758 (nodes removed 0 55)
Info    : It. 15000 - 14945 nodes created - worst tet radius 1.98371 (nodes removed 0 55)
Info    : It. 15500 - 15445 nodes created - worst tet radius 1.93589 (nodes removed 0 55)
Info    : It. 16000 - 15945 nodes created - worst tet radius 1.92168 (nodes removed 0 55)
Info    : It. 16500 - 16445 nodes created - worst tet radius 1.91271 (nodes removed 0 55)
Info    : It. 17000 - 16940 nodes created - worst tet radius 1.89516 (nodes removed 0 60)
Info    : It. 17500 - 17440 nodes created - worst tet radius 1.8789 (nodes removed 0 60)
Info    : It. 18000 - 17940 nodes created - worst tet radius 1.8629 (nodes removed 0 60)
Info    : It. 18500 - 18440 nodes created - worst tet radius 1.84466 (nodes removed 0 60)
Info    : It. 19000 - 18940 nodes created - worst tet radius 1.82738 (nodes removed 0 60)
Info    : It. 19500 - 19440 nodes created - worst tet radius 1.90871 (nodes removed 0 60)
Info    : It. 20000 - 19940 nodes created - worst tet radius 1.79457 (nodes removed 0 60)
Info    : It. 20500 - 20440 nodes created - worst tet radius 1.78022 (nodes removed 0 60)
Info    : It. 21000 - 20940 nodes created - worst tet radius 1.7671 (nodes removed 0 60)
Info    : It. 21500 - 21440 nodes created - worst tet radius 1.75389 (nodes removed 0 60)
Info    : It. 22000 - 21940 nodes created - worst tet radius 1.74136 (nodes removed 0 60)
Info    : It. 22500 - 22440 nodes created - worst tet radius 1.72924 (nodes removed 0 60)
Info    : It. 23000 - 22940 nodes created - worst tet radius 1.71733 (nodes removed 0 60)
Info    : It. 23500 - 23440 nodes created - worst tet radius 1.70643 (nodes removed 0 60)
Info    : It. 24000 - 23940 nodes created - worst tet radius 1.69665 (nodes removed 0 60)
Info    : It. 24500 - 24440 nodes created - worst tet radius 1.68699 (nodes removed 0 60)
Info    : It. 25000 - 24940 nodes created - worst tet radius 1.67594 (nodes removed 0 60)
Info    : It. 25500 - 25440 nodes created - worst tet radius 1.84413 (nodes removed 0 60)
Info    : It. 26000 - 25940 nodes created - worst tet radius 1.65681 (nodes removed 0 60)
Info    : It. 26500 - 26440 nodes created - worst tet radius 1.64763 (nodes removed 0 60)
Info    : It. 27000 - 26940 nodes created - worst tet radius 1.63831 (nodes removed 0 60)
Info    : It. 27500 - 27440 nodes created - worst tet radius 1.73158 (nodes removed 0 60)
Info    : It. 28000 - 27940 nodes created - worst tet radius 1.62059 (nodes removed 0 60)
Info    : It. 28500 - 28440 nodes created - worst tet radius 2.05482 (nodes removed 0 60)
Info    : It. 29000 - 28940 nodes created - worst tet radius 1.60486 (nodes removed 0 60)
Info    : It. 29500 - 29440 nodes created - worst tet radius 1.59777 (nodes removed 0 60)
Info    : It. 30000 - 29940 nodes created - worst tet radius 1.58951 (nodes removed 0 60)
Info    : It. 30500 - 30440 nodes created - worst tet radius 1.58201 (nodes removed 0 60)
Info    : It. 31000 - 30940 nodes created - worst tet radius 1.78427 (nodes removed 0 60)
Info    : It. 31500 - 31440 nodes created - worst tet radius 1.56715 (nodes removed 0 60)
Info    : It. 32000 - 31940 nodes created - worst tet radius 1.55982 (nodes removed 0 60)
Info    : It. 32500 - 32440 nodes created - worst tet radius 1.55233 (nodes removed 0 60)
Info    : It. 33000 - 32940 nodes created - worst tet radius 1.5451 (nodes removed 0 60)
Info    : It. 33500 - 33440 nodes created - worst tet radius 1.53766 (nodes removed 0 60)
Info    : It. 34000 - 33940 nodes created - worst tet radius 1.53101 (nodes removed 0 60)
Info    : It. 34500 - 34440 nodes created - worst tet radius 1.52482 (nodes removed 0 60)
Info    : It. 35000 - 34940 nodes created - worst tet radius 1.51821 (nodes removed 0 60)
Info    : It. 35500 - 35440 nodes created - worst tet radius 1.51132 (nodes removed 0 60)
Info    : It. 36000 - 35940 nodes created - worst tet radius 1.50489 (nodes removed 0 60)
Info    : It. 36500 - 36440 nodes created - worst tet radius 1.49941 (nodes removed 0 60)
Info    : It. 37000 - 36940 nodes created - worst tet radius 1.49384 (nodes removed 0 60)
Info    : It. 37500 - 37440 nodes created - worst tet radius 1.48812 (nodes removed 0 60)
Info    : It. 38000 - 37940 nodes created - worst tet radius 1.48255 (nodes removed 0 60)
Info    : It. 38500 - 38440 nodes created - worst tet radius 1.47738 (nodes removed 0 60)
Info    : It. 39000 - 38940 nodes created - worst tet radius 1.47137 (nodes removed 0 60)
Info    : It. 39500 - 39440 nodes created - worst tet radius 1.4657 (nodes removed 0 60)
Info    : It. 40000 - 39940 nodes created - worst tet radius 1.46024 (nodes removed 0 60)
Info    : It. 40500 - 40440 nodes created - worst tet radius 1.45528 (nodes removed 0 60)
Info    : It. 41000 - 40940 nodes created - worst tet radius 1.45016 (nodes removed 0 60)
Info    : It. 41500 - 41440 nodes created - worst tet radius 1.44536 (nodes removed 0 60)
Info    : It. 42000 - 41940 nodes created - worst tet radius 1.4406 (nodes removed 0 60)
Info    : It. 42500 - 42440 nodes created - worst tet radius 1.43582 (nodes removed 0 60)
Info    : It. 43000 - 42940 nodes created - worst tet radius 1.43093 (nodes removed 0 60)
Info    : It. 43500 - 43440 nodes created - worst tet radius 1.42621 (nodes removed 0 60)
Info    : It. 44000 - 43940 nodes created - worst tet radius 1.42152 (nodes removed 0 60)
Info    : It. 44500 - 44440 nodes created - worst tet radius 1.41714 (nodes removed 0 60)
Info    : It. 45000 - 44940 nodes created - worst tet radius 1.41263 (nodes removed 0 60)
Info    : It. 45500 - 45440 nodes created - worst tet radius 1.40843 (nodes removed 0 60)
Info    : It. 46000 - 45940 nodes created - worst tet radius 1.4039 (nodes removed 0 60)
Info    : It. 46500 - 46440 nodes created - worst tet radius 1.39967 (nodes removed 0 60)
Info    : It. 47000 - 46940 nodes created - worst tet radius 1.39589 (nodes removed 0 60)
Info    : It. 47500 - 47440 nodes created - worst tet radius 1.3921 (nodes removed 0 60)
Info    : It. 48000 - 47940 nodes created - worst tet radius 1.38854 (nodes removed 0 60)
Info    : It. 48500 - 48440 nodes created - worst tet radius 1.38469 (nodes removed 0 60)
Info    : It. 49000 - 48940 nodes created - worst tet radius 1.38137 (nodes removed 0 60)
Info    : It. 49500 - 49440 nodes created - worst tet radius 1.37782 (nodes removed 0 60)
Info    : It. 50000 - 49940 nodes created - worst tet radius 1.37386 (nodes removed 0 60)
Info    : It. 50500 - 50440 nodes created - worst tet radius 1.36991 (nodes removed 0 60)
Info    : It. 51000 - 50940 nodes created - worst tet radius 1.79353 (nodes removed 0 60)
Info    : It. 51500 - 51440 nodes created - worst tet radius 2.04207 (nodes removed 0 60)
Info    : It. 52000 - 51940 nodes created - worst tet radius 1.35916 (nodes removed 0 60)
Info    : It. 52500 - 52440 nodes created - worst tet radius 1.76724 (nodes removed 0 60)
Info    : It. 53000 - 52940 nodes created - worst tet radius 1.35255 (nodes removed 0 60)
Info    : It. 53500 - 53440 nodes created - worst tet radius 1.34928 (nodes removed 0 60)
Info    : It. 54000 - 53940 nodes created - worst tet radius 1.34641 (nodes removed 0 60)
Info    : It. 54500 - 54440 nodes created - worst tet radius 1.34329 (nodes removed 0 60)
Info    : It. 55000 - 54940 nodes created - worst tet radius 1.33986 (nodes removed 0 60)
Info    : It. 55500 - 55440 nodes created - worst tet radius 1.33677 (nodes removed 0 60)
Info    : It. 56000 - 55940 nodes created - worst tet radius 1.44852 (nodes removed 0 60)
Info    : It. 56500 - 56440 nodes created - worst tet radius 1.33034 (nodes removed 0 60)
Info    : It. 57000 - 56940 nodes created - worst tet radius 1.32684 (nodes removed 0 60)
Info    : It. 57500 - 57440 nodes created - worst tet radius 1.3235 (nodes removed 0 60)
Info    : It. 58000 - 57940 nodes created - worst tet radius 1.32024 (nodes removed 0 60)
Info    : It. 58500 - 58440 nodes created - worst tet radius 1.31674 (nodes removed 0 60)
Info    : It. 59000 - 58940 nodes created - worst tet radius 1.31332 (nodes removed 0 60)
Info    : It. 59500 - 59440 nodes created - worst tet radius 1.31019 (nodes removed 0 60)
Info    : It. 60000 - 59940 nodes created - worst tet radius 1.30701 (nodes removed 0 60)
Info    : It. 60500 - 60440 nodes created - worst tet radius 1.76957 (nodes removed 0 60)
Info    : It. 61000 - 60940 nodes created - worst tet radius 1.30065 (nodes removed 0 60)
Info    : It. 61500 - 61440 nodes created - worst tet radius 1.29773 (nodes removed 0 60)
Info    : It. 62000 - 61938 nodes created - worst tet radius 1.51661 (nodes removed 0 62)
Info    : It. 62500 - 62438 nodes created - worst tet radius 1.29155 (nodes removed 0 62)
Info    : It. 63000 - 62937 nodes created - worst tet radius 1.28865 (nodes removed 0 63)
Info    : It. 63500 - 63437 nodes created - worst tet radius 1.28576 (nodes removed 0 63)
Info    : It. 64000 - 63937 nodes created - worst tet radius 1.28263 (nodes removed 0 63)
Info    : It. 64500 - 64437 nodes created - worst tet radius 1.27981 (nodes removed 0 63)
Info    : It. 65000 - 64937 nodes created - worst tet radius 1.27676 (nodes removed 0 63)
Info    : It. 65500 - 65437 nodes created - worst tet radius 1.27334 (nodes removed 0 63)
Info    : It. 66000 - 65937 nodes created - worst tet radius 1.27018 (nodes removed 0 63)
Info    : It. 66500 - 66437 nodes created - worst tet radius 1.26708 (nodes removed 0 63)
Info    : It. 67000 - 66937 nodes created - worst tet radius 1.26407 (nodes removed 0 63)
Info    : It. 67500 - 67437 nodes created - worst tet radius 1.2612 (nodes removed 0 63)
Info    : It. 68000 - 67937 nodes created - worst tet radius 1.25825 (nodes removed 0 63)
Info    : It. 68500 - 68437 nodes created - worst tet radius 1.25549 (nodes removed 0 63)
Info    : It. 69000 - 68937 nodes created - worst tet radius 1.25231 (nodes removed 0 63)
Info    : It. 69500 - 69437 nodes created - worst tet radius 1.24969 (nodes removed 0 63)
Info    : It. 70000 - 69937 nodes created - worst tet radius 1.24685 (nodes removed 0 63)
Info    : It. 70500 - 70437 nodes created - worst tet radius 1.2439 (nodes removed 0 63)
Info    : It. 71000 - 70937 nodes created - worst tet radius 1.24134 (nodes removed 0 63)
Info    : It. 71500 - 71437 nodes created - worst tet radius 1.23834 (nodes removed 0 63)
Info    : It. 72000 - 71937 nodes created - worst tet radius 1.23558 (nodes removed 0 63)
Info    : It. 72500 - 72437 nodes created - worst tet radius 1.23283 (nodes removed 0 63)
Info    : It. 73000 - 72937 nodes created - worst tet radius 1.24888 (nodes removed 0 63)
Info    : It. 73500 - 73437 nodes created - worst tet radius 1.22741 (nodes removed 0 63)
Info    : It. 74000 - 73937 nodes created - worst tet radius 1.22504 (nodes removed 0 63)
Info    : It. 74500 - 74437 nodes created - worst tet radius 1.50917 (nodes removed 0 63)
Info    : It. 75000 - 74937 nodes created - worst tet radius 1.22009 (nodes removed 0 63)
Info    : It. 75500 - 75437 nodes created - worst tet radius 1.21765 (nodes removed 0 63)
Info    : It. 76000 - 75937 nodes created - worst tet radius 1.21509 (nodes removed 0 63)
Info    : It. 76500 - 76437 nodes created - worst tet radius 1.21279 (nodes removed 0 63)
Info    : It. 77000 - 76937 nodes created - worst tet radius 1.21057 (nodes removed 0 63)
Info    : It. 77500 - 77437 nodes created - worst tet radius 1.20798 (nodes removed 0 63)
Info    : It. 78000 - 77937 nodes created - worst tet radius 1.20542 (nodes removed 0 63)
Info    : It. 78500 - 78437 nodes created - worst tet radius 1.20305 (nodes removed 0 63)
Info    : It. 79000 - 78937 nodes created - worst tet radius 1.20049 (nodes removed 0 63)
Info    : It. 79500 - 79437 nodes created - worst tet radius 1.19823 (nodes removed 0 63)
Info    : It. 80000 - 79937 nodes created - worst tet radius 1.19596 (nodes removed 0 63)
Info    : It. 80500 - 80437 nodes created - worst tet radius 1.19343 (nodes removed 0 63)
Info    : It. 81000 - 80937 nodes created - worst tet radius 1.1909 (nodes removed 0 63)
Info    : It. 81500 - 81437 nodes created - worst tet radius 1.18857 (nodes removed 0 63)
Info    : It. 82000 - 81937 nodes created - worst tet radius 1.18634 (nodes removed 0 63)
Info    : It. 82500 - 82437 nodes created - worst tet radius 1.18401 (nodes removed 0 63)
Info    : It. 83000 - 82937 nodes created - worst tet radius 1.18169 (nodes removed 0 63)
Info    : It. 83500 - 83437 nodes created - worst tet radius 1.17942 (nodes removed 0 63)
Info    : It. 84000 - 83937 nodes created - worst tet radius 1.17726 (nodes removed 0 63)
Info    : It. 84500 - 84437 nodes created - worst tet radius 1.17513 (nodes removed 0 63)
Info    : It. 85000 - 84937 nodes created - worst tet radius 1.17294 (nodes removed 0 63)
Info    : It. 85500 - 85437 nodes created - worst tet radius 1.21783 (nodes removed 0 63)
Info    : It. 86000 - 85937 nodes created - worst tet radius 1.16882 (nodes removed 0 63)
Info    : It. 86500 - 86437 nodes created - worst tet radius 1.16687 (nodes removed 0 63)
Info    : It. 87000 - 86937 nodes created - worst tet radius 1.4569 (nodes removed 0 63)
Info    : It. 87500 - 87437 nodes created - worst tet radius 1.16304 (nodes removed 0 63)
Info    : It. 88000 - 87937 nodes created - worst tet radius 1.20845 (nodes removed 0 63)
Info    : It. 88500 - 88437 nodes created - worst tet radius 1.15901 (nodes removed 0 63)
Info    : It. 89000 - 88937 nodes created - worst tet radius 1.15682 (nodes removed 0 63)
Info    : It. 89500 - 89437 nodes created - worst tet radius 1.326 (nodes removed 0 63)
Info    : It. 90000 - 89937 nodes created - worst tet radius 1.15271 (nodes removed 0 63)
Info    : It. 90500 - 90437 nodes created - worst tet radius 1.15078 (nodes removed 0 63)
Info    : It. 91000 - 90937 nodes created - worst tet radius 1.1488 (nodes removed 0 63)
Info    : It. 91500 - 91437 nodes created - worst tet radius 1.14667 (nodes removed 0 63)
Info    : It. 92000 - 91937 nodes created - worst tet radius 1.14466 (nodes removed 0 63)
Info    : It. 92500 - 92437 nodes created - worst tet radius 1.14261 (nodes removed 0 63)
Info    : It. 93000 - 92937 nodes created - worst tet radius 1.14083 (nodes removed 0 63)
Info    : It. 93500 - 93437 nodes created - worst tet radius 1.45061 (nodes removed 0 63)
Info    : It. 94000 - 93937 nodes created - worst tet radius 1.13729 (nodes removed 0 63)
Info    : It. 94500 - 94437 nodes created - worst tet radius 1.14071 (nodes removed 0 63)
Info    : It. 95000 - 94937 nodes created - worst tet radius 1.13354 (nodes removed 0 63)
Info    : It. 95500 - 95437 nodes created - worst tet radius 1.33707 (nodes removed 0 63)
Info    : It. 96000 - 95937 nodes created - worst tet radius 1.12986 (nodes removed 0 63)
Info    : It. 96500 - 96437 nodes created - worst tet radius 1.12807 (nodes removed 0 63)
Info    : It. 97000 - 96937 nodes created - worst tet radius 1.15868 (nodes removed 0 63)
Info    : It. 97500 - 97437 nodes created - worst tet radius 1.1244 (nodes removed 0 63)
Info    : It. 98000 - 97937 nodes created - worst tet radius 1.12262 (nodes removed 0 63)
Info    : It. 98500 - 98437 nodes created - worst tet radius 1.12078 (nodes removed 0 63)
Info    : It. 99000 - 98937 nodes created - worst tet radius 1.14214 (nodes removed 0 63)
Info    : It. 99500 - 99437 nodes created - worst tet radius 1.36082 (nodes removed 0 63)
Info    : It. 100000 - 99937 nodes created - worst tet radius 1.11561 (nodes removed 0 63)
Info    : It. 100500 - 100437 nodes created - worst tet radius 1.11399 (nodes removed 0 63)
Info    : It. 101000 - 100937 nodes created - worst tet radius 1.11247 (nodes removed 0 63)
Info    : It. 101500 - 101437 nodes created - worst tet radius 1.11071 (nodes removed 0 63)
Info    : It. 102000 - 101937 nodes created - worst tet radius 1.10917 (nodes removed 0 63)
Info    : It. 102500 - 102437 nodes created - worst tet radius 1.10743 (nodes removed 0 63)
Info    : It. 103000 - 102937 nodes created - worst tet radius 1.10579 (nodes removed 0 63)
Info    : It. 103500 - 103437 nodes created - worst tet radius 1.10415 (nodes removed 0 63)
Info    : It. 104000 - 103937 nodes created - worst tet radius 1.10257 (nodes removed 0 63)
Info    : It. 104500 - 104437 nodes created - worst tet radius 1.10084 (nodes removed 0 63)
Info    : It. 105000 - 104937 nodes created - worst tet radius 1.09932 (nodes removed 0 63)
Info    : It. 105500 - 105437 nodes created - worst tet radius 1.09772 (nodes removed 0 63)
Info    : It. 106000 - 105937 nodes created - worst tet radius 1.09619 (nodes removed 0 63)
Info    : It. 106500 - 106437 nodes created - worst tet radius 1.09466 (nodes removed 0 63)
Info    : It. 107000 - 106936 nodes created - worst tet radius 1.09333 (nodes removed 0 64)
Info    : It. 107500 - 107436 nodes created - worst tet radius 1.0919 (nodes removed 0 64)
Info    : It. 108000 - 107936 nodes created - worst tet radius 1.09031 (nodes removed 0 64)
Info    : It. 108500 - 108436 nodes created - worst tet radius 1.08881 (nodes removed 0 64)
Info    : It. 109000 - 108936 nodes created - worst tet radius 1.0873 (nodes removed 0 64)
Info    : It. 109500 - 109436 nodes created - worst tet radius 1.16185 (nodes removed 0 64)
Info    : It. 110000 - 109936 nodes created - worst tet radius 1.0845 (nodes removed 0 64)
Info    : It. 110500 - 110436 nodes created - worst tet radius 1.08313 (nodes removed 0 64)
Info    : It. 111000 - 110936 nodes created - worst tet radius 1.08175 (nodes removed 0 64)
Info    : It. 111500 - 111436 nodes created - worst tet radius 1.08025 (nodes removed 0 64)
Info    : It. 112000 - 111936 nodes created - worst tet radius 1.07901 (nodes removed 0 64)
Info    : It. 112500 - 112436 nodes created - worst tet radius 1.15561 (nodes removed 0 64)
Info    : It. 113000 - 112936 nodes created - worst tet radius 1.09481 (nodes removed 0 64)
Info    : It. 113500 - 113436 nodes created - worst tet radius 1.0749 (nodes removed 0 64)
Info    : It. 114000 - 113936 nodes created - worst tet radius 1.07343 (nodes removed 0 64)
Info    : It. 114500 - 114436 nodes created - worst tet radius 1.07214 (nodes removed 0 64)
Info    : It. 115000 - 114936 nodes created - worst tet radius 1.07075 (nodes removed 0 64)
Info    : It. 115500 - 115436 nodes created - worst tet radius 1.06933 (nodes removed 0 64)
Info    : It. 116000 - 115936 nodes created - worst tet radius 1.06792 (nodes removed 0 64)
Info    : It. 116500 - 116436 nodes created - worst tet radius 1.06651 (nodes removed 0 64)
Info    : It. 117000 - 116936 nodes created - worst tet radius 1.0651 (nodes removed 0 64)
Info    : It. 117500 - 117436 nodes created - worst tet radius 1.06374 (nodes removed 0 64)
Info    : It. 118000 - 117936 nodes created - worst tet radius 1.06235 (nodes removed 0 64)
Info    : It. 118500 - 118436 nodes created - worst tet radius 1.06112 (nodes removed 0 64)
Info    : It. 119000 - 118936 nodes created - worst tet radius 1.05985 (nodes removed 0 64)
Info    : It. 119500 - 119436 nodes created - worst tet radius 1.05856 (nodes removed 0 64)
Info    : It. 120000 - 119936 nodes created - worst tet radius 1.05728 (nodes removed 0 64)
Info    : It. 120500 - 120436 nodes created - worst tet radius 1.17711 (nodes removed 0 64)
Info    : It. 121000 - 120936 nodes created - worst tet radius 1.05459 (nodes removed 0 64)
Info    : It. 121500 - 121436 nodes created - worst tet radius 1.05335 (nodes removed 0 64)
Info    : It. 122000 - 121936 nodes created - worst tet radius 1.05202 (nodes removed 0 64)
Info    : It. 122500 - 122436 nodes created - worst tet radius 1.05081 (nodes removed 0 64)
Info    : It. 123000 - 122936 nodes created - worst tet radius 1.04951 (nodes removed 0 64)
Info    : It. 123500 - 123436 nodes created - worst tet radius 1.04821 (nodes removed 0 64)
Info    : It. 124000 - 123936 nodes created - worst tet radius 1.04685 (nodes removed 0 64)
Info    : It. 124500 - 124436 nodes created - worst tet radius 1.04558 (nodes removed 0 64)
Info    : It. 125000 - 124936 nodes created - worst tet radius 1.0443 (nodes removed 0 64)
Info    : It. 125500 - 125436 nodes created - worst tet radius 1.19948 (nodes removed 0 64)
Info    : It. 126000 - 125936 nodes created - worst tet radius 1.04189 (nodes removed 0 64)
Info    : It. 126500 - 126436 nodes created - worst tet radius 1.07558 (nodes removed 0 64)
Info    : It. 127000 - 126936 nodes created - worst tet radius 1.03941 (nodes removed 0 64)
Info    : It. 127500 - 127436 nodes created - worst tet radius 1.03813 (nodes removed 0 64)
Info    : It. 128000 - 127936 nodes created - worst tet radius 1.07027 (nodes removed 0 64)
Info    : It. 128500 - 128436 nodes created - worst tet radius 1.03574 (nodes removed 0 64)
Info    : It. 129000 - 128936 nodes created - worst tet radius 1.03453 (nodes removed 0 64)
Info    : It. 129500 - 129436 nodes created - worst tet radius 1.03325 (nodes removed 0 64)
Info    : It. 130000 - 129936 nodes created - worst tet radius 1.03209 (nodes removed 0 64)
Info    : It. 130500 - 130436 nodes created - worst tet radius 1.04366 (nodes removed 0 64)
Info    : It. 131000 - 130936 nodes created - worst tet radius 1.02976 (nodes removed 0 64)
Info    : It. 131500 - 131436 nodes created - worst tet radius 1.02852 (nodes removed 0 64)
Info    : It. 132000 - 131936 nodes created - worst tet radius 1.0273 (nodes removed 0 64)
Info    : It. 132500 - 132436 nodes created - worst tet radius 1.02618 (nodes removed 0 64)
Info    : It. 133000 - 132936 nodes created - worst tet radius 1.0249 (nodes removed 0 64)
Info    : It. 133500 - 133436 nodes created - worst tet radius 1.02375 (nodes removed 0 64)
Info    : It. 134000 - 133936 nodes created - worst tet radius 1.02253 (nodes removed 0 64)
Info    : It. 134500 - 134436 nodes created - worst tet radius 1.02358 (nodes removed 0 64)
Info    : It. 135000 - 134935 nodes created - worst tet radius 1.0203 (nodes removed 0 65)
Info    : It. 135500 - 135435 nodes created - worst tet radius 1.01915 (nodes removed 0 65)
Info    : It. 136000 - 135935 nodes created - worst tet radius 1.01811 (nodes removed 0 65)
Info    : It. 136500 - 136435 nodes created - worst tet radius 1.17392 (nodes removed 0 65)
Info    : It. 137000 - 136935 nodes created - worst tet radius 1.01577 (nodes removed 0 65)
Info    : It. 137500 - 137435 nodes created - worst tet radius 1.01451 (nodes removed 0 65)
Info    : It. 138000 - 137935 nodes created - worst tet radius 1.01332 (nodes removed 0 65)
Info    : It. 138500 - 138435 nodes created - worst tet radius 1.01216 (nodes removed 0 65)
Info    : It. 139000 - 138935 nodes created - worst tet radius 1.01109 (nodes removed 0 65)
Info    : It. 139500 - 139435 nodes created - worst tet radius 1.01006 (nodes removed 0 65)
Info    : It. 140000 - 139935 nodes created - worst tet radius 1.00884 (nodes removed 0 65)
Info    : It. 140500 - 140435 nodes created - worst tet radius 1.00776 (nodes removed 0 65)
Info    : It. 141000 - 140935 nodes created - worst tet radius 1.0067 (nodes removed 0 65)
Info    : It. 141500 - 141435 nodes created - worst tet radius 1.00564 (nodes removed 0 65)
Info    : It. 142000 - 141935 nodes created - worst tet radius 1.12726 (nodes removed 0 65)
Info    : It. 142500 - 142435 nodes created - worst tet radius 1.00343 (nodes removed 0 65)
Info    : It. 143000 - 142935 nodes created - worst tet radius 1.00242 (nodes removed 0 65)
Info    : It. 143500 - 143435 nodes created - worst tet radius 1.00138 (nodes removed 0 65)
Info    : It. 144000 - 143935 nodes created - worst tet radius 1.00018 (nodes removed 0 65)
Info    : 3D refinement terminated (215830 nodes total):
Info    :  - 27 Delaunay cavities modified for star shapeness
Info    :  - 65 nodes could not be inserted
Info    :  - 1349600 tetrahedra created in 13.6809 sec. (98648 tets/s)
Info    : Done meshing 3D (Wall 19.3882s, CPU 19.2673s)
Info    : Optimizing mesh...
Info    : Optimizing volume 10001
Info    : Optimization starts (volume = 6.6e-06) with worst = 0.0237529 / average = 0.766401:
Info    : 0.00 < quality < 0.10 :         4 elements
Info    : 0.10 < quality < 0.20 :        41 elements
Info    : 0.20 < quality < 0.30 :        40 elements
Info    : 0.30 < quality < 0.40 :        71 elements
Info    : 0.40 < quality < 0.50 :       115 elements
Info    : 0.50 < quality < 0.60 :       189 elements
Info    : 0.60 < quality < 0.70 :       626 elements
Info    : 0.70 < quality < 0.80 :      1122 elements
Info    : 0.80 < quality < 0.90 :      1384 elements
Info    : 0.90 < quality < 1.00 :       684 elements
Info    : 83 edge swaps, 8 node relocations (volume = 6.6e-06): worst = 0.283397 / average = 0.778402 (Wall 0.00205701s, CPU 0.002054s)
Info    : 84 edge swaps, 8 node relocations (volume = 6.6e-06): worst = 0.300297 / average = 0.778563 (Wall 0.00224968s, CPU 0.002246s)
Info    : No ill-shaped tets in the mesh :-)
Info    : 0.00 < quality < 0.10 :         0 elements
Info    : 0.10 < quality < 0.20 :         0 elements
Info    : 0.20 < quality < 0.30 :         0 elements
Info    : 0.30 < quality < 0.40 :        70 elements
Info    : 0.40 < quality < 0.50 :       110 elements
Info    : 0.50 < quality < 0.60 :       194 elements
Info    : 0.60 < quality < 0.70 :       629 elements
Info    : 0.70 < quality < 0.80 :      1106 elements
Info    : 0.80 < quality < 0.90 :      1409 elements
Info    : 0.90 < quality < 1.00 :       685 elements
Info    : Optimizing volume 10002
Info    : Optimization starts (volume = 6.6e-06) with worst = 0.022596 / average = 0.769209:
Info    : 0.00 < quality < 0.10 :        11 elements
Info    : 0.10 < quality < 0.20 :        37 elements
Info    : 0.20 < quality < 0.30 :        39 elements
Info    : 0.30 < quality < 0.40 :        56 elements
Info    : 0.40 < quality < 0.50 :       112 elements
Info    : 0.50 < quality < 0.60 :       200 elements
Info    : 0.60 < quality < 0.70 :       596 elements
Info    : 0.70 < quality < 0.80 :      1127 elements
Info    : 0.80 < quality < 0.90 :      1431 elements
Info    : 0.90 < quality < 1.00 :       711 elements
Info    : 84 edge swaps, 4 node relocations (volume = 6.6e-06): worst = 0.121423 / average = 0.782326 (Wall 0.00163161s, CPU 0.00163s)
Info    : 86 edge swaps, 4 node relocations (volume = 6.6e-06): worst = 0.30023 / average = 0.782645 (Wall 0.00182562s, CPU 0.001822s)
Info    : No ill-shaped tets in the mesh :-)
Info    : 0.00 < quality < 0.10 :         0 elements
Info    : 0.10 < quality < 0.20 :         0 elements
Info    : 0.20 < quality < 0.30 :         0 elements
Info    : 0.30 < quality < 0.40 :        54 elements
Info    : 0.40 < quality < 0.50 :       108 elements
Info    : 0.50 < quality < 0.60 :       191 elements
Info    : 0.60 < quality < 0.70 :       597 elements
Info    : 0.70 < quality < 0.80 :      1123 elements
Info    : 0.80 < quality < 0.90 :      1454 elements
Info    : 0.90 < quality < 1.00 :       712 elements
Info    : Optimizing volume 10003
Info    : Optimization starts (volume = 1.056e-05) with worst = 0.0364979 / average = 0.769862:
Info    : 0.00 < quality < 0.10 :        16 elements
Info    : 0.10 < quality < 0.20 :        45 elements
Info    : 0.20 < quality < 0.30 :        85 elements
Info    : 0.30 < quality < 0.40 :       110 elements
Info    : 0.40 < quality < 0.50 :       163 elements
Info    : 0.50 < quality < 0.60 :       288 elements
Info    : 0.60 < quality < 0.70 :       885 elements
Info    : 0.70 < quality < 0.80 :      1551 elements
Info    : 0.80 < quality < 0.90 :      2247 elements
Info    : 0.90 < quality < 1.00 :      1112 elements
Info    : 146 edge swaps, 6 node relocations (volume = 1.056e-05): worst = 0.211696 / average = 0.78359 (Wall 0.0032778s, CPU 0.003273s)
Info    : 148 edge swaps, 6 node relocations (volume = 1.056e-05): worst = 0.300192 / average = 0.783796 (Wall 0.00358746s, CPU 0.003583s)
Info    : No ill-shaped tets in the mesh :-)
Info    : 0.00 < quality < 0.10 :         0 elements
Info    : 0.10 < quality < 0.20 :         0 elements
Info    : 0.20 < quality < 0.30 :         0 elements
Info    : 0.30 < quality < 0.40 :       108 elements
Info    : 0.40 < quality < 0.50 :       152 elements
Info    : 0.50 < quality < 0.60 :       292 elements
Info    : 0.60 < quality < 0.70 :       879 elements
Info    : 0.70 < quality < 0.80 :      1561 elements
Info    : 0.80 < quality < 0.90 :      2270 elements
Info    : 0.90 < quality < 1.00 :      1111 elements
Info    : Optimizing volume 10004
Info    : Optimization starts (volume = 1.056e-05) with worst = 0.0109246 / average = 0.769086:
Info    : 0.00 < quality < 0.10 :        20 elements
Info    : 0.10 < quality < 0.20 :        48 elements
Info    : 0.20 < quality < 0.30 :        66 elements
Info    : 0.30 < quality < 0.40 :        97 elements
Info    : 0.40 < quality < 0.50 :       146 elements
Info    : 0.50 < quality < 0.60 :       282 elements
Info    : 0.60 < quality < 0.70 :       927 elements
Info    : 0.70 < quality < 0.80 :      1581 elements
Info    : 0.80 < quality < 0.90 :      2163 elements
Info    : 0.90 < quality < 1.00 :      1040 elements
Info    : 133 edge swaps, 2 node relocations (volume = 1.056e-05): worst = 0.272588 / average = 0.782953 (Wall 0.00128075s, CPU 0.001279s)
Info    : 136 edge swaps, 2 node relocations (volume = 1.056e-05): worst = 0.300724 / average = 0.783304 (Wall 0.00159482s, CPU 0.001591s)
Info    : No ill-shaped tets in the mesh :-)
Info    : 0.00 < quality < 0.10 :         0 elements
Info    : 0.10 < quality < 0.20 :         0 elements
Info    : 0.20 < quality < 0.30 :         0 elements
Info    : 0.30 < quality < 0.40 :        87 elements
Info    : 0.40 < quality < 0.50 :       136 elements
Info    : 0.50 < quality < 0.60 :       275 elements
Info    : 0.60 < quality < 0.70 :       931 elements
Info    : 0.70 < quality < 0.80 :      1586 elements
Info    : 0.80 < quality < 0.90 :      2188 elements
Info    : 0.90 < quality < 1.00 :      1041 elements
Info    : Optimizing volume 10005
Info    : Optimization starts (volume = 6.6e-06) with worst = 0.0108145 / average = 0.763039:
Info    : 0.00 < quality < 0.10 :        10 elements
Info    : 0.10 < quality < 0.20 :        33 elements
Info    : 0.20 < quality < 0.30 :        51 elements
Info    : 0.30 < quality < 0.40 :        78 elements
Info    : 0.40 < quality < 0.50 :       100 elements
Info    : 0.50 < quality < 0.60 :       196 elements
Info    : 0.60 < quality < 0.70 :       664 elements
Info    : 0.70 < quality < 0.80 :      1090 elements
Info    : 0.80 < quality < 0.90 :      1447 elements
Info    : 0.90 < quality < 1.00 :       640 elements
Info    : 93 edge swaps, 0 node relocations (volume = 6.6e-06): worst = 0.279078 / average = 0.776717 (Wall 0.000820752s, CPU 0.000819s)
Info    : 94 edge swaps, 0 node relocations (volume = 6.6e-06): worst = 0.302106 / average = 0.776643 (Wall 0.0010008s, CPU 0.001s)
Info    : No ill-shaped tets in the mesh :-)
Info    : 0.00 < quality < 0.10 :         0 elements
Info    : 0.10 < quality < 0.20 :         0 elements
Info    : 0.20 < quality < 0.30 :         0 elements
Info    : 0.30 < quality < 0.40 :        73 elements
Info    : 0.40 < quality < 0.50 :        96 elements
Info    : 0.50 < quality < 0.60 :       189 elements
Info    : 0.60 < quality < 0.70 :       672 elements
Info    : 0.70 < quality < 0.80 :      1093 elements
Info    : 0.80 < quality < 0.90 :      1463 elements
Info    : 0.90 < quality < 1.00 :       637 elements
Info    : Optimizing volume 10006
Info    : Optimization starts (volume = 6.6e-06) with worst = 0.034872 / average = 0.767375:
Info    : 0.00 < quality < 0.10 :        10 elements
Info    : 0.10 < quality < 0.20 :        29 elements
Info    : 0.20 < quality < 0.30 :        42 elements
Info    : 0.30 < quality < 0.40 :        81 elements
Info    : 0.40 < quality < 0.50 :       113 elements
Info    : 0.50 < quality < 0.60 :       187 elements
Info    : 0.60 < quality < 0.70 :       650 elements
Info    : 0.70 < quality < 0.80 :      1066 elements
Info    : 0.80 < quality < 0.90 :      1423 elements
Info    : 0.90 < quality < 1.00 :       710 elements
Info    : 80 edge swaps, 1 node relocations (volume = 6.6e-06): worst = 0.258072 / average = 0.779052 (Wall 0.000757781s, CPU 0.000758s)
Info    : No ill-shaped tets in the mesh :-)
Info    : 0.00 < quality < 0.10 :         0 elements
Info    : 0.10 < quality < 0.20 :         0 elements
Info    : 0.20 < quality < 0.30 :         1 elements
Info    : 0.30 < quality < 0.40 :        77 elements
Info    : 0.40 < quality < 0.50 :       114 elements
Info    : 0.50 < quality < 0.60 :       186 elements
Info    : 0.60 < quality < 0.70 :       644 elements
Info    : 0.70 < quality < 0.80 :      1071 elements
Info    : 0.80 < quality < 0.90 :      1433 elements
Info    : 0.90 < quality < 1.00 :       713 elements
Info    : Optimizing volume 10007
Info    : Optimization starts (volume = 1.056e-05) with worst = 0.0147126 / average = 0.769592:
Info    : 0.00 < quality < 0.10 :        21 elements
Info    : 0.10 < quality < 0.20 :        57 elements
Info    : 0.20 < quality < 0.30 :        56 elements
Info    : 0.30 < quality < 0.40 :       118 elements
Info    : 0.40 < quality < 0.50 :       157 elements
Info    : 0.50 < quality < 0.60 :       289 elements
Info    : 0.60 < quality < 0.70 :       849 elements
Info    : 0.70 < quality < 0.80 :      1623 elements
Info    : 0.80 < quality < 0.90 :      2260 elements
Info    : 0.90 < quality < 1.00 :      1064 elements
Info    : 134 edge swaps, 0 node relocations (volume = 1.056e-05): worst = 0.276974 / average = 0.782444 (Wall 0.00124381s, CPU 0.001242s)
Info    : 135 edge swaps, 0 node relocations (volume = 1.056e-05): worst = 0.300627 / average = 0.78255 (Wall 0.00152783s, CPU 0.001526s)
Info    : No ill-shaped tets in the mesh :-)
Info    : 0.00 < quality < 0.10 :         0 elements
Info    : 0.10 < quality < 0.20 :         0 elements
Info    : 0.20 < quality < 0.30 :         0 elements
Info    : 0.30 < quality < 0.40 :       116 elements
Info    : 0.40 < quality < 0.50 :       151 elements
Info    : 0.50 < quality < 0.60 :       288 elements
Info    : 0.60 < quality < 0.70 :       850 elements
Info    : 0.70 < quality < 0.80 :      1624 elements
Info    : 0.80 < quality < 0.90 :      2285 elements
Info    : 0.90 < quality < 1.00 :      1059 elements
Info    : Optimizing volume 10008
Info    : Optimization starts (volume = 1.056e-05) with worst = 0.0160443 / average = 0.768476:
Info    : 0.00 < quality < 0.10 :        12 elements
Info    : 0.10 < quality < 0.20 :        55 elements
Info    : 0.20 < quality < 0.30 :        59 elements
Info    : 0.30 < quality < 0.40 :       117 elements
Info    : 0.40 < quality < 0.50 :       178 elements
Info    : 0.50 < quality < 0.60 :       297 elements
Info    : 0.60 < quality < 0.70 :       826 elements
Info    : 0.70 < quality < 0.80 :      1623 elements
Info    : 0.80 < quality < 0.90 :      2258 elements
Info    : 0.90 < quality < 1.00 :       993 elements
Info    : 123 edge swaps, 4 node relocations (volume = 1.056e-05): worst = 0.182602 / average = 0.780784 (Wall 0.00118366s, CPU 0.001181s)
Info    : 125 edge swaps, 4 node relocations (volume = 1.056e-05): worst = 0.300236 / average = 0.780996 (Wall 0.00148462s, CPU 0.001482s)
Info    : No ill-shaped tets in the mesh :-)
Info    : 0.00 < quality < 0.10 :         0 elements
Info    : 0.10 < quality < 0.20 :         0 elements
Info    : 0.20 < quality < 0.30 :         0 elements
Info    : 0.30 < quality < 0.40 :       120 elements
Info    : 0.40 < quality < 0.50 :       168 elements
Info    : 0.50 < quality < 0.60 :       288 elements
Info    : 0.60 < quality < 0.70 :       825 elements
Info    : 0.70 < quality < 0.80 :      1626 elements
Info    : 0.80 < quality < 0.90 :      2283 elements
Info    : 0.90 < quality < 1.00 :       996 elements
Info    : Optimizing volume 10009
Info    : Optimization starts (volume = 6.6e-06) with worst = 0.0112812 / average = 0.769279:
Info    : 0.00 < quality < 0.10 :        14 elements
Info    : 0.10 < quality < 0.20 :        38 elements
Info    : 0.20 < quality < 0.30 :        41 elements
Info    : 0.30 < quality < 0.40 :        53 elements
Info    : 0.40 < quality < 0.50 :       114 elements
Info    : 0.50 < quality < 0.60 :       210 elements
Info    : 0.60 < quality < 0.70 :       576 elements
Info    : 0.70 < quality < 0.80 :      1124 elements
Info    : 0.80 < quality < 0.90 :      1473 elements
Info    : 0.90 < quality < 1.00 :       713 elements
Info    : 93 edge swaps, 5 node relocations (volume = 6.6e-06): worst = 0.300541 / average = 0.782542 (Wall 0.000845448s, CPU 0.000844s)
Info    : No ill-shaped tets in the mesh :-)
Info    : 0.00 < quality < 0.10 :         0 elements
Info    : 0.10 < quality < 0.20 :         0 elements
Info    : 0.20 < quality < 0.30 :         0 elements
Info    : 0.30 < quality < 0.40 :        55 elements
Info    : 0.40 < quality < 0.50 :       110 elements
Info    : 0.50 < quality < 0.60 :       214 elements
Info    : 0.60 < quality < 0.70 :       570 elements
Info    : 0.70 < quality < 0.80 :      1117 elements
Info    : 0.80 < quality < 0.90 :      1494 elements
Info    : 0.90 < quality < 1.00 :       715 elements
Info    : Optimizing volume 10010
Info    : Optimization starts (volume = 6.6e-06) with worst = 0.0430723 / average = 0.767699:
Info    : 0.00 < quality < 0.10 :        12 elements
Info    : 0.10 < quality < 0.20 :        40 elements
Info    : 0.20 < quality < 0.30 :        31 elements
Info    : 0.30 < quality < 0.40 :        77 elements
Info    : 0.40 < quality < 0.50 :       107 elements
Info    : 0.50 < quality < 0.60 :       203 elements
Info    : 0.60 < quality < 0.70 :       619 elements
Info    : 0.70 < quality < 0.80 :      1087 elements
Info    : 0.80 < quality < 0.90 :      1497 elements
Info    : 0.90 < quality < 1.00 :       689 elements
Info    : 83 edge swaps, 6 node relocations (volume = 6.6e-06): worst = 0.300815 / average = 0.77986 (Wall 0.000808578s, CPU 0.000807s)
Info    : No ill-shaped tets in the mesh :-)
Info    : 0.00 < quality < 0.10 :         0 elements
Info    : 0.10 < quality < 0.20 :         0 elements
Info    : 0.20 < quality < 0.30 :         0 elements
Info    : 0.30 < quality < 0.40 :        78 elements
Info    : 0.40 < quality < 0.50 :       104 elements
Info    : 0.50 < quality < 0.60 :       203 elements
Info    : 0.60 < quality < 0.70 :       604 elements
Info    : 0.70 < quality < 0.80 :      1105 elements
Info    : 0.80 < quality < 0.90 :      1504 elements
Info    : 0.90 < quality < 1.00 :       690 elements
Info    : Optimizing volume 10011
Info    : Optimization starts (volume = 1.056e-05) with worst = 0.014267 / average = 0.769307:
Info    : 0.00 < quality < 0.10 :        21 elements
Info    : 0.10 < quality < 0.20 :        36 elements
Info    : 0.20 < quality < 0.30 :        70 elements
Info    : 0.30 < quality < 0.40 :        94 elements
Info    : 0.40 < quality < 0.50 :       170 elements
Info    : 0.50 < quality < 0.60 :       304 elements
Info    : 0.60 < quality < 0.70 :       885 elements
Info    : 0.70 < quality < 0.80 :      1566 elements
Info    : 0.80 < quality < 0.90 :      2217 elements
Info    : 0.90 < quality < 1.00 :      1033 elements
Info    : 126 edge swaps, 3 node relocations (volume = 1.056e-05): worst = 0.233334 / average = 0.781509 (Wall 0.00120588s, CPU 0.001204s)
Info    : 128 edge swaps, 3 node relocations (volume = 1.056e-05): worst = 0.233334 / average = 0.781708 (Wall 0.00151719s, CPU 0.001516s)
Info    : No ill-shaped tets in the mesh :-)
Info    : 0.00 < quality < 0.10 :         0 elements
Info    : 0.10 < quality < 0.20 :         0 elements
Info    : 0.20 < quality < 0.30 :         1 elements
Info    : 0.30 < quality < 0.40 :        92 elements
Info    : 0.40 < quality < 0.50 :       164 elements
Info    : 0.50 < quality < 0.60 :       304 elements
Info    : 0.60 < quality < 0.70 :       866 elements
Info    : 0.70 < quality < 0.80 :      1580 elements
Info    : 0.80 < quality < 0.90 :      2243 elements
Info    : 0.90 < quality < 1.00 :      1033 elements
Info    : Optimizing volume 10012
Info    : Optimization starts (volume = 1.056e-05) with worst = 0.013782 / average = 0.771038:
Info    : 0.00 < quality < 0.10 :        17 elements
Info    : 0.10 < quality < 0.20 :        54 elements
Info    : 0.20 < quality < 0.30 :        71 elements
Info    : 0.30 < quality < 0.40 :        92 elements
Info    : 0.40 < quality < 0.50 :       167 elements
Info    : 0.50 < quality < 0.60 :       308 elements
Info    : 0.60 < quality < 0.70 :       841 elements
Info    : 0.70 < quality < 0.80 :      1678 elements
Info    : 0.80 < quality < 0.90 :      2209 elements
Info    : 0.90 < quality < 1.00 :      1130 elements
Info    : 140 edge swaps, 3 node relocations (volume = 1.056e-05): worst = 0.262063 / average = 0.784665 (Wall 0.00129006s, CPU 0.001287s)
Info    : 141 edge swaps, 3 node relocations (volume = 1.056e-05): worst = 0.262063 / average = 0.784778 (Wall 0.00161418s, CPU 0.001611s)
Info    : No ill-shaped tets in the mesh :-)
Info    : 0.00 < quality < 0.10 :         0 elements
Info    : 0.10 < quality < 0.20 :         0 elements
Info    : 0.20 < quality < 0.30 :         2 elements
Info    : 0.30 < quality < 0.40 :        90 elements
Info    : 0.40 < quality < 0.50 :       161 elements
Info    : 0.50 < quality < 0.60 :       314 elements
Info    : 0.60 < quality < 0.70 :       823 elements
Info    : 0.70 < quality < 0.80 :      1667 elements
Info    : 0.80 < quality < 0.90 :      2252 elements
Info    : 0.90 < quality < 1.00 :      1131 elements
Info    : Optimizing volume 10013
Info    : Optimization starts (volume = 6.6e-06) with worst = 0.00443651 / average = 0.770621:
Info    : 0.00 < quality < 0.10 :        19 elements
Info    : 0.10 < quality < 0.20 :        29 elements
Info    : 0.20 < quality < 0.30 :        35 elements
Info    : 0.30 < quality < 0.40 :        65 elements
Info    : 0.40 < quality < 0.50 :       102 elements
Info    : 0.50 < quality < 0.60 :       175 elements
Info    : 0.60 < quality < 0.70 :       578 elements
Info    : 0.70 < quality < 0.80 :      1155 elements
Info    : 0.80 < quality < 0.90 :      1460 elements
Info    : 0.90 < quality < 1.00 :       654 elements
Info    : 83 edge swaps, 0 node relocations (volume = 6.6e-06): worst = 0.30128 / average = 0.783509 (Wall 0.000782258s, CPU 0.000781s)
Info    : No ill-shaped tets in the mesh :-)
Info    : 0.00 < quality < 0.10 :         0 elements
Info    : 0.10 < quality < 0.20 :         0 elements
Info    : 0.20 < quality < 0.30 :         0 elements
Info    : 0.30 < quality < 0.40 :        64 elements
Info    : 0.40 < quality < 0.50 :        98 elements
Info    : 0.50 < quality < 0.60 :       170 elements
Info    : 0.60 < quality < 0.70 :       573 elements
Info    : 0.70 < quality < 0.80 :      1150 elements
Info    : 0.80 < quality < 0.90 :      1485 elements
Info    : 0.90 < quality < 1.00 :       653 elements
Info    : Optimizing volume 10014
Info    : Optimization starts (volume = 6.6e-06) with worst = 0.0210669 / average = 0.770417:
Info    : 0.00 < quality < 0.10 :        13 elements
Info    : 0.10 < quality < 0.20 :        29 elements
Info    : 0.20 < quality < 0.30 :        47 elements
Info    : 0.30 < quality < 0.40 :        59 elements
Info    : 0.40 < quality < 0.50 :        90 elements
Info    : 0.50 < quality < 0.60 :       177 elements
Info    : 0.60 < quality < 0.70 :       588 elements
Info    : 0.70 < quality < 0.80 :      1123 elements
Info    : 0.80 < quality < 0.90 :      1451 elements
Info    : 0.90 < quality < 1.00 :       658 elements
Info    : 88 edge swaps, 3 node relocations (volume = 6.6e-06): worst = 0.304658 / average = 0.782964 (Wall 0.000798338s, CPU 0.000799s)
Info    : No ill-shaped tets in the mesh :-)
Info    : 0.00 < quality < 0.10 :         0 elements
Info    : 0.10 < quality < 0.20 :         0 elements
Info    : 0.20 < quality < 0.30 :         0 elements
Info    : 0.30 < quality < 0.40 :        59 elements
Info    : 0.40 < quality < 0.50 :        87 elements
Info    : 0.50 < quality < 0.60 :       181 elements
Info    : 0.60 < quality < 0.70 :       583 elements
Info    : 0.70 < quality < 0.80 :      1127 elements
Info    : 0.80 < quality < 0.90 :      1471 elements
Info    : 0.90 < quality < 1.00 :       651 elements
Info    : Optimizing volume 10015
Info    : Optimization starts (volume = 1.056e-05) with worst = 0.0111046 / average = 0.765408:
Info    : 0.00 < quality < 0.10 :        20 elements
Info    : 0.10 < quality < 0.20 :        45 elements
Info    : 0.20 < quality < 0.30 :        76 elements
Info    : 0.30 < quality < 0.40 :       131 elements
Info    : 0.40 < quality < 0.50 :       171 elements
Info    : 0.50 < quality < 0.60 :       336 elements
Info    : 0.60 < quality < 0.70 :       870 elements
Info    : 0.70 < quality < 0.80 :      1604 elements
Info    : 0.80 < quality < 0.90 :      2219 elements
Info    : 0.90 < quality < 1.00 :      1055 elements
Info    : 139 edge swaps, 14 node relocations (volume = 1.056e-05): worst = 0.257839 / average = 0.777894 (Wall 0.00130707s, CPU 0.001306s)
Info    : 141 edge swaps, 16 node relocations (volume = 1.056e-05): worst = 0.299416 / average = 0.777959 (Wall 0.00161822s, CPU 0.001617s)
Info    : No ill-shaped tets in the mesh :-)
Info    : 0.00 < quality < 0.10 :         0 elements
Info    : 0.10 < quality < 0.20 :         0 elements
Info    : 0.20 < quality < 0.30 :         1 elements
Info    : 0.30 < quality < 0.40 :       136 elements
Info    : 0.40 < quality < 0.50 :       169 elements
Info    : 0.50 < quality < 0.60 :       332 elements
Info    : 0.60 < quality < 0.70 :       869 elements
Info    : 0.70 < quality < 0.80 :      1605 elements
Info    : 0.80 < quality < 0.90 :      2235 elements
Info    : 0.90 < quality < 1.00 :      1063 elements
Info    : Optimizing volume 10016
Info    : Optimization starts (volume = 1.056e-05) with worst = 0.0293175 / average = 0.76974:
Info    : 0.00 < quality < 0.10 :        19 elements
Info    : 0.10 < quality < 0.20 :        43 elements
Info    : 0.20 < quality < 0.30 :        72 elements
Info    : 0.30 < quality < 0.40 :        94 elements
Info    : 0.40 < quality < 0.50 :       176 elements
Info    : 0.50 < quality < 0.60 :       328 elements
Info    : 0.60 < quality < 0.70 :       855 elements
Info    : 0.70 < quality < 0.80 :      1625 elements
Info    : 0.80 < quality < 0.90 :      2165 elements
Info    : 0.90 < quality < 1.00 :      1126 elements
Info    : 134 edge swaps, 6 node relocations (volume = 1.056e-05): worst = 0.230928 / average = 0.782317 (Wall 0.00130719s, CPU 0.001306s)
Info    : 137 edge swaps, 7 node relocations (volume = 1.056e-05): worst = 0.243526 / average = 0.782643 (Wall 0.00162637s, CPU 0.001625s)
Info    : 138 edge swaps, 7 node relocations (volume = 1.056e-05): worst = 0.301555 / average = 0.782765 (Wall 0.00191479s, CPU 0.001912s)
Info    : No ill-shaped tets in the mesh :-)
Info    : 0.00 < quality < 0.10 :         0 elements
Info    : 0.10 < quality < 0.20 :         0 elements
Info    : 0.20 < quality < 0.30 :         0 elements
Info    : 0.30 < quality < 0.40 :        98 elements
Info    : 0.40 < quality < 0.50 :       167 elements
Info    : 0.50 < quality < 0.60 :       335 elements
Info    : 0.60 < quality < 0.70 :       841 elements
Info    : 0.70 < quality < 0.80 :      1615 elements
Info    : 0.80 < quality < 0.90 :      2189 elements
Info    : 0.90 < quality < 1.00 :      1137 elements
Info    : Optimizing volume 10017
Info    : Optimization starts (volume = 6.6e-06) with worst = 0.0284099 / average = 0.77187:
Info    : 0.00 < quality < 0.10 :        12 elements
Info    : 0.10 < quality < 0.20 :        30 elements
Info    : 0.20 < quality < 0.30 :        34 elements
Info    : 0.30 < quality < 0.40 :        74 elements
Info    : 0.40 < quality < 0.50 :        99 elements
Info    : 0.50 < quality < 0.60 :       159 elements
Info    : 0.60 < quality < 0.70 :       577 elements
Info    : 0.70 < quality < 0.80 :      1179 elements
Info    : 0.80 < quality < 0.90 :      1453 elements
Info    : 0.90 < quality < 1.00 :       660 elements
Info    : 74 edge swaps, 4 node relocations (volume = 6.6e-06): worst = 0.20973 / average = 0.782974 (Wall 0.000744775s, CPU 0.000743s)
Info    : 76 edge swaps, 5 node relocations (volume = 6.6e-06): worst = 0.241387 / average = 0.783262 (Wall 0.00095117s, CPU 0.000949s)
Info    : No ill-shaped tets in the mesh :-)
Info    : 0.00 < quality < 0.10 :         0 elements
Info    : 0.10 < quality < 0.20 :         0 elements
Info    : 0.20 < quality < 0.30 :         1 elements
Info    : 0.30 < quality < 0.40 :        71 elements
Info    : 0.40 < quality < 0.50 :        96 elements
Info    : 0.50 < quality < 0.60 :       164 elements
Info    : 0.60 < quality < 0.70 :       574 elements
Info    : 0.70 < quality < 0.80 :      1172 elements
Info    : 0.80 < quality < 0.90 :      1466 elements
Info    : 0.90 < quality < 1.00 :       665 elements
Info    : Optimizing volume 10018
Info    : Optimization starts (volume = 6.6e-06) with worst = 0.0161091 / average = 0.763387:
Info    : 0.00 < quality < 0.10 :        15 elements
Info    : 0.10 < quality < 0.20 :        37 elements
Info    : 0.20 < quality < 0.30 :        52 elements
Info    : 0.30 < quality < 0.40 :        83 elements
Info    : 0.40 < quality < 0.50 :        94 elements
Info    : 0.50 < quality < 0.60 :       210 elements
Info    : 0.60 < quality < 0.70 :       626 elements
Info    : 0.70 < quality < 0.80 :      1130 elements
Info    : 0.80 < quality < 0.90 :      1426 elements
Info    : 0.90 < quality < 1.00 :       672 elements
Info    : 104 edge swaps, 7 node relocations (volume = 6.6e-06): worst = 0.244967 / average = 0.779302 (Wall 0.000905363s, CPU 0.000904s)
Info    : 106 edge swaps, 7 node relocations (volume = 6.6e-06): worst = 0.300253 / average = 0.779618 (Wall 0.00110342s, CPU 0.001102s)
Info    : No ill-shaped tets in the mesh :-)
Info    : 0.00 < quality < 0.10 :         0 elements
Info    : 0.10 < quality < 0.20 :         0 elements
Info    : 0.20 < quality < 0.30 :         0 elements
Info    : 0.30 < quality < 0.40 :        81 elements
Info    : 0.40 < quality < 0.50 :        76 elements
Info    : 0.50 < quality < 0.60 :       206 elements
Info    : 0.60 < quality < 0.70 :       631 elements
Info    : 0.70 < quality < 0.80 :      1134 elements
Info    : 0.80 < quality < 0.90 :      1437 elements
Info    : 0.90 < quality < 1.00 :       683 elements
Info    : Optimizing volume 10019
Info    : Optimization starts (volume = 1.056e-05) with worst = 0.00841689 / average = 0.76807:
Info    : 0.00 < quality < 0.10 :        19 elements
Info    : 0.10 < quality < 0.20 :        34 elements
Info    : 0.20 < quality < 0.30 :        77 elements
Info    : 0.30 < quality < 0.40 :       104 elements
Info    : 0.40 < quality < 0.50 :       167 elements
Info    : 0.50 < quality < 0.60 :       300 elements
Info    : 0.60 < quality < 0.70 :       885 elements
Info    : 0.70 < quality < 0.80 :      1632 elements
Info    : 0.80 < quality < 0.90 :      2234 elements
Info    : 0.90 < quality < 1.00 :      1010 elements
Info    : 130 edge swaps, 1 node relocations (volume = 1.056e-05): worst = 0.280427 / average = 0.780645 (Wall 0.00122674s, CPU 0.001226s)
Info    : No ill-shaped tets in the mesh :-)
Info    : 0.00 < quality < 0.10 :         0 elements
Info    : 0.10 < quality < 0.20 :         0 elements
Info    : 0.20 < quality < 0.30 :         1 elements
Info    : 0.30 < quality < 0.40 :       100 elements
Info    : 0.40 < quality < 0.50 :       165 elements
Info    : 0.50 < quality < 0.60 :       306 elements
Info    : 0.60 < quality < 0.70 :       863 elements
Info    : 0.70 < quality < 0.80 :      1642 elements
Info    : 0.80 < quality < 0.90 :      2251 elements
Info    : 0.90 < quality < 1.00 :      1016 elements
Info    : Optimizing volume 10020
Info    : Optimization starts (volume = 1.056e-05) with worst = 0.0143799 / average = 0.771113:
Info    : 0.00 < quality < 0.10 :        17 elements
Info    : 0.10 < quality < 0.20 :        28 elements
Info    : 0.20 < quality < 0.30 :        72 elements
Info    : 0.30 < quality < 0.40 :        87 elements
Info    : 0.40 < quality < 0.50 :       189 elements
Info    : 0.50 < quality < 0.60 :       279 elements
Info    : 0.60 < quality < 0.70 :       894 elements
Info    : 0.70 < quality < 0.80 :      1644 elements
Info    : 0.80 < quality < 0.90 :      2206 elements
Info    : 0.90 < quality < 1.00 :      1050 elements
Info    : 116 edge swaps, 2 node relocations (volume = 1.056e-05): worst = 0.276797 / average = 0.781086 (Wall 0.00120426s, CPU 0.001202s)
Info    : 117 edge swaps, 2 node relocations (volume = 1.056e-05): worst = 0.303644 / average = 0.78121 (Wall 0.00148611s, CPU 0.001484s)
Info    : No ill-shaped tets in the mesh :-)
Info    : 0.00 < quality < 0.10 :         0 elements
Info    : 0.10 < quality < 0.20 :         0 elements
Info    : 0.20 < quality < 0.30 :         0 elements
Info    : 0.30 < quality < 0.40 :        89 elements
Info    : 0.40 < quality < 0.50 :       190 elements
Info    : 0.50 < quality < 0.60 :       278 elements
Info    : 0.60 < quality < 0.70 :       900 elements
Info    : 0.70 < quality < 0.80 :      1651 elements
Info    : 0.80 < quality < 0.90 :      2213 elements
Info    : 0.90 < quality < 1.00 :      1050 elements
Info    : Optimizing volume 10021
Info    : Optimization starts (volume = 6.6e-06) with worst = 0.0195895 / average = 0.771214:
Info    : 0.00 < quality < 0.10 :        12 elements
Info    : 0.10 < quality < 0.20 :        31 elements
Info    : 0.20 < quality < 0.30 :        43 elements
Info    : 0.30 < quality < 0.40 :        59 elements
Info    : 0.40 < quality < 0.50 :       104 elements
Info    : 0.50 < quality < 0.60 :       184 elements
Info    : 0.60 < quality < 0.70 :       559 elements
Info    : 0.70 < quality < 0.80 :      1129 elements
Info    : 0.80 < quality < 0.90 :      1447 elements
Info    : 0.90 < quality < 1.00 :       689 elements
Info    : 85 edge swaps, 5 node relocations (volume = 6.6e-06): worst = 0.301103 / average = 0.784726 (Wall 0.000763311s, CPU 0.000762s)
Info    : No ill-shaped tets in the mesh :-)
Info    : 0.00 < quality < 0.10 :         0 elements
Info    : 0.10 < quality < 0.20 :         0 elements
Info    : 0.20 < quality < 0.30 :         0 elements
Info    : 0.30 < quality < 0.40 :        57 elements
Info    : 0.40 < quality < 0.50 :        99 elements
Info    : 0.50 < quality < 0.60 :       177 elements
Info    : 0.60 < quality < 0.70 :       569 elements
Info    : 0.70 < quality < 0.80 :      1106 elements
Info    : 0.80 < quality < 0.90 :      1477 elements
Info    : 0.90 < quality < 1.00 :       693 elements
Info    : Optimizing volume 10022
Info    : Optimization starts (volume = 6.6e-06) with worst = 0.0308135 / average = 0.766609:
Info    : 0.00 < quality < 0.10 :         9 elements
Info    : 0.10 < quality < 0.20 :        31 elements
Info    : 0.20 < quality < 0.30 :        57 elements
Info    : 0.30 < quality < 0.40 :        59 elements
Info    : 0.40 < quality < 0.50 :       127 elements
Info    : 0.50 < quality < 0.60 :       164 elements
Info    : 0.60 < quality < 0.70 :       628 elements
Info    : 0.70 < quality < 0.80 :      1139 elements
Info    : 0.80 < quality < 0.90 :      1450 elements
Info    : 0.90 < quality < 1.00 :       656 elements
Info    : 96 edge swaps, 4 node relocations (volume = 6.6e-06): worst = 0.300763 / average = 0.781448 (Wall 0.000857541s, CPU 0.000856s)
Info    : No ill-shaped tets in the mesh :-)
Info    : 0.00 < quality < 0.10 :         0 elements
Info    : 0.10 < quality < 0.20 :         0 elements
Info    : 0.20 < quality < 0.30 :         0 elements
Info    : 0.30 < quality < 0.40 :        53 elements
Info    : 0.40 < quality < 0.50 :       121 elements
Info    : 0.50 < quality < 0.60 :       165 elements
Info    : 0.60 < quality < 0.70 :       614 elements
Info    : 0.70 < quality < 0.80 :      1145 elements
Info    : 0.80 < quality < 0.90 :      1473 elements
Info    : 0.90 < quality < 1.00 :       658 elements
Info    : Optimizing volume 10023
Info    : Optimization starts (volume = 1.056e-05) with worst = 0.0276614 / average = 0.768238:
Info    : 0.00 < quality < 0.10 :        18 elements
Info    : 0.10 < quality < 0.20 :        54 elements
Info    : 0.20 < quality < 0.30 :        70 elements
Info    : 0.30 < quality < 0.40 :       100 elements
Info    : 0.40 < quality < 0.50 :       165 elements
Info    : 0.50 < quality < 0.60 :       298 elements
Info    : 0.60 < quality < 0.70 :       860 elements
Info    : 0.70 < quality < 0.80 :      1673 elements
Info    : 0.80 < quality < 0.90 :      2142 elements
Info    : 0.90 < quality < 1.00 :      1060 elements
Info    : 141 edge swaps, 2 node relocations (volume = 1.056e-05): worst = 0.224829 / average = 0.781337 (Wall 0.00131321s, CPU 0.001312s)
Info    : 142 edge swaps, 2 node relocations (volume = 1.056e-05): worst = 0.302204 / average = 0.781305 (Wall 0.0016044s, CPU 0.001603s)
Info    : No ill-shaped tets in the mesh :-)
Info    : 0.00 < quality < 0.10 :         0 elements
Info    : 0.10 < quality < 0.20 :         0 elements
Info    : 0.20 < quality < 0.30 :         0 elements
Info    : 0.30 < quality < 0.40 :       106 elements
Info    : 0.40 < quality < 0.50 :       155 elements
Info    : 0.50 < quality < 0.60 :       297 elements
Info    : 0.60 < quality < 0.70 :       858 elements
Info    : 0.70 < quality < 0.80 :      1678 elements
Info    : 0.80 < quality < 0.90 :      2173 elements
Info    : 0.90 < quality < 1.00 :      1053 elements
Info    : Optimizing volume 10024
Info    : Optimization starts (volume = 1.056e-05) with worst = 0.0243368 / average = 0.774981:
Info    : 0.00 < quality < 0.10 :        18 elements
Info    : 0.10 < quality < 0.20 :        41 elements
Info    : 0.20 < quality < 0.30 :        64 elements
Info    : 0.30 < quality < 0.40 :       119 elements
Info    : 0.40 < quality < 0.50 :       147 elements
Info    : 0.50 < quality < 0.60 :       276 elements
Info    : 0.60 < quality < 0.70 :       838 elements
Info    : 0.70 < quality < 0.80 :      1605 elements
Info    : 0.80 < quality < 0.90 :      2174 elements
Info    : 0.90 < quality < 1.00 :      1187 elements
Info    : 122 edge swaps, 0 node relocations (volume = 1.056e-05): worst = 0.300027 / average = 0.787529 (Wall 0.00114993s, CPU 0.001149s)
Info    : No ill-shaped tets in the mesh :-)
Info    : 0.00 < quality < 0.10 :         0 elements
Info    : 0.10 < quality < 0.20 :         0 elements
Info    : 0.20 < quality < 0.30 :         0 elements
Info    : 0.30 < quality < 0.40 :       113 elements
Info    : 0.40 < quality < 0.50 :       140 elements
Info    : 0.50 < quality < 0.60 :       270 elements
Info    : 0.60 < quality < 0.70 :       829 elements
Info    : 0.70 < quality < 0.80 :      1623 elements
Info    : 0.80 < quality < 0.90 :      2196 elements
Info    : 0.90 < quality < 1.00 :      1183 elements
Info    : Optimizing volume 10025
Info    : Optimization starts (volume = 6.6e-06) with worst = 0.0415952 / average = 0.766242:
Info    : 0.00 < quality < 0.10 :        13 elements
Info    : 0.10 < quality < 0.20 :        33 elements
Info    : 0.20 < quality < 0.30 :        52 elements
Info    : 0.30 < quality < 0.40 :        68 elements
Info    : 0.40 < quality < 0.50 :       104 elements
Info    : 0.50 < quality < 0.60 :       177 elements
Info    : 0.60 < quality < 0.70 :       595 elements
Info    : 0.70 < quality < 0.80 :      1123 elements
Info    : 0.80 < quality < 0.90 :      1390 elements
Info    : 0.90 < quality < 1.00 :       679 elements
Info    : 97 edge swaps, 2 node relocations (volume = 6.6e-06): worst = 0.300377 / average = 0.781306 (Wall 0.0008357s, CPU 0.000834s)
Info    : No ill-shaped tets in the mesh :-)
Info    : 0.00 < quality < 0.10 :         0 elements
Info    : 0.10 < quality < 0.20 :         0 elements
Info    : 0.20 < quality < 0.30 :         0 elements
Info    : 0.30 < quality < 0.40 :        71 elements
Info    : 0.40 < quality < 0.50 :        93 elements
Info    : 0.50 < quality < 0.60 :       167 elements
Info    : 0.60 < quality < 0.70 :       602 elements
Info    : 0.70 < quality < 0.80 :      1115 elements
Info    : 0.80 < quality < 0.90 :      1411 elements
Info    : 0.90 < quality < 1.00 :       683 elements
Info    : Optimizing volume 10026
Info    : Optimization starts (volume = 6.6e-06) with worst = 0.0304057 / average = 0.772714:
Info    : 0.00 < quality < 0.10 :         7 elements
Info    : 0.10 < quality < 0.20 :        29 elements
Info    : 0.20 < quality < 0.30 :        43 elements
Info    : 0.30 < quality < 0.40 :        55 elements
Info    : 0.40 < quality < 0.50 :       110 elements
Info    : 0.50 < quality < 0.60 :       193 elements
Info    : 0.60 < quality < 0.70 :       583 elements
Info    : 0.70 < quality < 0.80 :      1134 elements
Info    : 0.80 < quality < 0.90 :      1498 elements
Info    : 0.90 < quality < 1.00 :       704 elements
Info    : 79 edge swaps, 4 node relocations (volume = 6.6e-06): worst = 0.26559 / average = 0.784474 (Wall 0.00080456s, CPU 0.000804s)
Info    : 81 edge swaps, 4 node relocations (volume = 6.6e-06): worst = 0.300823 / average = 0.784591 (Wall 0.00099764s, CPU 0.000996s)
Info    : No ill-shaped tets in the mesh :-)
Info    : 0.00 < quality < 0.10 :         0 elements
Info    : 0.10 < quality < 0.20 :         0 elements
Info    : 0.20 < quality < 0.30 :         0 elements
Info    : 0.30 < quality < 0.40 :        56 elements
Info    : 0.40 < quality < 0.50 :        97 elements
Info    : 0.50 < quality < 0.60 :       189 elements
Info    : 0.60 < quality < 0.70 :       576 elements
Info    : 0.70 < quality < 0.80 :      1152 elements
Info    : 0.80 < quality < 0.90 :      1505 elements
Info    : 0.90 < quality < 1.00 :       709 elements
Info    : Optimizing volume 10027
Info    : Optimization starts (volume = 1.056e-05) with worst = 0.0137983 / average = 0.767683:
Info    : 0.00 < quality < 0.10 :        13 elements
Info    : 0.10 < quality < 0.20 :        48 elements
Info    : 0.20 < quality < 0.30 :        79 elements
Info    : 0.30 < quality < 0.40 :       132 elements
Info    : 0.40 < quality < 0.50 :       168 elements
Info    : 0.50 < quality < 0.60 :       313 elements
Info    : 0.60 < quality < 0.70 :       876 elements
Info    : 0.70 < quality < 0.80 :      1552 elements
Info    : 0.80 < quality < 0.90 :      2254 elements
Info    : 0.90 < quality < 1.00 :      1099 elements
Info    : 138 edge swaps, 4 node relocations (volume = 1.056e-05): worst = 0.245423 / average = 0.78124 (Wall 0.00130975s, CPU 0.001309s)
Info    : 139 edge swaps, 5 node relocations (volume = 1.056e-05): worst = 0.252026 / average = 0.781329 (Wall 0.00160689s, CPU 0.001606s)
Info    : 140 edge swaps, 5 node relocations (volume = 1.056e-05): worst = 0.300522 / average = 0.781415 (Wall 0.0018887s, CPU 0.001886s)
Info    : No ill-shaped tets in the mesh :-)
Info    : 0.00 < quality < 0.10 :         0 elements
Info    : 0.10 < quality < 0.20 :         0 elements
Info    : 0.20 < quality < 0.30 :         0 elements
Info    : 0.30 < quality < 0.40 :       129 elements
Info    : 0.40 < quality < 0.50 :       159 elements
Info    : 0.50 < quality < 0.60 :       315 elements
Info    : 0.60 < quality < 0.70 :       864 elements
Info    : 0.70 < quality < 0.80 :      1557 elements
Info    : 0.80 < quality < 0.90 :      2289 elements
Info    : 0.90 < quality < 1.00 :      1095 elements
Info    : Optimizing volume 10028
Info    : Optimization starts (volume = 1.056e-05) with worst = 0.0077444 / average = 0.765439:
Info    : 0.00 < quality < 0.10 :        19 elements
Info    : 0.10 < quality < 0.20 :        52 elements
Info    : 0.20 < quality < 0.30 :        72 elements
Info    : 0.30 < quality < 0.40 :       118 elements
Info    : 0.40 < quality < 0.50 :       165 elements
Info    : 0.50 < quality < 0.60 :       318 elements
Info    : 0.60 < quality < 0.70 :       922 elements
Info    : 0.70 < quality < 0.80 :      1543 elements
Info    : 0.80 < quality < 0.90 :      2245 elements
Info    : 0.90 < quality < 1.00 :      1025 elements
Info    : 142 edge swaps, 8 node relocations (volume = 1.056e-05): worst = 0.195065 / average = 0.778987 (Wall 0.00132221s, CPU 0.001321s)
Info    : 144 edge swaps, 9 node relocations (volume = 1.056e-05): worst = 0.278921 / average = 0.779137 (Wall 0.00163354s, CPU 0.00163s)
Info    : 145 edge swaps, 9 node relocations (volume = 1.056e-05): worst = 0.30021 / average = 0.779264 (Wall 0.00191367s, CPU 0.00191s)
Info    : No ill-shaped tets in the mesh :-)
Info    : 0.00 < quality < 0.10 :         0 elements
Info    : 0.10 < quality < 0.20 :         0 elements
Info    : 0.20 < quality < 0.30 :         0 elements
Info    : 0.30 < quality < 0.40 :       118 elements
Info    : 0.40 < quality < 0.50 :       161 elements
Info    : 0.50 < quality < 0.60 :       312 elements
Info    : 0.60 < quality < 0.70 :       910 elements
Info    : 0.70 < quality < 0.80 :      1547 elements
Info    : 0.80 < quality < 0.90 :      2285 elements
Info    : 0.90 < quality < 1.00 :      1020 elements
Info    : Optimizing volume 10029
Info    : Optimization starts (volume = 6.6e-06) with worst = 0.0276553 / average = 0.771254:
Info    : 0.00 < quality < 0.10 :         5 elements
Info    : 0.10 < quality < 0.20 :        31 elements
Info    : 0.20 < quality < 0.30 :        45 elements
Info    : 0.30 < quality < 0.40 :        64 elements
Info    : 0.40 < quality < 0.50 :       109 elements
Info    : 0.50 < quality < 0.60 :       183 elements
Info    : 0.60 < quality < 0.70 :       602 elements
Info    : 0.70 < quality < 0.80 :      1056 elements
Info    : 0.80 < quality < 0.90 :      1456 elements
Info    : 0.90 < quality < 1.00 :       701 elements
Info    : 80 edge swaps, 6 node relocations (volume = 6.6e-06): worst = 0.200989 / average = 0.782334 (Wall 0.000764403s, CPU 0.000762s)
Info    : 81 edge swaps, 6 node relocations (volume = 6.6e-06): worst = 0.302184 / average = 0.782513 (Wall 0.000939899s, CPU 0.000938s)
Info    : No ill-shaped tets in the mesh :-)
Info    : 0.00 < quality < 0.10 :         0 elements
Info    : 0.10 < quality < 0.20 :         0 elements
Info    : 0.20 < quality < 0.30 :         0 elements
Info    : 0.30 < quality < 0.40 :        65 elements
Info    : 0.40 < quality < 0.50 :       108 elements
Info    : 0.50 < quality < 0.60 :       198 elements
Info    : 0.60 < quality < 0.70 :       583 elements
Info    : 0.70 < quality < 0.80 :      1050 elements
Info    : 0.80 < quality < 0.90 :      1475 elements
Info    : 0.90 < quality < 1.00 :       704 elements
Info    : Optimizing volume 10030
Info    : Optimization starts (volume = 6.6e-06) with worst = 0.0261771 / average = 0.76812:
Info    : 0.00 < quality < 0.10 :        11 elements
Info    : 0.10 < quality < 0.20 :        28 elements
Info    : 0.20 < quality < 0.30 :        32 elements
Info    : 0.30 < quality < 0.40 :        73 elements
Info    : 0.40 < quality < 0.50 :       103 elements
Info    : 0.50 < quality < 0.60 :       182 elements
Info    : 0.60 < quality < 0.70 :       623 elements
Info    : 0.70 < quality < 0.80 :      1132 elements
Info    : 0.80 < quality < 0.90 :      1418 elements
Info    : 0.90 < quality < 1.00 :       660 elements
Info    : 70 edge swaps, 3 node relocations (volume = 6.6e-06): worst = 0.106375 / average = 0.778794 (Wall 0.000740297s, CPU 0.000739s)
Info    : 71 edge swaps, 3 node relocations (volume = 6.6e-06): worst = 0.300167 / average = 0.778941 (Wall 0.000920823s, CPU 0.000919s)
Info    : No ill-shaped tets in the mesh :-)
Info    : 0.00 < quality < 0.10 :         0 elements
Info    : 0.10 < quality < 0.20 :         0 elements
Info    : 0.20 < quality < 0.30 :         0 elements
Info    : 0.30 < quality < 0.40 :        70 elements
Info    : 0.40 < quality < 0.50 :        93 elements
Info    : 0.50 < quality < 0.60 :       178 elements
Info    : 0.60 < quality < 0.70 :       642 elements
Info    : 0.70 < quality < 0.80 :      1124 elements
Info    : 0.80 < quality < 0.90 :      1427 elements
Info    : 0.90 < quality < 1.00 :       664 elements
Info    : Optimizing volume 10031
Info    : Optimization starts (volume = 1.056e-05) with worst = 0.0252489 / average = 0.763178:
Info    : 0.00 < quality < 0.10 :        17 elements
Info    : 0.10 < quality < 0.20 :        47 elements
Info    : 0.20 < quality < 0.30 :        79 elements
Info    : 0.30 < quality < 0.40 :       109 elements
Info    : 0.40 < quality < 0.50 :       190 elements
Info    : 0.50 < quality < 0.60 :       350 elements
Info    : 0.60 < quality < 0.70 :       916 elements
Info    : 0.70 < quality < 0.80 :      1636 elements
Info    : 0.80 < quality < 0.90 :      2175 elements
Info    : 0.90 < quality < 1.00 :      1018 elements
Info    : 140 edge swaps, 2 node relocations (volume = 1.056e-05): worst = 0.248427 / average = 0.776913 (Wall 0.00125257s, CPU 0.001251s)
Info    : 141 edge swaps, 2 node relocations (volume = 1.056e-05): worst = 0.300194 / average = 0.777027 (Wall 0.00154411s, CPU 0.001543s)
Info    : No ill-shaped tets in the mesh :-)
Info    : 0.00 < quality < 0.10 :         0 elements
Info    : 0.10 < quality < 0.20 :         0 elements
Info    : 0.20 < quality < 0.30 :         0 elements
Info    : 0.30 < quality < 0.40 :       107 elements
Info    : 0.40 < quality < 0.50 :       190 elements
Info    : 0.50 < quality < 0.60 :       337 elements
Info    : 0.60 < quality < 0.70 :       916 elements
Info    : 0.70 < quality < 0.80 :      1631 elements
Info    : 0.80 < quality < 0.90 :      2205 elements
Info    : 0.90 < quality < 1.00 :      1022 elements
Info    : Optimizing volume 10032
Info    : Optimization starts (volume = 1.056e-05) with worst = 0.00748318 / average = 0.769384:
Info    : 0.00 < quality < 0.10 :        14 elements
Info    : 0.10 < quality < 0.20 :        39 elements
Info    : 0.20 < quality < 0.30 :        69 elements
Info    : 0.30 < quality < 0.40 :       112 elements
Info    : 0.40 < quality < 0.50 :       162 elements
Info    : 0.50 < quality < 0.60 :       298 elements
Info    : 0.60 < quality < 0.70 :       907 elements
Info    : 0.70 < quality < 0.80 :      1621 elements
Info    : 0.80 < quality < 0.90 :      2239 elements
Info    : 0.90 < quality < 1.00 :      1036 elements
Info    : 122 edge swaps, 4 node relocations (volume = 1.056e-05): worst = 0.282375 / average = 0.780396 (Wall 0.00120397s, CPU 0.001203s)
Info    : 123 edge swaps, 4 node relocations (volume = 1.056e-05): worst = 0.282375 / average = 0.780394 (Wall 0.00150319s, CPU 0.001502s)
Info    : No ill-shaped tets in the mesh :-)
Info    : 0.00 < quality < 0.10 :         0 elements
Info    : 0.10 < quality < 0.20 :         0 elements
Info    : 0.20 < quality < 0.30 :         1 elements
Info    : 0.30 < quality < 0.40 :       115 elements
Info    : 0.40 < quality < 0.50 :       167 elements
Info    : 0.50 < quality < 0.60 :       299 elements
Info    : 0.60 < quality < 0.70 :       873 elements
Info    : 0.70 < quality < 0.80 :      1619 elements
Info    : 0.80 < quality < 0.90 :      2288 elements
Info    : 0.90 < quality < 1.00 :      1028 elements
Info    : Optimizing volume 10033
Info    : Optimization starts (volume = 6.6e-06) with worst = 0.0279428 / average = 0.769541:
Info    : 0.00 < quality < 0.10 :        13 elements
Info    : 0.10 < quality < 0.20 :        32 elements
Info    : 0.20 < quality < 0.30 :        38 elements
Info    : 0.30 < quality < 0.40 :        65 elements
Info    : 0.40 < quality < 0.50 :       107 elements
Info    : 0.50 < quality < 0.60 :       186 elements
Info    : 0.60 < quality < 0.70 :       615 elements
Info    : 0.70 < quality < 0.80 :      1099 elements
Info    : 0.80 < quality < 0.90 :      1439 elements
Info    : 0.90 < quality < 1.00 :       715 elements
Info    : 81 edge swaps, 2 node relocations (volume = 6.6e-06): worst = 0.270552 / average = 0.781357 (Wall 0.000771677s, CPU 0.00077s)
Info    : No ill-shaped tets in the mesh :-)
Info    : 0.00 < quality < 0.10 :         0 elements
Info    : 0.10 < quality < 0.20 :         0 elements
Info    : 0.20 < quality < 0.30 :         1 elements
Info    : 0.30 < quality < 0.40 :        66 elements
Info    : 0.40 < quality < 0.50 :       107 elements
Info    : 0.50 < quality < 0.60 :       193 elements
Info    : 0.60 < quality < 0.70 :       599 elements
Info    : 0.70 < quality < 0.80 :      1098 elements
Info    : 0.80 < quality < 0.90 :      1455 elements
Info    : 0.90 < quality < 1.00 :       718 elements
Info    : Optimizing volume 10034
Info    : Optimization starts (volume = 6.6e-06) with worst = 0.0331668 / average = 0.769962:
Info    : 0.00 < quality < 0.10 :        10 elements
Info    : 0.10 < quality < 0.20 :        37 elements
Info    : 0.20 < quality < 0.30 :        34 elements
Info    : 0.30 < quality < 0.40 :        62 elements
Info    : 0.40 < quality < 0.50 :        93 elements
Info    : 0.50 < quality < 0.60 :       161 elements
Info    : 0.60 < quality < 0.70 :       636 elements
Info    : 0.70 < quality < 0.80 :      1124 elements
Info    : 0.80 < quality < 0.90 :      1413 elements
Info    : 0.90 < quality < 1.00 :       669 elements
Info    : 80 edge swaps, 0 node relocations (volume = 6.6e-06): worst = 0.300646 / average = 0.782209 (Wall 0.000740788s, CPU 0.00074s)
Info    : No ill-shaped tets in the mesh :-)
Info    : 0.00 < quality < 0.10 :         0 elements
Info    : 0.10 < quality < 0.20 :         0 elements
Info    : 0.20 < quality < 0.30 :         0 elements
Info    : 0.30 < quality < 0.40 :        55 elements
Info    : 0.40 < quality < 0.50 :        95 elements
Info    : 0.50 < quality < 0.60 :       164 elements
Info    : 0.60 < quality < 0.70 :       623 elements
Info    : 0.70 < quality < 0.80 :      1134 elements
Info    : 0.80 < quality < 0.90 :      1426 elements
Info    : 0.90 < quality < 1.00 :       668 elements
Info    : Optimizing volume 10035
Info    : Optimization starts (volume = 1.056e-05) with worst = 0.022528 / average = 0.768431:
Info    : 0.00 < quality < 0.10 :        27 elements
Info    : 0.10 < quality < 0.20 :        37 elements
Info    : 0.20 < quality < 0.30 :        58 elements
Info    : 0.30 < quality < 0.40 :       114 elements
Info    : 0.40 < quality < 0.50 :       191 elements
Info    : 0.50 < quality < 0.60 :       303 elements
Info    : 0.60 < quality < 0.70 :       856 elements
Info    : 0.70 < quality < 0.80 :      1548 elements
Info    : 0.80 < quality < 0.90 :      2220 elements
Info    : 0.90 < quality < 1.00 :      1067 elements
Info    : 121 edge swaps, 3 node relocations (volume = 1.056e-05): worst = 0.301065 / average = 0.780368 (Wall 0.00118626s, CPU 0.001184s)
Info    : No ill-shaped tets in the mesh :-)
Info    : 0.00 < quality < 0.10 :         0 elements
Info    : 0.10 < quality < 0.20 :         0 elements
Info    : 0.20 < quality < 0.30 :         0 elements
Info    : 0.30 < quality < 0.40 :       113 elements
Info    : 0.40 < quality < 0.50 :       187 elements
Info    : 0.50 < quality < 0.60 :       303 elements
Info    : 0.60 < quality < 0.70 :       855 elements
Info    : 0.70 < quality < 0.80 :      1553 elements
Info    : 0.80 < quality < 0.90 :      2233 elements
Info    : 0.90 < quality < 1.00 :      1069 elements
Info    : Optimizing volume 10036
Info    : Optimization starts (volume = 1.056e-05) with worst = 0.0185449 / average = 0.766476:
Info    : 0.00 < quality < 0.10 :        19 elements
Info    : 0.10 < quality < 0.20 :        38 elements
Info    : 0.20 < quality < 0.30 :        77 elements
Info    : 0.30 < quality < 0.40 :       112 elements
Info    : 0.40 < quality < 0.50 :       181 elements
Info    : 0.50 < quality < 0.60 :       319 elements
Info    : 0.60 < quality < 0.70 :       891 elements
Info    : 0.70 < quality < 0.80 :      1666 elements
Info    : 0.80 < quality < 0.90 :      2303 elements
Info    : 0.90 < quality < 1.00 :       995 elements
Info    : 133 edge swaps, 6 node relocations (volume = 1.056e-05): worst = 0.297516 / average = 0.778593 (Wall 0.00127017s, CPU 0.001267s)
Info    : 134 edge swaps, 6 node relocations (volume = 1.056e-05): worst = 0.300515 / average = 0.778669 (Wall 0.00156704s, CPU 0.001564s)
Info    : No ill-shaped tets in the mesh :-)
Info    : 0.00 < quality < 0.10 :         0 elements
Info    : 0.10 < quality < 0.20 :         0 elements
Info    : 0.20 < quality < 0.30 :         0 elements
Info    : 0.30 < quality < 0.40 :       113 elements
Info    : 0.40 < quality < 0.50 :       178 elements
Info    : 0.50 < quality < 0.60 :       324 elements
Info    : 0.60 < quality < 0.70 :       867 elements
Info    : 0.70 < quality < 0.80 :      1687 elements
Info    : 0.80 < quality < 0.90 :      2331 elements
Info    : 0.90 < quality < 1.00 :       986 elements
Info    : Optimizing volume 20001
Info    : Optimization starts (volume = 4.864e-06) with worst = 0.0285511 / average = 0.760265:
Info    : 0.00 < quality < 0.10 :        12 elements
Info    : 0.10 < quality < 0.20 :        39 elements
Info    : 0.20 < quality < 0.30 :        34 elements
Info    : 0.30 < quality < 0.40 :        51 elements
Info    : 0.40 < quality < 0.50 :        79 elements
Info    : 0.50 < quality < 0.60 :       168 elements
Info    : 0.60 < quality < 0.70 :       542 elements
Info    : 0.70 < quality < 0.80 :       798 elements
Info    : 0.80 < quality < 0.90 :      1052 elements
Info    : 0.90 < quality < 1.00 :       532 elements
Info    : 84 edge swaps, 1 node relocations (volume = 4.864e-06): worst = 0.288893 / average = 0.776528 (Wall 0.000677367s, CPU 0.000676s)
Info    : 85 edge swaps, 1 node relocations (volume = 4.864e-06): worst = 0.303438 / average = 0.77677 (Wall 0.0008094s, CPU 0.000808s)
Info    : No ill-shaped tets in the mesh :-)
Info    : 0.00 < quality < 0.10 :         0 elements
Info    : 0.10 < quality < 0.20 :         0 elements
Info    : 0.20 < quality < 0.30 :         0 elements
Info    : 0.30 < quality < 0.40 :        51 elements
Info    : 0.40 < quality < 0.50 :        76 elements
Info    : 0.50 < quality < 0.60 :       166 elements
Info    : 0.60 < quality < 0.70 :       531 elements
Info    : 0.70 < quality < 0.80 :       803 elements
Info    : 0.80 < quality < 0.90 :      1068 elements
Info    : 0.90 < quality < 1.00 :       534 elements
Info    : Optimizing volume 20002
Info    : Optimization starts (volume = 4.864e-06) with worst = 0.0210021 / average = 0.765329:
Info    : 0.00 < quality < 0.10 :         9 elements
Info    : 0.10 < quality < 0.20 :        28 elements
Info    : 0.20 < quality < 0.30 :        27 elements
Info    : 0.30 < quality < 0.40 :        57 elements
Info    : 0.40 < quality < 0.50 :        63 elements
Info    : 0.50 < quality < 0.60 :       148 elements
Info    : 0.60 < quality < 0.70 :       521 elements
Info    : 0.70 < quality < 0.80 :       824 elements
Info    : 0.80 < quality < 0.90 :      1097 elements
Info    : 0.90 < quality < 1.00 :       482 elements
Info    : 64 edge swaps, 0 node relocations (volume = 4.864e-06): worst = 0.160382 / average = 0.778229 (Wall 0.000619315s, CPU 0.000618s)
Info    : 65 edge swaps, 0 node relocations (volume = 4.864e-06): worst = 0.300392 / average = 0.778436 (Wall 0.000751779s, CPU 0.00075s)
Info    : No ill-shaped tets in the mesh :-)
Info    : 0.00 < quality < 0.10 :         0 elements
Info    : 0.10 < quality < 0.20 :         0 elements
Info    : 0.20 < quality < 0.30 :         0 elements
Info    : 0.30 < quality < 0.40 :        55 elements
Info    : 0.40 < quality < 0.50 :        61 elements
Info    : 0.50 < quality < 0.60 :       147 elements
Info    : 0.60 < quality < 0.70 :       511 elements
Info    : 0.70 < quality < 0.80 :       822 elements
Info    : 0.80 < quality < 0.90 :      1117 elements
Info    : 0.90 < quality < 1.00 :       481 elements
Info    : Optimizing volume 20003
Info    : Optimization starts (volume = 6.688e-06) with worst = 0.0193564 / average = 0.775367:
Info    : 0.00 < quality < 0.10 :        12 elements
Info    : 0.10 < quality < 0.20 :        29 elements
Info    : 0.20 < quality < 0.30 :        38 elements
Info    : 0.30 < quality < 0.40 :        61 elements
Info    : 0.40 < quality < 0.50 :        83 elements
Info    : 0.50 < quality < 0.60 :       162 elements
Info    : 0.60 < quality < 0.70 :       584 elements
Info    : 0.70 < quality < 0.80 :      1160 elements
Info    : 0.80 < quality < 0.90 :      1492 elements
Info    : 0.90 < quality < 1.00 :       719 elements
Info    : 78 edge swaps, 3 node relocations (volume = 6.688e-06): worst = 0.230713 / average = 0.786627 (Wall 0.000805422s, CPU 0.000804s)
Info    : 83 edge swaps, 3 node relocations (volume = 6.688e-06): worst = 0.303638 / average = 0.787367 (Wall 0.00101919s, CPU 0.001018s)
Info    : No ill-shaped tets in the mesh :-)
Info    : 0.00 < quality < 0.10 :         0 elements
Info    : 0.10 < quality < 0.20 :         0 elements
Info    : 0.20 < quality < 0.30 :         0 elements
Info    : 0.30 < quality < 0.40 :        61 elements
Info    : 0.40 < quality < 0.50 :        79 elements
Info    : 0.50 < quality < 0.60 :       166 elements
Info    : 0.60 < quality < 0.70 :       562 elements
Info    : 0.70 < quality < 0.80 :      1157 elements
Info    : 0.80 < quality < 0.90 :      1521 elements
Info    : 0.90 < quality < 1.00 :       720 elements
Info    : Optimizing volume 20004
Info    : Optimization starts (volume = 6.688e-06) with worst = 0.030892 / average = 0.771255:
Info    : 0.00 < quality < 0.10 :         6 elements
Info    : 0.10 < quality < 0.20 :        32 elements
Info    : 0.20 < quality < 0.30 :        55 elements
Info    : 0.30 < quality < 0.40 :        57 elements
Info    : 0.40 < quality < 0.50 :       102 elements
Info    : 0.50 < quality < 0.60 :       187 elements
Info    : 0.60 < quality < 0.70 :       603 elements
Info    : 0.70 < quality < 0.80 :      1102 elements
Info    : 0.80 < quality < 0.90 :      1472 elements
Info    : 0.90 < quality < 1.00 :       724 elements
Info    : 90 edge swaps, 1 node relocations (volume = 6.688e-06): worst = 0.300741 / average = 0.784298 (Wall 0.000859696s, CPU 0.000857s)
Info    : No ill-shaped tets in the mesh :-)
Info    : 0.00 < quality < 0.10 :         0 elements
Info    : 0.10 < quality < 0.20 :         0 elements
Info    : 0.20 < quality < 0.30 :         0 elements
Info    : 0.30 < quality < 0.40 :        60 elements
Info    : 0.40 < quality < 0.50 :        97 elements
Info    : 0.50 < quality < 0.60 :       187 elements
Info    : 0.60 < quality < 0.70 :       582 elements
Info    : 0.70 < quality < 0.80 :      1129 elements
Info    : 0.80 < quality < 0.90 :      1485 elements
Info    : 0.90 < quality < 1.00 :       720 elements
Info    : Optimizing volume 20005
Info    : Optimization starts (volume = 4.864e-06) with worst = 0.024738 / average = 0.768896:
Info    : 0.00 < quality < 0.10 :        11 elements
Info    : 0.10 < quality < 0.20 :        27 elements
Info    : 0.20 < quality < 0.30 :        29 elements
Info    : 0.30 < quality < 0.40 :        38 elements
Info    : 0.40 < quality < 0.50 :        63 elements
Info    : 0.50 < quality < 0.60 :       120 elements
Info    : 0.60 < quality < 0.70 :       520 elements
Info    : 0.70 < quality < 0.80 :       859 elements
Info    : 0.80 < quality < 0.90 :      1068 elements
Info    : 0.90 < quality < 1.00 :       497 elements
Info    : 67 edge swaps, 2 node relocations (volume = 4.864e-06): worst = 0.188797 / average = 0.782332 (Wall 0.000618334s, CPU 0.000618s)
Info    : 70 edge swaps, 2 node relocations (volume = 4.864e-06): worst = 0.304133 / average = 0.782741 (Wall 0.000778791s, CPU 0.000777s)
Info    : No ill-shaped tets in the mesh :-)
Info    : 0.00 < quality < 0.10 :         0 elements
Info    : 0.10 < quality < 0.20 :         0 elements
Info    : 0.20 < quality < 0.30 :         0 elements
Info    : 0.30 < quality < 0.40 :        35 elements
Info    : 0.40 < quality < 0.50 :        64 elements
Info    : 0.50 < quality < 0.60 :       113 elements
Info    : 0.60 < quality < 0.70 :       517 elements
Info    : 0.70 < quality < 0.80 :       864 elements
Info    : 0.80 < quality < 0.90 :      1075 elements
Info    : 0.90 < quality < 1.00 :       500 elements
Info    : Optimizing volume 20006
Info    : Optimization starts (volume = 4.864e-06) with worst = 0.01296 / average = 0.764461:
Info    : 0.00 < quality < 0.10 :        20 elements
Info    : 0.10 < quality < 0.20 :        28 elements
Info    : 0.20 < quality < 0.30 :        31 elements
Info    : 0.30 < quality < 0.40 :        40 elements
Info    : 0.40 < quality < 0.50 :        72 elements
Info    : 0.50 < quality < 0.60 :       160 elements
Info    : 0.60 < quality < 0.70 :       518 elements
Info    : 0.70 < quality < 0.80 :       817 elements
Info    : 0.80 < quality < 0.90 :      1111 elements
Info    : 0.90 < quality < 1.00 :       507 elements
Info    : 78 edge swaps, 2 node relocations (volume = 4.864e-06): worst = 0.276749 / average = 0.780914 (Wall 0.000675593s, CPU 0.000674s)
Info    : 79 edge swaps, 2 node relocations (volume = 4.864e-06): worst = 0.276749 / average = 0.780789 (Wall 0.000821653s, CPU 0.00082s)
Info    : No ill-shaped tets in the mesh :-)
Info    : 0.00 < quality < 0.10 :         0 elements
Info    : 0.10 < quality < 0.20 :         0 elements
Info    : 0.20 < quality < 0.30 :         1 elements
Info    : 0.30 < quality < 0.40 :        40 elements
Info    : 0.40 < quality < 0.50 :        66 elements
Info    : 0.50 < quality < 0.60 :       153 elements
Info    : 0.60 < quality < 0.70 :       504 elements
Info    : 0.70 < quality < 0.80 :       825 elements
Info    : 0.80 < quality < 0.90 :      1125 elements
Info    : 0.90 < quality < 1.00 :       512 elements
Info    : Optimizing volume 20007
Info    : Optimization starts (volume = 6.688e-06) with worst = 0.0500259 / average = 0.776062:
Info    : 0.00 < quality < 0.10 :        11 elements
Info    : 0.10 < quality < 0.20 :        39 elements
Info    : 0.20 < quality < 0.30 :        33 elements
Info    : 0.30 < quality < 0.40 :        56 elements
Info    : 0.40 < quality < 0.50 :        92 elements
Info    : 0.50 < quality < 0.60 :       183 elements
Info    : 0.60 < quality < 0.70 :       572 elements
Info    : 0.70 < quality < 0.80 :      1065 elements
Info    : 0.80 < quality < 0.90 :      1563 elements
Info    : 0.90 < quality < 1.00 :       731 elements
Info    : 83 edge swaps, 1 node relocations (volume = 6.688e-06): worst = 0.277276 / average = 0.789352 (Wall 0.000738513s, CPU 0.000737s)
Info    : 84 edge swaps, 1 node relocations (volume = 6.688e-06): worst = 0.305661 / average = 0.789487 (Wall 0.000921654s, CPU 0.00092s)
Info    : No ill-shaped tets in the mesh :-)
Info    : 0.00 < quality < 0.10 :         0 elements
Info    : 0.10 < quality < 0.20 :         0 elements
Info    : 0.20 < quality < 0.30 :         0 elements
Info    : 0.30 < quality < 0.40 :        56 elements
Info    : 0.40 < quality < 0.50 :        84 elements
Info    : 0.50 < quality < 0.60 :       167 elements
Info    : 0.60 < quality < 0.70 :       573 elements
Info    : 0.70 < quality < 0.80 :      1067 elements
Info    : 0.80 < quality < 0.90 :      1581 elements
Info    : 0.90 < quality < 1.00 :       736 elements
Info    : Optimizing volume 20008
Info    : Optimization starts (volume = 6.688e-06) with worst = 0.019385 / average = 0.771127:
Info    : 0.00 < quality < 0.10 :        17 elements
Info    : 0.10 < quality < 0.20 :        22 elements
Info    : 0.20 < quality < 0.30 :        39 elements
Info    : 0.30 < quality < 0.40 :        85 elements
Info    : 0.40 < quality < 0.50 :        79 elements
Info    : 0.50 < quality < 0.60 :       166 elements
Info    : 0.60 < quality < 0.70 :       610 elements
Info    : 0.70 < quality < 0.80 :      1160 elements
Info    : 0.80 < quality < 0.90 :      1481 elements
Info    : 0.90 < quality < 1.00 :       682 elements
Info    : 78 edge swaps, 0 node relocations (volume = 6.688e-06): worst = 0.300285 / average = 0.783284 (Wall 0.000746709s, CPU 0.000734s)
Info    : No ill-shaped tets in the mesh :-)
Info    : 0.00 < quality < 0.10 :         0 elements
Info    : 0.10 < quality < 0.20 :         0 elements
Info    : 0.20 < quality < 0.30 :         0 elements
Info    : 0.30 < quality < 0.40 :        82 elements
Info    : 0.40 < quality < 0.50 :        76 elements
Info    : 0.50 < quality < 0.60 :       157 elements
Info    : 0.60 < quality < 0.70 :       601 elements
Info    : 0.70 < quality < 0.80 :      1176 elements
Info    : 0.80 < quality < 0.90 :      1494 elements
Info    : 0.90 < quality < 1.00 :       681 elements
Info    : Optimizing volume 20009
Info    : Optimization starts (volume = 4.864e-06) with worst = 0.0250785 / average = 0.768258:
Info    : 0.00 < quality < 0.10 :        14 elements
Info    : 0.10 < quality < 0.20 :        24 elements
Info    : 0.20 < quality < 0.30 :        32 elements
Info    : 0.30 < quality < 0.40 :        43 elements
Info    : 0.40 < quality < 0.50 :        68 elements
Info    : 0.50 < quality < 0.60 :       163 elements
Info    : 0.60 < quality < 0.70 :       493 elements
Info    : 0.70 < quality < 0.80 :       815 elements
Info    : 0.80 < quality < 0.90 :      1120 elements
Info    : 0.90 < quality < 1.00 :       527 elements
Info    : 70 edge swaps, 2 node relocations (volume = 4.864e-06): worst = 0.297616 / average = 0.782345 (Wall 0.000596772s, CPU 0.000589s)
Info    : 71 edge swaps, 2 node relocations (volume = 4.864e-06): worst = 0.303588 / average = 0.782528 (Wall 0.000725158s, CPU 0.000717s)
Info    : No ill-shaped tets in the mesh :-)
Info    : 0.00 < quality < 0.10 :         0 elements
Info    : 0.10 < quality < 0.20 :         0 elements
Info    : 0.20 < quality < 0.30 :         0 elements
Info    : 0.30 < quality < 0.40 :        42 elements
Info    : 0.40 < quality < 0.50 :        65 elements
Info    : 0.50 < quality < 0.60 :       156 elements
Info    : 0.60 < quality < 0.70 :       478 elements
Info    : 0.70 < quality < 0.80 :       838 elements
Info    : 0.80 < quality < 0.90 :      1124 elements
Info    : 0.90 < quality < 1.00 :       529 elements
Info    : Optimizing volume 20010
Info    : Optimization starts (volume = 4.864e-06) with worst = 0.0298598 / average = 0.765223:
Info    : 0.00 < quality < 0.10 :        11 elements
Info    : 0.10 < quality < 0.20 :        28 elements
Info    : 0.20 < quality < 0.30 :        28 elements
Info    : 0.30 < quality < 0.40 :        36 elements
Info    : 0.40 < quality < 0.50 :        78 elements
Info    : 0.50 < quality < 0.60 :       140 elements
Info    : 0.60 < quality < 0.70 :       520 elements
Info    : 0.70 < quality < 0.80 :       878 elements
Info    : 0.80 < quality < 0.90 :      1053 elements
Info    : 0.90 < quality < 1.00 :       477 elements
Info    : 65 edge swaps, 0 node relocations (volume = 4.864e-06): worst = 0.169039 / average = 0.778388 (Wall 0.000556295s, CPU 0.000555s)
Info    : 66 edge swaps, 0 node relocations (volume = 4.864e-06): worst = 0.301684 / average = 0.778592 (Wall 0.000683328s, CPU 0.000682s)
Info    : No ill-shaped tets in the mesh :-)
Info    : 0.00 < quality < 0.10 :         0 elements
Info    : 0.10 < quality < 0.20 :         0 elements
Info    : 0.20 < quality < 0.30 :         0 elements
Info    : 0.30 < quality < 0.40 :        34 elements
Info    : 0.40 < quality < 0.50 :        70 elements
Info    : 0.50 < quality < 0.60 :       139 elements
Info    : 0.60 < quality < 0.70 :       520 elements
Info    : 0.70 < quality < 0.80 :       884 elements
Info    : 0.80 < quality < 0.90 :      1066 elements
Info    : 0.90 < quality < 1.00 :       475 elements
Info    : Optimizing volume 20011
Info    : Optimization starts (volume = 6.688e-06) with worst = 0.00836911 / average = 0.777019:
Info    : 0.00 < quality < 0.10 :        13 elements
Info    : 0.10 < quality < 0.20 :        37 elements
Info    : 0.20 < quality < 0.30 :        34 elements
Info    : 0.30 < quality < 0.40 :        48 elements
Info    : 0.40 < quality < 0.50 :        90 elements
Info    : 0.50 < quality < 0.60 :       188 elements
Info    : 0.60 < quality < 0.70 :       565 elements
Info    : 0.70 < quality < 0.80 :      1082 elements
Info    : 0.80 < quality < 0.90 :      1545 elements
Info    : 0.90 < quality < 1.00 :       750 elements
Info    : 83 edge swaps, 1 node relocations (volume = 6.688e-06): worst = 0.236606 / average = 0.790208 (Wall 0.000779271s, CPU 0.000778s)
Info    : 85 edge swaps, 1 node relocations (volume = 6.688e-06): worst = 0.310216 / average = 0.790358 (Wall 0.000970126s, CPU 0.000969s)
Info    : No ill-shaped tets in the mesh :-)
Info    : 0.00 < quality < 0.10 :         0 elements
Info    : 0.10 < quality < 0.20 :         0 elements
Info    : 0.20 < quality < 0.30 :         0 elements
Info    : 0.30 < quality < 0.40 :        47 elements
Info    : 0.40 < quality < 0.50 :        80 elements
Info    : 0.50 < quality < 0.60 :       182 elements
Info    : 0.60 < quality < 0.70 :       557 elements
Info    : 0.70 < quality < 0.80 :      1083 elements
Info    : 0.80 < quality < 0.90 :      1572 elements
Info    : 0.90 < quality < 1.00 :       750 elements
Info    : Optimizing volume 20012
Info    : Optimization starts (volume = 6.688e-06) with worst = 0.0127312 / average = 0.766475:
Info    : 0.00 < quality < 0.10 :        13 elements
Info    : 0.10 < quality < 0.20 :        44 elements
Info    : 0.20 < quality < 0.30 :        49 elements
Info    : 0.30 < quality < 0.40 :        52 elements
Info    : 0.40 < quality < 0.50 :       100 elements
Info    : 0.50 < quality < 0.60 :       184 elements
Info    : 0.60 < quality < 0.70 :       624 elements
Info    : 0.70 < quality < 0.80 :      1146 elements
Info    : 0.80 < quality < 0.90 :      1476 elements
Info    : 0.90 < quality < 1.00 :       648 elements
Info    : 105 edge swaps, 0 node relocations (volume = 6.688e-06): worst = 0.306212 / average = 0.782262 (Wall 0.000849366s, CPU 0.000848s)
Info    : No ill-shaped tets in the mesh :-)
Info    : 0.00 < quality < 0.10 :         0 elements
Info    : 0.10 < quality < 0.20 :         0 elements
Info    : 0.20 < quality < 0.30 :         0 elements
Info    : 0.30 < quality < 0.40 :        53 elements
Info    : 0.40 < quality < 0.50 :        91 elements
Info    : 0.50 < quality < 0.60 :       180 elements
Info    : 0.60 < quality < 0.70 :       607 elements
Info    : 0.70 < quality < 0.80 :      1167 elements
Info    : 0.80 < quality < 0.90 :      1492 elements
Info    : 0.90 < quality < 1.00 :       648 elements
Info    : Optimizing volume 20013
Info    : Optimization starts (volume = 4.864e-06) with worst = 0.0173183 / average = 0.77173:
Info    : 0.00 < quality < 0.10 :        12 elements
Info    : 0.10 < quality < 0.20 :        30 elements
Info    : 0.20 < quality < 0.30 :        21 elements
Info    : 0.30 < quality < 0.40 :        43 elements
Info    : 0.40 < quality < 0.50 :        59 elements
Info    : 0.50 < quality < 0.60 :       136 elements
Info    : 0.60 < quality < 0.70 :       448 elements
Info    : 0.70 < quality < 0.80 :       878 elements
Info    : 0.80 < quality < 0.90 :      1085 elements
Info    : 0.90 < quality < 1.00 :       502 elements
Info    : 63 edge swaps, 2 node relocations (volume = 4.864e-06): worst = 0.303092 / average = 0.78419 (Wall 0.000574109s, CPU 0.000572s)
Info    : No ill-shaped tets in the mesh :-)
Info    : 0.00 < quality < 0.10 :         0 elements
Info    : 0.10 < quality < 0.20 :         0 elements
Info    : 0.20 < quality < 0.30 :         0 elements
Info    : 0.30 < quality < 0.40 :        43 elements
Info    : 0.40 < quality < 0.50 :        55 elements
Info    : 0.50 < quality < 0.60 :       138 elements
Info    : 0.60 < quality < 0.70 :       449 elements
Info    : 0.70 < quality < 0.80 :       875 elements
Info    : 0.80 < quality < 0.90 :      1093 elements
Info    : 0.90 < quality < 1.00 :       505 elements
Info    : Optimizing volume 20014
Info    : Optimization starts (volume = 4.864e-06) with worst = 0.0192602 / average = 0.767742:
Info    : 0.00 < quality < 0.10 :         4 elements
Info    : 0.10 < quality < 0.20 :        20 elements
Info    : 0.20 < quality < 0.30 :        33 elements
Info    : 0.30 < quality < 0.40 :        53 elements
Info    : 0.40 < quality < 0.50 :        78 elements
Info    : 0.50 < quality < 0.60 :       157 elements
Info    : 0.60 < quality < 0.70 :       507 elements
Info    : 0.70 < quality < 0.80 :       830 elements
Info    : 0.80 < quality < 0.90 :      1068 elements
Info    : 0.90 < quality < 1.00 :       535 elements
Info    : 57 edge swaps, 0 node relocations (volume = 4.864e-06): worst = 0.303788 / average = 0.778584 (Wall 0.000508353s, CPU 0.000507s)
Info    : No ill-shaped tets in the mesh :-)
Info    : 0.00 < quality < 0.10 :         0 elements
Info    : 0.10 < quality < 0.20 :         0 elements
Info    : 0.20 < quality < 0.30 :         0 elements
Info    : 0.30 < quality < 0.40 :        50 elements
Info    : 0.40 < quality < 0.50 :        72 elements
Info    : 0.50 < quality < 0.60 :       158 elements
Info    : 0.60 < quality < 0.70 :       503 elements
Info    : 0.70 < quality < 0.80 :       851 elements
Info    : 0.80 < quality < 0.90 :      1066 elements
Info    : 0.90 < quality < 1.00 :       534 elements
Info    : Optimizing volume 20015
Info    : Optimization starts (volume = 6.688e-06) with worst = 0.0058899 / average = 0.775615:
Info    : 0.00 < quality < 0.10 :        15 elements
Info    : 0.10 < quality < 0.20 :        41 elements
Info    : 0.20 < quality < 0.30 :        37 elements
Info    : 0.30 < quality < 0.40 :        53 elements
Info    : 0.40 < quality < 0.50 :        96 elements
Info    : 0.50 < quality < 0.60 :       169 elements
Info    : 0.60 < quality < 0.70 :       555 elements
Info    : 0.70 < quality < 0.80 :      1103 elements
Info    : 0.80 < quality < 0.90 :      1513 elements
Info    : 0.90 < quality < 1.00 :       771 elements
Info    : 92 edge swaps, 2 node relocations (volume = 6.688e-06): worst = 0.300565 / average = 0.789048 (Wall 0.000818927s, CPU 0.000817s)
Info    : No ill-shaped tets in the mesh :-)
Info    : 0.00 < quality < 0.10 :         0 elements
Info    : 0.10 < quality < 0.20 :         0 elements
Info    : 0.20 < quality < 0.30 :         0 elements
Info    : 0.30 < quality < 0.40 :        58 elements
Info    : 0.40 < quality < 0.50 :        90 elements
Info    : 0.50 < quality < 0.60 :       159 elements
Info    : 0.60 < quality < 0.70 :       558 elements
Info    : 0.70 < quality < 0.80 :      1110 elements
Info    : 0.80 < quality < 0.90 :      1527 elements
Info    : 0.90 < quality < 1.00 :       770 elements
Info    : Optimizing volume 20016
Info    : Optimization starts (volume = 6.688e-06) with worst = 0.017534 / average = 0.775144:
Info    : 0.00 < quality < 0.10 :        13 elements
Info    : 0.10 < quality < 0.20 :        27 elements
Info    : 0.20 < quality < 0.30 :        42 elements
Info    : 0.30 < quality < 0.40 :        63 elements
Info    : 0.40 < quality < 0.50 :        83 elements
Info    : 0.50 < quality < 0.60 :       146 elements
Info    : 0.60 < quality < 0.70 :       603 elements
Info    : 0.70 < quality < 0.80 :      1127 elements
Info    : 0.80 < quality < 0.90 :      1501 elements
Info    : 0.90 < quality < 1.00 :       719 elements
Info    : 81 edge swaps, 1 node relocations (volume = 6.688e-06): worst = 0.301368 / average = 0.787624 (Wall 0.000764704s, CPU 0.000763s)
Info    : No ill-shaped tets in the mesh :-)
Info    : 0.00 < quality < 0.10 :         0 elements
Info    : 0.10 < quality < 0.20 :         0 elements
Info    : 0.20 < quality < 0.30 :         0 elements
Info    : 0.30 < quality < 0.40 :        63 elements
Info    : 0.40 < quality < 0.50 :        76 elements
Info    : 0.50 < quality < 0.60 :       137 elements
Info    : 0.60 < quality < 0.70 :       600 elements
Info    : 0.70 < quality < 0.80 :      1149 elements
Info    : 0.80 < quality < 0.90 :      1508 elements
Info    : 0.90 < quality < 1.00 :       716 elements
Info    : Optimizing volume 20017
Info    : Optimization starts (volume = 4.864e-06) with worst = 0.0269393 / average = 0.766524:
Info    : 0.00 < quality < 0.10 :        13 elements
Info    : 0.10 < quality < 0.20 :        21 elements
Info    : 0.20 < quality < 0.30 :        34 elements
Info    : 0.30 < quality < 0.40 :        51 elements
Info    : 0.40 < quality < 0.50 :        70 elements
Info    : 0.50 < quality < 0.60 :       161 elements
Info    : 0.60 < quality < 0.70 :       526 elements
Info    : 0.70 < quality < 0.80 :       822 elements
Info    : 0.80 < quality < 0.90 :      1078 elements
Info    : 0.90 < quality < 1.00 :       539 elements
Info    : 68 edge swaps, 0 node relocations (volume = 4.864e-06): worst = 0.302458 / average = 0.779273 (Wall 0.000585s, CPU 0.000584s)
Info    : No ill-shaped tets in the mesh :-)
Info    : 0.00 < quality < 0.10 :         0 elements
Info    : 0.10 < quality < 0.20 :         0 elements
Info    : 0.20 < quality < 0.30 :         0 elements
Info    : 0.30 < quality < 0.40 :        48 elements
Info    : 0.40 < quality < 0.50 :        70 elements
Info    : 0.50 < quality < 0.60 :       158 elements
Info    : 0.60 < quality < 0.70 :       527 elements
Info    : 0.70 < quality < 0.80 :       818 elements
Info    : 0.80 < quality < 0.90 :      1096 elements
Info    : 0.90 < quality < 1.00 :       537 elements
Info    : Optimizing volume 20018
Info    : Optimization starts (volume = 4.864e-06) with worst = 0.0144095 / average = 0.761518:
Info    : 0.00 < quality < 0.10 :        13 elements
Info    : 0.10 < quality < 0.20 :        28 elements
Info    : 0.20 < quality < 0.30 :        41 elements
Info    : 0.30 < quality < 0.40 :        52 elements
Info    : 0.40 < quality < 0.50 :        66 elements
Info    : 0.50 < quality < 0.60 :       140 elements
Info    : 0.60 < quality < 0.70 :       544 elements
Info    : 0.70 < quality < 0.80 :       873 elements
Info    : 0.80 < quality < 0.90 :      1047 elements
Info    : 0.90 < quality < 1.00 :       505 elements
Info    : 82 edge swaps, 0 node relocations (volume = 4.864e-06): worst = 0.230951 / average = 0.776416 (Wall 0.000672867s, CPU 0.000672s)
Info    : 83 edge swaps, 0 node relocations (volume = 4.864e-06): worst = 0.300254 / average = 0.776649 (Wall 0.000807595s, CPU 0.000807s)
Info    : No ill-shaped tets in the mesh :-)
Info    : 0.00 < quality < 0.10 :         0 elements
Info    : 0.10 < quality < 0.20 :         0 elements
Info    : 0.20 < quality < 0.30 :         0 elements
Info    : 0.30 < quality < 0.40 :        50 elements
Info    : 0.40 < quality < 0.50 :        66 elements
Info    : 0.50 < quality < 0.60 :       143 elements
Info    : 0.60 < quality < 0.70 :       541 elements
Info    : 0.70 < quality < 0.80 :       869 elements
Info    : 0.80 < quality < 0.90 :      1059 elements
Info    : 0.90 < quality < 1.00 :       509 elements
Info    : Optimizing volume 20019
Info    : Optimization starts (volume = 6.688e-06) with worst = 0.0368264 / average = 0.780286:
Info    : 0.00 < quality < 0.10 :         9 elements
Info    : 0.10 < quality < 0.20 :        29 elements
Info    : 0.20 < quality < 0.30 :        36 elements
Info    : 0.30 < quality < 0.40 :        43 elements
Info    : 0.40 < quality < 0.50 :        66 elements
Info    : 0.50 < quality < 0.60 :       165 elements
Info    : 0.60 < quality < 0.70 :       594 elements
Info    : 0.70 < quality < 0.80 :      1074 elements
Info    : 0.80 < quality < 0.90 :      1479 elements
Info    : 0.90 < quality < 1.00 :       766 elements
Info    : 71 edge swaps, 0 node relocations (volume = 6.688e-06): worst = 0.302212 / average = 0.791885 (Wall 0.000680183s, CPU 0.000679s)
Info    : No ill-shaped tets in the mesh :-)
Info    : 0.00 < quality < 0.10 :         0 elements
Info    : 0.10 < quality < 0.20 :         0 elements
Info    : 0.20 < quality < 0.30 :         0 elements
Info    : 0.30 < quality < 0.40 :        43 elements
Info    : 0.40 < quality < 0.50 :        60 elements
Info    : 0.50 < quality < 0.60 :       164 elements
Info    : 0.60 < quality < 0.70 :       585 elements
Info    : 0.70 < quality < 0.80 :      1080 elements
Info    : 0.80 < quality < 0.90 :      1492 elements
Info    : 0.90 < quality < 1.00 :       768 elements
Info    : Optimizing volume 20020
Info    : Optimization starts (volume = 6.688e-06) with worst = 0.0249578 / average = 0.769004:
Info    : 0.00 < quality < 0.10 :        10 elements
Info    : 0.10 < quality < 0.20 :        37 elements
Info    : 0.20 < quality < 0.30 :        53 elements
Info    : 0.30 < quality < 0.40 :        65 elements
Info    : 0.40 < quality < 0.50 :        91 elements
Info    : 0.50 < quality < 0.60 :       185 elements
Info    : 0.60 < quality < 0.70 :       662 elements
Info    : 0.70 < quality < 0.80 :      1089 elements
Info    : 0.80 < quality < 0.90 :      1407 elements
Info    : 0.90 < quality < 1.00 :       736 elements
Info    : 100 edge swaps, 0 node relocations (volume = 6.688e-06): worst = 0.301788 / average = 0.784284 (Wall 0.000821132s, CPU 0.000819s)
Info    : No ill-shaped tets in the mesh :-)
Info    : 0.00 < quality < 0.10 :         0 elements
Info    : 0.10 < quality < 0.20 :         0 elements
Info    : 0.20 < quality < 0.30 :         0 elements
Info    : 0.30 < quality < 0.40 :        60 elements
Info    : 0.40 < quality < 0.50 :        80 elements
Info    : 0.50 < quality < 0.60 :       180 elements
Info    : 0.60 < quality < 0.70 :       647 elements
Info    : 0.70 < quality < 0.80 :      1113 elements
Info    : 0.80 < quality < 0.90 :      1425 elements
Info    : 0.90 < quality < 1.00 :       736 elements
Info    : Optimizing volume 20021
Info    : Optimization starts (volume = 4.864e-06) with worst = 0.0249862 / average = 0.759501:
Info    : 0.00 < quality < 0.10 :        13 elements
Info    : 0.10 < quality < 0.20 :        33 elements
Info    : 0.20 < quality < 0.30 :        38 elements
Info    : 0.30 < quality < 0.40 :        52 elements
Info    : 0.40 < quality < 0.50 :        69 elements
Info    : 0.50 < quality < 0.60 :       162 elements
Info    : 0.60 < quality < 0.70 :       529 elements
Info    : 0.70 < quality < 0.80 :       847 elements
Info    : 0.80 < quality < 0.90 :       991 elements
Info    : 0.90 < quality < 1.00 :       512 elements
Info    : 82 edge swaps, 1 node relocations (volume = 4.864e-06): worst = 0.2406 / average = 0.776677 (Wall 0.000648251s, CPU 0.000646s)
Info    : 83 edge swaps, 1 node relocations (volume = 4.864e-06): worst = 0.30086 / average = 0.77684 (Wall 0.000776447s, CPU 0.000774s)
Info    : No ill-shaped tets in the mesh :-)
Info    : 0.00 < quality < 0.10 :         0 elements
Info    : 0.10 < quality < 0.20 :         0 elements
Info    : 0.20 < quality < 0.30 :         0 elements
Info    : 0.30 < quality < 0.40 :        47 elements
Info    : 0.40 < quality < 0.50 :        64 elements
Info    : 0.50 < quality < 0.60 :       159 elements
Info    : 0.60 < quality < 0.70 :       526 elements
Info    : 0.70 < quality < 0.80 :       848 elements
Info    : 0.80 < quality < 0.90 :      1010 elements
Info    : 0.90 < quality < 1.00 :       513 elements
Info    : Optimizing volume 20022
Info    : Optimization starts (volume = 4.864e-06) with worst = 0.0144338 / average = 0.767439:
Info    : 0.00 < quality < 0.10 :        16 elements
Info    : 0.10 < quality < 0.20 :        16 elements
Info    : 0.20 < quality < 0.30 :        29 elements
Info    : 0.30 < quality < 0.40 :        34 elements
Info    : 0.40 < quality < 0.50 :        78 elements
Info    : 0.50 < quality < 0.60 :       137 elements
Info    : 0.60 < quality < 0.70 :       511 elements
Info    : 0.70 < quality < 0.80 :       881 elements
Info    : 0.80 < quality < 0.90 :      1002 elements
Info    : 0.90 < quality < 1.00 :       508 elements
Info    : 59 edge swaps, 2 node relocations (volume = 4.864e-06): worst = 0.303268 / average = 0.779747 (Wall 0.000521698s, CPU 0.000522s)
Info    : No ill-shaped tets in the mesh :-)
Info    : 0.00 < quality < 0.10 :         0 elements
Info    : 0.10 < quality < 0.20 :         0 elements
Info    : 0.20 < quality < 0.30 :         0 elements
Info    : 0.30 < quality < 0.40 :        34 elements
Info    : 0.40 < quality < 0.50 :        76 elements
Info    : 0.50 < quality < 0.60 :       133 elements
Info    : 0.60 < quality < 0.70 :       507 elements
Info    : 0.70 < quality < 0.80 :       880 elements
Info    : 0.80 < quality < 0.90 :      1015 elements
Info    : 0.90 < quality < 1.00 :       512 elements
Info    : Optimizing volume 20023
Info    : Optimization starts (volume = 6.688e-06) with worst = 0.022898 / average = 0.770423:
Info    : 0.00 < quality < 0.10 :        15 elements
Info    : 0.10 < quality < 0.20 :        40 elements
Info    : 0.20 < quality < 0.30 :        34 elements
Info    : 0.30 < quality < 0.40 :        72 elements
Info    : 0.40 < quality < 0.50 :       111 elements
Info    : 0.50 < quality < 0.60 :       157 elements
Info    : 0.60 < quality < 0.70 :       568 elements
Info    : 0.70 < quality < 0.80 :      1102 elements
Info    : 0.80 < quality < 0.90 :      1503 elements
Info    : 0.90 < quality < 1.00 :       703 elements
Info    : 87 edge swaps, 0 node relocations (volume = 6.688e-06): worst = 0.300688 / average = 0.784257 (Wall 0.000764032s, CPU 0.000762s)
Info    : No ill-shaped tets in the mesh :-)
Info    : 0.00 < quality < 0.10 :         0 elements
Info    : 0.10 < quality < 0.20 :         0 elements
Info    : 0.20 < quality < 0.30 :         0 elements
Info    : 0.30 < quality < 0.40 :        72 elements
Info    : 0.40 < quality < 0.50 :       101 elements
Info    : 0.50 < quality < 0.60 :       156 elements
Info    : 0.60 < quality < 0.70 :       559 elements
Info    : 0.70 < quality < 0.80 :      1111 elements
Info    : 0.80 < quality < 0.90 :      1522 elements
Info    : 0.90 < quality < 1.00 :       701 elements
Info    : Optimizing volume 20024
Info    : Optimization starts (volume = 6.688e-06) with worst = 0.0229139 / average = 0.772565:
Info    : 0.00 < quality < 0.10 :        18 elements
Info    : 0.10 < quality < 0.20 :        33 elements
Info    : 0.20 < quality < 0.30 :        44 elements
Info    : 0.30 < quality < 0.40 :        56 elements
Info    : 0.40 < quality < 0.50 :        75 elements
Info    : 0.50 < quality < 0.60 :       190 elements
Info    : 0.60 < quality < 0.70 :       579 elements
Info    : 0.70 < quality < 0.80 :      1142 elements
Info    : 0.80 < quality < 0.90 :      1491 elements
Info    : 0.90 < quality < 1.00 :       693 elements
Info    : 95 edge swaps, 3 node relocations (volume = 6.688e-06): worst = 0.300091 / average = 0.786632 (Wall 0.000818767s, CPU 0.000818s)
Info    : No ill-shaped tets in the mesh :-)
Info    : 0.00 < quality < 0.10 :         0 elements
Info    : 0.10 < quality < 0.20 :         0 elements
Info    : 0.20 < quality < 0.30 :         0 elements
Info    : 0.30 < quality < 0.40 :        58 elements
Info    : 0.40 < quality < 0.50 :        71 elements
Info    : 0.50 < quality < 0.60 :       185 elements
Info    : 0.60 < quality < 0.70 :       579 elements
Info    : 0.70 < quality < 0.80 :      1140 elements
Info    : 0.80 < quality < 0.90 :      1504 elements
Info    : 0.90 < quality < 1.00 :       699 elements
Info    : Optimizing volume 20025
Info    : Optimization starts (volume = 4.864e-06) with worst = 0.0130727 / average = 0.757258:
Info    : 0.00 < quality < 0.10 :        11 elements
Info    : 0.10 < quality < 0.20 :        35 elements
Info    : 0.20 < quality < 0.30 :        36 elements
Info    : 0.30 < quality < 0.40 :        51 elements
Info    : 0.40 < quality < 0.50 :        65 elements
Info    : 0.50 < quality < 0.60 :       168 elements
Info    : 0.60 < quality < 0.70 :       560 elements
Info    : 0.70 < quality < 0.80 :       849 elements
Info    : 0.80 < quality < 0.90 :       988 elements
Info    : 0.90 < quality < 1.00 :       493 elements
Info    : 82 edge swaps, 1 node relocations (volume = 4.864e-06): worst = 0.191424 / average = 0.773628 (Wall 0.000695602s, CPU 0.000682s)
Info    : 84 edge swaps, 1 node relocations (volume = 4.864e-06): worst = 0.300644 / average = 0.774064 (Wall 0.000831913s, CPU 0.000819s)
Info    : No ill-shaped tets in the mesh :-)
Info    : 0.00 < quality < 0.10 :         0 elements
Info    : 0.10 < quality < 0.20 :         0 elements
Info    : 0.20 < quality < 0.30 :         0 elements
Info    : 0.30 < quality < 0.40 :        47 elements
Info    : 0.40 < quality < 0.50 :        64 elements
Info    : 0.50 < quality < 0.60 :       160 elements
Info    : 0.60 < quality < 0.70 :       564 elements
Info    : 0.70 < quality < 0.80 :       839 elements
Info    : 0.80 < quality < 0.90 :      1013 elements
Info    : 0.90 < quality < 1.00 :       491 elements
Info    : Optimizing volume 20026
Info    : Optimization starts (volume = 4.864e-06) with worst = 0.021015 / average = 0.762932:
Info    : 0.00 < quality < 0.10 :        16 elements
Info    : 0.10 < quality < 0.20 :        19 elements
Info    : 0.20 < quality < 0.30 :        29 elements
Info    : 0.30 < quality < 0.40 :        57 elements
Info    : 0.40 < quality < 0.50 :        78 elements
Info    : 0.50 < quality < 0.60 :       153 elements
Info    : 0.60 < quality < 0.70 :       516 elements
Info    : 0.70 < quality < 0.80 :       833 elements
Info    : 0.80 < quality < 0.90 :      1015 elements
Info    : 0.90 < quality < 1.00 :       507 elements
Info    : 64 edge swaps, 0 node relocations (volume = 4.864e-06): worst = 0.30425 / average = 0.776178 (Wall 0.000582034s, CPU 0.000582s)
Info    : No ill-shaped tets in the mesh :-)
Info    : 0.00 < quality < 0.10 :         0 elements
Info    : 0.10 < quality < 0.20 :         0 elements
Info    : 0.20 < quality < 0.30 :         0 elements
Info    : 0.30 < quality < 0.40 :        52 elements
Info    : 0.40 < quality < 0.50 :        79 elements
Info    : 0.50 < quality < 0.60 :       152 elements
Info    : 0.60 < quality < 0.70 :       500 elements
Info    : 0.70 < quality < 0.80 :       843 elements
Info    : 0.80 < quality < 0.90 :      1027 elements
Info    : 0.90 < quality < 1.00 :       509 elements
Info    : Optimizing volume 20027
Info    : Optimization starts (volume = 6.688e-06) with worst = 0.0200421 / average = 0.773944:
Info    : 0.00 < quality < 0.10 :        15 elements
Info    : 0.10 < quality < 0.20 :        40 elements
Info    : 0.20 < quality < 0.30 :        29 elements
Info    : 0.30 < quality < 0.40 :        59 elements
Info    : 0.40 < quality < 0.50 :        86 elements
Info    : 0.50 < quality < 0.60 :       166 elements
Info    : 0.60 < quality < 0.70 :       587 elements
Info    : 0.70 < quality < 0.80 :      1158 elements
Info    : 0.80 < quality < 0.90 :      1437 elements
Info    : 0.90 < quality < 1.00 :       753 elements
Info    : 84 edge swaps, 4 node relocations (volume = 6.688e-06): worst = 0.179651 / average = 0.786471 (Wall 0.000781807s, CPU 0.00078s)
Info    : 88 edge swaps, 4 node relocations (volume = 6.688e-06): worst = 0.301582 / average = 0.787091 (Wall 0.000994133s, CPU 0.000993s)
Info    : No ill-shaped tets in the mesh :-)
Info    : 0.00 < quality < 0.10 :         0 elements
Info    : 0.10 < quality < 0.20 :         0 elements
Info    : 0.20 < quality < 0.30 :         0 elements
Info    : 0.30 < quality < 0.40 :        63 elements
Info    : 0.40 < quality < 0.50 :        75 elements
Info    : 0.50 < quality < 0.60 :       162 elements
Info    : 0.60 < quality < 0.70 :       584 elements
Info    : 0.70 < quality < 0.80 :      1154 elements
Info    : 0.80 < quality < 0.90 :      1457 elements
Info    : 0.90 < quality < 1.00 :       756 elements
Info    : Optimizing volume 20028
Info    : Optimization starts (volume = 6.688e-06) with worst = 0.0128549 / average = 0.777085:
Info    : 0.00 < quality < 0.10 :        11 elements
Info    : 0.10 < quality < 0.20 :        36 elements
Info    : 0.20 < quality < 0.30 :        37 elements
Info    : 0.30 < quality < 0.40 :        52 elements
Info    : 0.40 < quality < 0.50 :        80 elements
Info    : 0.50 < quality < 0.60 :       172 elements
Info    : 0.60 < quality < 0.70 :       585 elements
Info    : 0.70 < quality < 0.80 :      1080 elements
Info    : 0.80 < quality < 0.90 :      1499 elements
Info    : 0.90 < quality < 1.00 :       753 elements
Info    : 82 edge swaps, 1 node relocations (volume = 6.688e-06): worst = 0.302009 / average = 0.790292 (Wall 0.000755145s, CPU 0.000741s)
Info    : No ill-shaped tets in the mesh :-)
Info    : 0.00 < quality < 0.10 :         0 elements
Info    : 0.10 < quality < 0.20 :         0 elements
Info    : 0.20 < quality < 0.30 :         0 elements
Info    : 0.30 < quality < 0.40 :        53 elements
Info    : 0.40 < quality < 0.50 :        75 elements
Info    : 0.50 < quality < 0.60 :       169 elements
Info    : 0.60 < quality < 0.70 :       571 elements
Info    : 0.70 < quality < 0.80 :      1077 elements
Info    : 0.80 < quality < 0.90 :      1531 elements
Info    : 0.90 < quality < 1.00 :       750 elements
Info    : Optimizing volume 20029
Info    : Optimization starts (volume = 4.864e-06) with worst = 0.0170202 / average = 0.758297:
Info    : 0.00 < quality < 0.10 :        13 elements
Info    : 0.10 < quality < 0.20 :        34 elements
Info    : 0.20 < quality < 0.30 :        37 elements
Info    : 0.30 < quality < 0.40 :        53 elements
Info    : 0.40 < quality < 0.50 :        87 elements
Info    : 0.50 < quality < 0.60 :       171 elements
Info    : 0.60 < quality < 0.70 :       541 elements
Info    : 0.70 < quality < 0.80 :       844 elements
Info    : 0.80 < quality < 0.90 :       999 elements
Info    : 0.90 < quality < 1.00 :       535 elements
Info    : 84 edge swaps, 2 node relocations (volume = 4.864e-06): worst = 0.269111 / average = 0.774996 (Wall 0.00066891s, CPU 0.000668s)
Info    : 85 edge swaps, 2 node relocations (volume = 4.864e-06): worst = 0.300334 / average = 0.775194 (Wall 0.000801955s, CPU 0.000801s)
Info    : No ill-shaped tets in the mesh :-)
Info    : 0.00 < quality < 0.10 :         0 elements
Info    : 0.10 < quality < 0.20 :         0 elements
Info    : 0.20 < quality < 0.30 :         0 elements
Info    : 0.30 < quality < 0.40 :        51 elements
Info    : 0.40 < quality < 0.50 :        81 elements
Info    : 0.50 < quality < 0.60 :       170 elements
Info    : 0.60 < quality < 0.70 :       530 elements
Info    : 0.70 < quality < 0.80 :       844 elements
Info    : 0.80 < quality < 0.90 :      1019 elements
Info    : 0.90 < quality < 1.00 :       540 elements
Info    : Optimizing volume 20030
Info    : Optimization starts (volume = 4.864e-06) with worst = 0.0256773 / average = 0.765956:
Info    : 0.00 < quality < 0.10 :         9 elements
Info    : 0.10 < quality < 0.20 :        29 elements
Info    : 0.20 < quality < 0.30 :        44 elements
Info    : 0.30 < quality < 0.40 :        30 elements
Info    : 0.40 < quality < 0.50 :        75 elements
Info    : 0.50 < quality < 0.60 :       140 elements
Info    : 0.60 < quality < 0.70 :       499 elements
Info    : 0.70 < quality < 0.80 :       862 elements
Info    : 0.80 < quality < 0.90 :      1080 elements
Info    : 0.90 < quality < 1.00 :       504 elements
Info    : 80 edge swaps, 2 node relocations (volume = 4.864e-06): worst = 0.304495 / average = 0.781599 (Wall 0.000635486s, CPU 0.000634s)
Info    : No ill-shaped tets in the mesh :-)
Info    : 0.00 < quality < 0.10 :         0 elements
Info    : 0.10 < quality < 0.20 :         0 elements
Info    : 0.20 < quality < 0.30 :         0 elements
Info    : 0.30 < quality < 0.40 :        31 elements
Info    : 0.40 < quality < 0.50 :        71 elements
Info    : 0.50 < quality < 0.60 :       138 elements
Info    : 0.60 < quality < 0.70 :       494 elements
Info    : 0.70 < quality < 0.80 :       860 elements
Info    : 0.80 < quality < 0.90 :      1100 elements
Info    : 0.90 < quality < 1.00 :       505 elements
Info    : Optimizing volume 20031
Info    : Optimization starts (volume = 6.688e-06) with worst = 0.0102357 / average = 0.774034:
Info    : 0.00 < quality < 0.10 :        18 elements
Info    : 0.10 < quality < 0.20 :        27 elements
Info    : 0.20 < quality < 0.30 :        29 elements
Info    : 0.30 < quality < 0.40 :        65 elements
Info    : 0.40 < quality < 0.50 :        69 elements
Info    : 0.50 < quality < 0.60 :       178 elements
Info    : 0.60 < quality < 0.70 :       612 elements
Info    : 0.70 < quality < 0.80 :      1107 elements
Info    : 0.80 < quality < 0.90 :      1469 elements
Info    : 0.90 < quality < 1.00 :       705 elements
Info    : 74 edge swaps, 2 node relocations (volume = 6.688e-06): worst = 0.231084 / average = 0.785543 (Wall 0.000693537s, CPU 0.000692s)
Info    : 77 edge swaps, 3 node relocations (volume = 6.688e-06): worst = 0.268484 / average = 0.785784 (Wall 0.00089897s, CPU 0.000897s)
Info    : 78 edge swaps, 3 node relocations (volume = 6.688e-06): worst = 0.303169 / average = 0.785905 (Wall 0.00107459s, CPU 0.001073s)
Info    : No ill-shaped tets in the mesh :-)
Info    : 0.00 < quality < 0.10 :         0 elements
Info    : 0.10 < quality < 0.20 :         0 elements
Info    : 0.20 < quality < 0.30 :         0 elements
Info    : 0.30 < quality < 0.40 :        61 elements
Info    : 0.40 < quality < 0.50 :        70 elements
Info    : 0.50 < quality < 0.60 :       170 elements
Info    : 0.60 < quality < 0.70 :       602 elements
Info    : 0.70 < quality < 0.80 :      1122 elements
Info    : 0.80 < quality < 0.90 :      1489 elements
Info    : 0.90 < quality < 1.00 :       696 elements
Info    : Optimizing volume 20032
Info    : Optimization starts (volume = 6.688e-06) with worst = 0.0148608 / average = 0.771375:
Info    : 0.00 < quality < 0.10 :        13 elements
Info    : 0.10 < quality < 0.20 :        42 elements
Info    : 0.20 < quality < 0.30 :        42 elements
Info    : 0.30 < quality < 0.40 :        60 elements
Info    : 0.40 < quality < 0.50 :        81 elements
Info    : 0.50 < quality < 0.60 :       178 elements
Info    : 0.60 < quality < 0.70 :       597 elements
Info    : 0.70 < quality < 0.80 :      1078 elements
Info    : 0.80 < quality < 0.90 :      1462 elements
Info    : 0.90 < quality < 1.00 :       705 elements
Info    : 96 edge swaps, 1 node relocations (volume = 6.688e-06): worst = 0.296365 / average = 0.786515 (Wall 0.00082576s, CPU 0.000824s)
Info    : 97 edge swaps, 1 node relocations (volume = 6.688e-06): worst = 0.302271 / average = 0.786678 (Wall 0.00100471s, CPU 0.001003s)
Info    : No ill-shaped tets in the mesh :-)
Info    : 0.00 < quality < 0.10 :         0 elements
Info    : 0.10 < quality < 0.20 :         0 elements
Info    : 0.20 < quality < 0.30 :         0 elements
Info    : 0.30 < quality < 0.40 :        57 elements
Info    : 0.40 < quality < 0.50 :        78 elements
Info    : 0.50 < quality < 0.60 :       165 elements
Info    : 0.60 < quality < 0.70 :       584 elements
Info    : 0.70 < quality < 0.80 :      1097 elements
Info    : 0.80 < quality < 0.90 :      1474 elements
Info    : 0.90 < quality < 1.00 :       710 elements
Info    : Optimizing volume 20033
Info    : Optimization starts (volume = 4.864e-06) with worst = 0.0256711 / average = 0.764194:
Info    : 0.00 < quality < 0.10 :        13 elements
Info    : 0.10 < quality < 0.20 :        24 elements
Info    : 0.20 < quality < 0.30 :        28 elements
Info    : 0.30 < quality < 0.40 :        50 elements
Info    : 0.40 < quality < 0.50 :        69 elements
Info    : 0.50 < quality < 0.60 :       158 elements
Info    : 0.60 < quality < 0.70 :       497 elements
Info    : 0.70 < quality < 0.80 :       889 elements
Info    : 0.80 < quality < 0.90 :      1074 elements
Info    : 0.90 < quality < 1.00 :       470 elements
Info    : 65 edge swaps, 0 node relocations (volume = 4.864e-06): worst = 0.303777 / average = 0.778318 (Wall 0.000577546s, CPU 0.000576s)
Info    : No ill-shaped tets in the mesh :-)
Info    : 0.00 < quality < 0.10 :         0 elements
Info    : 0.10 < quality < 0.20 :         0 elements
Info    : 0.20 < quality < 0.30 :         0 elements
Info    : 0.30 < quality < 0.40 :        49 elements
Info    : 0.40 < quality < 0.50 :        64 elements
Info    : 0.50 < quality < 0.60 :       148 elements
Info    : 0.60 < quality < 0.70 :       485 elements
Info    : 0.70 < quality < 0.80 :       901 elements
Info    : 0.80 < quality < 0.90 :      1090 elements
Info    : 0.90 < quality < 1.00 :       470 elements
Info    : Optimizing volume 20034
Info    : Optimization starts (volume = 4.864e-06) with worst = 0.0151353 / average = 0.765095:
Info    : 0.00 < quality < 0.10 :        15 elements
Info    : 0.10 < quality < 0.20 :        25 elements
Info    : 0.20 < quality < 0.30 :        24 elements
Info    : 0.30 < quality < 0.40 :        54 elements
Info    : 0.40 < quality < 0.50 :        70 elements
Info    : 0.50 < quality < 0.60 :       138 elements
Info    : 0.60 < quality < 0.70 :       520 elements
Info    : 0.70 < quality < 0.80 :       815 elements
Info    : 0.80 < quality < 0.90 :      1036 elements
Info    : 0.90 < quality < 1.00 :       511 elements
Info    : 64 edge swaps, 0 node relocations (volume = 4.864e-06): worst = 0.300001 / average = 0.778178 (Wall 0.000559551s, CPU 0.000558s)
Info    : No ill-shaped tets in the mesh :-)
Info    : 0.00 < quality < 0.10 :         0 elements
Info    : 0.10 < quality < 0.20 :         0 elements
Info    : 0.20 < quality < 0.30 :         0 elements
Info    : 0.30 < quality < 0.40 :        53 elements
Info    : 0.40 < quality < 0.50 :        68 elements
Info    : 0.50 < quality < 0.60 :       132 elements
Info    : 0.60 < quality < 0.70 :       522 elements
Info    : 0.70 < quality < 0.80 :       821 elements
Info    : 0.80 < quality < 0.90 :      1039 elements
Info    : 0.90 < quality < 1.00 :       514 elements
Info    : Optimizing volume 20035
Info    : Optimization starts (volume = 6.688e-06) with worst = 0.0193564 / average = 0.772517:
Info    : 0.00 < quality < 0.10 :        17 elements
Info    : 0.10 < quality < 0.20 :        37 elements
Info    : 0.20 < quality < 0.30 :        38 elements
Info    : 0.30 < quality < 0.40 :        63 elements
Info    : 0.40 < quality < 0.50 :        77 elements
Info    : 0.50 < quality < 0.60 :       171 elements
Info    : 0.60 < quality < 0.70 :       616 elements
Info    : 0.70 < quality < 0.80 :      1117 elements
Info    : 0.80 < quality < 0.90 :      1458 elements
Info    : 0.90 < quality < 1.00 :       756 elements
Info    : 92 edge swaps, 2 node relocations (volume = 6.688e-06): worst = 0.218983 / average = 0.786973 (Wall 0.000817575s, CPU 0.000816s)
Info    : 93 edge swaps, 2 node relocations (volume = 6.688e-06): worst = 0.302768 / average = 0.787152 (Wall 0.000998782s, CPU 0.000997s)
Info    : No ill-shaped tets in the mesh :-)
Info    : 0.00 < quality < 0.10 :         0 elements
Info    : 0.10 < quality < 0.20 :         0 elements
Info    : 0.20 < quality < 0.30 :         0 elements
Info    : 0.30 < quality < 0.40 :        58 elements
Info    : 0.40 < quality < 0.50 :        77 elements
Info    : 0.50 < quality < 0.60 :       158 elements
Info    : 0.60 < quality < 0.70 :       611 elements
Info    : 0.70 < quality < 0.80 :      1120 elements
Info    : 0.80 < quality < 0.90 :      1480 elements
Info    : 0.90 < quality < 1.00 :       758 elements
Info    : Optimizing volume 20036
Info    : Optimization starts (volume = 6.688e-06) with worst = 0.0205728 / average = 0.775201:
Info    : 0.00 < quality < 0.10 :        10 elements
Info    : 0.10 < quality < 0.20 :        33 elements
Info    : 0.20 < quality < 0.30 :        51 elements
Info    : 0.30 < quality < 0.40 :        54 elements
Info    : 0.40 < quality < 0.50 :        82 elements
Info    : 0.50 < quality < 0.60 :       175 elements
Info    : 0.60 < quality < 0.70 :       580 elements
Info    : 0.70 < quality < 0.80 :      1048 elements
Info    : 0.80 < quality < 0.90 :      1524 elements
Info    : 0.90 < quality < 1.00 :       727 elements
Info    : 92 edge swaps, 0 node relocations (volume = 6.688e-06): worst = 0.222283 / average = 0.788655 (Wall 0.000802165s, CPU 0.0008s)
Info    : 93 edge swaps, 0 node relocations (volume = 6.688e-06): worst = 0.30139 / average = 0.788812 (Wall 0.000981158s, CPU 0.000979s)
Info    : No ill-shaped tets in the mesh :-)
Info    : 0.00 < quality < 0.10 :         0 elements
Info    : 0.10 < quality < 0.20 :         0 elements
Info    : 0.20 < quality < 0.30 :         0 elements
Info    : 0.30 < quality < 0.40 :        58 elements
Info    : 0.40 < quality < 0.50 :        75 elements
Info    : 0.50 < quality < 0.60 :       174 elements
Info    : 0.60 < quality < 0.70 :       574 elements
Info    : 0.70 < quality < 0.80 :      1056 elements
Info    : 0.80 < quality < 0.90 :      1539 elements
Info    : 0.90 < quality < 1.00 :       725 elements
Info    : Optimizing volume 30001
Info    : Optimization starts (volume = 4.8e-06) with worst = 0.0163385 / average = 0.769149:
Info    : 0.00 < quality < 0.10 :         6 elements
Info    : 0.10 < quality < 0.20 :        24 elements
Info    : 0.20 < quality < 0.30 :        41 elements
Info    : 0.30 < quality < 0.40 :        45 elements
Info    : 0.40 < quality < 0.50 :        66 elements
Info    : 0.50 < quality < 0.60 :       121 elements
Info    : 0.60 < quality < 0.70 :       508 elements
Info    : 0.70 < quality < 0.80 :       782 elements
Info    : 0.80 < quality < 0.90 :      1065 elements
Info    : 0.90 < quality < 1.00 :       528 elements
Info    : 69 edge swaps, 1 node relocations (volume = 4.8e-06): worst = 0.306761 / average = 0.782135 (Wall 0.000640166s, CPU 0.000639s)
Info    : No ill-shaped tets in the mesh :-)
Info    : 0.00 < quality < 0.10 :         0 elements
Info    : 0.10 < quality < 0.20 :         0 elements
Info    : 0.20 < quality < 0.30 :         0 elements
Info    : 0.30 < quality < 0.40 :        48 elements
Info    : 0.40 < quality < 0.50 :        63 elements
Info    : 0.50 < quality < 0.60 :       126 elements
Info    : 0.60 < quality < 0.70 :       500 elements
Info    : 0.70 < quality < 0.80 :       791 elements
Info    : 0.80 < quality < 0.90 :      1074 elements
Info    : 0.90 < quality < 1.00 :       525 elements
Info    : Optimizing volume 30002
Info    : Optimization starts (volume = 4.8e-06) with worst = 0.03182 / average = 0.775273:
Info    : 0.00 < quality < 0.10 :         5 elements
Info    : 0.10 < quality < 0.20 :        20 elements
Info    : 0.20 < quality < 0.30 :        21 elements
Info    : 0.30 < quality < 0.40 :        47 elements
Info    : 0.40 < quality < 0.50 :        61 elements
Info    : 0.50 < quality < 0.60 :       134 elements
Info    : 0.60 < quality < 0.70 :       443 elements
Info    : 0.70 < quality < 0.80 :       826 elements
Info    : 0.80 < quality < 0.90 :      1058 elements
Info    : 0.90 < quality < 1.00 :       531 elements
Info    : 46 edge swaps, 0 node relocations (volume = 4.8e-06): worst = 0.310315 / average = 0.785155 (Wall 0.000451665s, CPU 0.00045s)
Info    : No ill-shaped tets in the mesh :-)
Info    : 0.00 < quality < 0.10 :         0 elements
Info    : 0.10 < quality < 0.20 :         0 elements
Info    : 0.20 < quality < 0.30 :         0 elements
Info    : 0.30 < quality < 0.40 :        45 elements
Info    : 0.40 < quality < 0.50 :        59 elements
Info    : 0.50 < quality < 0.60 :       128 elements
Info    : 0.60 < quality < 0.70 :       443 elements
Info    : 0.70 < quality < 0.80 :       828 elements
Info    : 0.80 < quality < 0.90 :      1071 elements
Info    : 0.90 < quality < 1.00 :       528 elements
Info    : Optimizing volume 30003
Info    : Optimization starts (volume = 7.2e-06) with worst = 0.0166995 / average = 0.78037:
Info    : 0.00 < quality < 0.10 :         8 elements
Info    : 0.10 < quality < 0.20 :        32 elements
Info    : 0.20 < quality < 0.30 :        42 elements
Info    : 0.30 < quality < 0.40 :        59 elements
Info    : 0.40 < quality < 0.50 :        95 elements
Info    : 0.50 < quality < 0.60 :       181 elements
Info    : 0.60 < quality < 0.70 :       589 elements
Info    : 0.70 < quality < 0.80 :      1150 elements
Info    : 0.80 < quality < 0.90 :      1618 elements
Info    : 0.90 < quality < 1.00 :       850 elements
Info    : 82 edge swaps, 1 node relocations (volume = 7.2e-06): worst = 0.224907 / average = 0.792707 (Wall 0.000780013s, CPU 0.000778s)
Info    : 83 edge swaps, 1 node relocations (volume = 7.2e-06): worst = 0.300244 / average = 0.792896 (Wall 0.000972231s, CPU 0.000971s)
Info    : No ill-shaped tets in the mesh :-)
Info    : 0.00 < quality < 0.10 :         0 elements
Info    : 0.10 < quality < 0.20 :         0 elements
Info    : 0.20 < quality < 0.30 :         0 elements
Info    : 0.30 < quality < 0.40 :        56 elements
Info    : 0.40 < quality < 0.50 :        83 elements
Info    : 0.50 < quality < 0.60 :       166 elements
Info    : 0.60 < quality < 0.70 :       588 elements
Info    : 0.70 < quality < 0.80 :      1172 elements
Info    : 0.80 < quality < 0.90 :      1632 elements
Info    : 0.90 < quality < 1.00 :       847 elements
Info    : Optimizing volume 30004
Info    : Optimization starts (volume = 7.2e-06) with worst = 0.0212794 / average = 0.779117:
Info    : 0.00 < quality < 0.10 :        11 elements
Info    : 0.10 < quality < 0.20 :        32 elements
Info    : 0.20 < quality < 0.30 :        46 elements
Info    : 0.30 < quality < 0.40 :        60 elements
Info    : 0.40 < quality < 0.50 :       110 elements
Info    : 0.50 < quality < 0.60 :       191 elements
Info    : 0.60 < quality < 0.70 :       599 elements
Info    : 0.70 < quality < 0.80 :      1104 elements
Info    : 0.80 < quality < 0.90 :      1722 elements
Info    : 0.90 < quality < 1.00 :       842 elements
Info    : 89 edge swaps, 2 node relocations (volume = 7.2e-06): worst = 0.211789 / average = 0.790352 (Wall 0.000843695s, CPU 0.000844s)
Info    : 90 edge swaps, 2 node relocations (volume = 7.2e-06): worst = 0.300825 / average = 0.790471 (Wall 0.00104738s, CPU 0.001046s)
Info    : No ill-shaped tets in the mesh :-)
Info    : 0.00 < quality < 0.10 :         0 elements
Info    : 0.10 < quality < 0.20 :         0 elements
Info    : 0.20 < quality < 0.30 :         0 elements
Info    : 0.30 < quality < 0.40 :        59 elements
Info    : 0.40 < quality < 0.50 :       111 elements
Info    : 0.50 < quality < 0.60 :       194 elements
Info    : 0.60 < quality < 0.70 :       595 elements
Info    : 0.70 < quality < 0.80 :      1109 elements
Info    : 0.80 < quality < 0.90 :      1727 elements
Info    : 0.90 < quality < 1.00 :       845 elements
Info    : Optimizing volume 30005
Info    : Optimization starts (volume = 4.8e-06) with worst = 0.0163236 / average = 0.770322:
Info    : 0.00 < quality < 0.10 :         7 elements
Info    : 0.10 < quality < 0.20 :        36 elements
Info    : 0.20 < quality < 0.30 :        26 elements
Info    : 0.30 < quality < 0.40 :        44 elements
Info    : 0.40 < quality < 0.50 :        64 elements
Info    : 0.50 < quality < 0.60 :       133 elements
Info    : 0.60 < quality < 0.70 :       440 elements
Info    : 0.70 < quality < 0.80 :       842 elements
Info    : 0.80 < quality < 0.90 :      1075 elements
Info    : 0.90 < quality < 1.00 :       515 elements
Info    : 69 edge swaps, 0 node relocations (volume = 4.8e-06): worst = 0.221727 / average = 0.784499 (Wall 0.000620868s, CPU 0.00062s)
Info    : 70 edge swaps, 0 node relocations (volume = 4.8e-06): worst = 0.300767 / average = 0.784654 (Wall 0.00075253s, CPU 0.00075s)
Info    : No ill-shaped tets in the mesh :-)
Info    : 0.00 < quality < 0.10 :         0 elements
Info    : 0.10 < quality < 0.20 :         0 elements
Info    : 0.20 < quality < 0.30 :         0 elements
Info    : 0.30 < quality < 0.40 :        44 elements
Info    : 0.40 < quality < 0.50 :        63 elements
Info    : 0.50 < quality < 0.60 :       122 elements
Info    : 0.60 < quality < 0.70 :       441 elements
Info    : 0.70 < quality < 0.80 :       847 elements
Info    : 0.80 < quality < 0.90 :      1085 elements
Info    : 0.90 < quality < 1.00 :       515 elements
Info    : Optimizing volume 30006
Info    : Optimization starts (volume = 4.8e-06) with worst = 0.021432 / average = 0.773175:
Info    : 0.00 < quality < 0.10 :        15 elements
Info    : 0.10 < quality < 0.20 :        24 elements
Info    : 0.20 < quality < 0.30 :        27 elements
Info    : 0.30 < quality < 0.40 :        35 elements
Info    : 0.40 < quality < 0.50 :        54 elements
Info    : 0.50 < quality < 0.60 :       123 elements
Info    : 0.60 < quality < 0.70 :       475 elements
Info    : 0.70 < quality < 0.80 :       879 elements
Info    : 0.80 < quality < 0.90 :      1053 elements
Info    : 0.90 < quality < 1.00 :       542 elements
Info    : 66 edge swaps, 1 node relocations (volume = 4.8e-06): worst = 0.211143 / average = 0.7868 (Wall 0.000615729s, CPU 0.000616s)
Info    : 67 edge swaps, 1 node relocations (volume = 4.8e-06): worst = 0.2667 / average = 0.787067 (Wall 0.000764884s, CPU 0.000765s)
Info    : No ill-shaped tets in the mesh :-)
Info    : 0.00 < quality < 0.10 :         0 elements
Info    : 0.10 < quality < 0.20 :         0 elements
Info    : 0.20 < quality < 0.30 :         1 elements
Info    : 0.30 < quality < 0.40 :        33 elements
Info    : 0.40 < quality < 0.50 :        51 elements
Info    : 0.50 < quality < 0.60 :       125 elements
Info    : 0.60 < quality < 0.70 :       460 elements
Info    : 0.70 < quality < 0.80 :       889 elements
Info    : 0.80 < quality < 0.90 :      1060 elements
Info    : 0.90 < quality < 1.00 :       546 elements
Info    : Optimizing volume 30007
Info    : Optimization starts (volume = 7.2e-06) with worst = 0.0210114 / average = 0.777587:
Info    : 0.00 < quality < 0.10 :        17 elements
Info    : 0.10 < quality < 0.20 :        33 elements
Info    : 0.20 < quality < 0.30 :        52 elements
Info    : 0.30 < quality < 0.40 :        53 elements
Info    : 0.40 < quality < 0.50 :        96 elements
Info    : 0.50 < quality < 0.60 :       189 elements
Info    : 0.60 < quality < 0.70 :       588 elements
Info    : 0.70 < quality < 0.80 :      1140 elements
Info    : 0.80 < quality < 0.90 :      1656 elements
Info    : 0.90 < quality < 1.00 :       818 elements
Info    : 100 edge swaps, 2 node relocations (volume = 7.2e-06): worst = 0.183212 / average = 0.791869 (Wall 0.000876077s, CPU 0.000875s)
Info    : 102 edge swaps, 2 node relocations (volume = 7.2e-06): worst = 0.300157 / average = 0.792071 (Wall 0.00108517s, CPU 0.001084s)
Info    : No ill-shaped tets in the mesh :-)
Info    : 0.00 < quality < 0.10 :         0 elements
Info    : 0.10 < quality < 0.20 :         0 elements
Info    : 0.20 < quality < 0.30 :         0 elements
Info    : 0.30 < quality < 0.40 :        54 elements
Info    : 0.40 < quality < 0.50 :        93 elements
Info    : 0.50 < quality < 0.60 :       171 elements
Info    : 0.60 < quality < 0.70 :       586 elements
Info    : 0.70 < quality < 0.80 :      1152 elements
Info    : 0.80 < quality < 0.90 :      1668 elements
Info    : 0.90 < quality < 1.00 :       825 elements
Info    : Optimizing volume 30008
Info    : Optimization starts (volume = 7.2e-06) with worst = 0.0137868 / average = 0.774898:
Info    : 0.00 < quality < 0.10 :        16 elements
Info    : 0.10 < quality < 0.20 :        37 elements
Info    : 0.20 < quality < 0.30 :        50 elements
Info    : 0.30 < quality < 0.40 :        64 elements
Info    : 0.40 < quality < 0.50 :       109 elements
Info    : 0.50 < quality < 0.60 :       182 elements
Info    : 0.60 < quality < 0.70 :       608 elements
Info    : 0.70 < quality < 0.80 :      1200 elements
Info    : 0.80 < quality < 0.90 :      1621 elements
Info    : 0.90 < quality < 1.00 :       790 elements
Info    : 103 edge swaps, 1 node relocations (volume = 7.2e-06): worst = 0.299041 / average = 0.789427 (Wall 0.00088797s, CPU 0.000886s)
Info    : 104 edge swaps, 1 node relocations (volume = 7.2e-06): worst = 0.300865 / average = 0.789425 (Wall 0.00110048s, CPU 0.001082s)
Info    : No ill-shaped tets in the mesh :-)
Info    : 0.00 < quality < 0.10 :         0 elements
Info    : 0.10 < quality < 0.20 :         0 elements
Info    : 0.20 < quality < 0.30 :         0 elements
Info    : 0.30 < quality < 0.40 :        63 elements
Info    : 0.40 < quality < 0.50 :       102 elements
Info    : 0.50 < quality < 0.60 :       175 elements
Info    : 0.60 < quality < 0.70 :       598 elements
Info    : 0.70 < quality < 0.80 :      1210 elements
Info    : 0.80 < quality < 0.90 :      1640 elements
Info    : 0.90 < quality < 1.00 :       793 elements
Info    : Optimizing volume 30009
Info    : Optimization starts (volume = 4.8e-06) with worst = 0.011578 / average = 0.775287:
Info    : 0.00 < quality < 0.10 :         6 elements
Info    : 0.10 < quality < 0.20 :        25 elements
Info    : 0.20 < quality < 0.30 :        21 elements
Info    : 0.30 < quality < 0.40 :        38 elements
Info    : 0.40 < quality < 0.50 :        53 elements
Info    : 0.50 < quality < 0.60 :       126 elements
Info    : 0.60 < quality < 0.70 :       455 elements
Info    : 0.70 < quality < 0.80 :       883 elements
Info    : 0.80 < quality < 0.90 :      1087 elements
Info    : 0.90 < quality < 1.00 :       491 elements
Info    : 52 edge swaps, 1 node relocations (volume = 4.8e-06): worst = 0.213303 / average = 0.786177 (Wall 0.000468076s, CPU 0.000464s)
Info    : 53 edge swaps, 1 node relocations (volume = 4.8e-06): worst = 0.304678 / average = 0.786438 (Wall 0.000597294s, CPU 0.000592s)
Info    : No ill-shaped tets in the mesh :-)
Info    : 0.00 < quality < 0.10 :         0 elements
Info    : 0.10 < quality < 0.20 :         0 elements
Info    : 0.20 < quality < 0.30 :         0 elements
Info    : 0.30 < quality < 0.40 :        38 elements
Info    : 0.40 < quality < 0.50 :        48 elements
Info    : 0.50 < quality < 0.60 :       118 elements
Info    : 0.60 < quality < 0.70 :       448 elements
Info    : 0.70 < quality < 0.80 :       896 elements
Info    : 0.80 < quality < 0.90 :      1093 elements
Info    : 0.90 < quality < 1.00 :       494 elements
Info    : Optimizing volume 30010
Info    : Optimization starts (volume = 4.8e-06) with worst = 0.0237338 / average = 0.773565:
Info    : 0.00 < quality < 0.10 :        11 elements
Info    : 0.10 < quality < 0.20 :        27 elements
Info    : 0.20 < quality < 0.30 :        31 elements
Info    : 0.30 < quality < 0.40 :        49 elements
Info    : 0.40 < quality < 0.50 :        58 elements
Info    : 0.50 < quality < 0.60 :       127 elements
Info    : 0.60 < quality < 0.70 :       423 elements
Info    : 0.70 < quality < 0.80 :       818 elements
Info    : 0.80 < quality < 0.90 :      1087 elements
Info    : 0.90 < quality < 1.00 :       542 elements
Info    : 69 edge swaps, 3 node relocations (volume = 4.8e-06): worst = 0.300196 / average = 0.787284 (Wall 0.000601581s, CPU 0.0006s)
Info    : No ill-shaped tets in the mesh :-)
Info    : 0.00 < quality < 0.10 :         0 elements
Info    : 0.10 < quality < 0.20 :         0 elements
Info    : 0.20 < quality < 0.30 :         0 elements
Info    : 0.30 < quality < 0.40 :        49 elements
Info    : 0.40 < quality < 0.50 :        63 elements
Info    : 0.50 < quality < 0.60 :       123 elements
Info    : 0.60 < quality < 0.70 :       412 elements
Info    : 0.70 < quality < 0.80 :       819 elements
Info    : 0.80 < quality < 0.90 :      1101 elements
Info    : 0.90 < quality < 1.00 :       545 elements
Info    : Optimizing volume 30011
Info    : Optimization starts (volume = 7.2e-06) with worst = 0.0155764 / average = 0.778307:
Info    : 0.00 < quality < 0.10 :         7 elements
Info    : 0.10 < quality < 0.20 :        32 elements
Info    : 0.20 < quality < 0.30 :        37 elements
Info    : 0.30 < quality < 0.40 :        65 elements
Info    : 0.40 < quality < 0.50 :        89 elements
Info    : 0.50 < quality < 0.60 :       222 elements
Info    : 0.60 < quality < 0.70 :       598 elements
Info    : 0.70 < quality < 0.80 :      1130 elements
Info    : 0.80 < quality < 0.90 :      1664 elements
Info    : 0.90 < quality < 1.00 :       792 elements
Info    : 76 edge swaps, 1 node relocations (volume = 7.2e-06): worst = 0.289848 / average = 0.788737 (Wall 0.000753372s, CPU 0.000752s)
Info    : 77 edge swaps, 1 node relocations (volume = 7.2e-06): worst = 0.300754 / average = 0.788891 (Wall 0.000948586s, CPU 0.000947s)
Info    : No ill-shaped tets in the mesh :-)
Info    : 0.00 < quality < 0.10 :         0 elements
Info    : 0.10 < quality < 0.20 :         0 elements
Info    : 0.20 < quality < 0.30 :         0 elements
Info    : 0.30 < quality < 0.40 :        63 elements
Info    : 0.40 < quality < 0.50 :        84 elements
Info    : 0.50 < quality < 0.60 :       212 elements
Info    : 0.60 < quality < 0.70 :       601 elements
Info    : 0.70 < quality < 0.80 :      1144 elements
Info    : 0.80 < quality < 0.90 :      1673 elements
Info    : 0.90 < quality < 1.00 :       789 elements
Info    : Optimizing volume 30012
Info    : Optimization starts (volume = 7.2e-06) with worst = 0.0245483 / average = 0.77958:
Info    : 0.00 < quality < 0.10 :         8 elements
Info    : 0.10 < quality < 0.20 :        28 elements
Info    : 0.20 < quality < 0.30 :        43 elements
Info    : 0.30 < quality < 0.40 :        85 elements
Info    : 0.40 < quality < 0.50 :        93 elements
Info    : 0.50 < quality < 0.60 :       194 elements
Info    : 0.60 < quality < 0.70 :       619 elements
Info    : 0.70 < quality < 0.80 :      1085 elements
Info    : 0.80 < quality < 0.90 :      1759 elements
Info    : 0.90 < quality < 1.00 :       819 elements
Info    : 78 edge swaps, 0 node relocations (volume = 7.2e-06): worst = 0.155545 / average = 0.789991 (Wall 0.00075778s, CPU 0.000756s)
Info    : 79 edge swaps, 0 node relocations (volume = 7.2e-06): worst = 0.301087 / average = 0.790104 (Wall 0.000956561s, CPU 0.000955s)
Info    : No ill-shaped tets in the mesh :-)
Info    : 0.00 < quality < 0.10 :         0 elements
Info    : 0.10 < quality < 0.20 :         0 elements
Info    : 0.20 < quality < 0.30 :         0 elements
Info    : 0.30 < quality < 0.40 :        84 elements
Info    : 0.40 < quality < 0.50 :        90 elements
Info    : 0.50 < quality < 0.60 :       192 elements
Info    : 0.60 < quality < 0.70 :       615 elements
Info    : 0.70 < quality < 0.80 :      1088 elements
Info    : 0.80 < quality < 0.90 :      1768 elements
Info    : 0.90 < quality < 1.00 :       824 elements
Info    : Optimizing volume 40001
Info    : Optimization starts (volume = 3.04e-06) with worst = 0.0166395 / average = 0.764773:
Info    : 0.00 < quality < 0.10 :        11 elements
Info    : 0.10 < quality < 0.20 :        20 elements
Info    : 0.20 < quality < 0.30 :        16 elements
Info    : 0.30 < quality < 0.40 :        26 elements
Info    : 0.40 < quality < 0.50 :        21 elements
Info    : 0.50 < quality < 0.60 :        76 elements
Info    : 0.60 < quality < 0.70 :       394 elements
Info    : 0.70 < quality < 0.80 :       559 elements
Info    : 0.80 < quality < 0.90 :       650 elements
Info    : 0.90 < quality < 1.00 :       298 elements
Info    : 47 edge swaps, 0 node relocations (volume = 3.04e-06): worst = 0.30279 / average = 0.779863 (Wall 0.000366873s, CPU 0.000367s)
Info    : No ill-shaped tets in the mesh :-)
Info    : 0.00 < quality < 0.10 :         0 elements
Info    : 0.10 < quality < 0.20 :         0 elements
Info    : 0.20 < quality < 0.30 :         0 elements
Info    : 0.30 < quality < 0.40 :        24 elements
Info    : 0.40 < quality < 0.50 :        19 elements
Info    : 0.50 < quality < 0.60 :        84 elements
Info    : 0.60 < quality < 0.70 :       374 elements
Info    : 0.70 < quality < 0.80 :       567 elements
Info    : 0.80 < quality < 0.90 :       659 elements
Info    : 0.90 < quality < 1.00 :       300 elements
Info    : Optimizing volume 40002
Info    : Optimization starts (volume = 3.04e-06) with worst = 0.0215393 / average = 0.763803:
Info    : 0.00 < quality < 0.10 :         8 elements
Info    : 0.10 < quality < 0.20 :        23 elements
Info    : 0.20 < quality < 0.30 :        27 elements
Info    : 0.30 < quality < 0.40 :        18 elements
Info    : 0.40 < quality < 0.50 :        40 elements
Info    : 0.50 < quality < 0.60 :       107 elements
Info    : 0.60 < quality < 0.70 :       352 elements
Info    : 0.70 < quality < 0.80 :       559 elements
Info    : 0.80 < quality < 0.90 :       659 elements
Info    : 0.90 < quality < 1.00 :       330 elements
Info    : 56 edge swaps, 1 node relocations (volume = 3.04e-06): worst = 0.215785 / average = 0.781224 (Wall 0.000447577s, CPU 0.000447s)
Info    : 57 edge swaps, 1 node relocations (volume = 3.04e-06): worst = 0.301447 / average = 0.781591 (Wall 0.000528672s, CPU 0.000528s)
Info    : No ill-shaped tets in the mesh :-)
Info    : 0.00 < quality < 0.10 :         0 elements
Info    : 0.10 < quality < 0.20 :         0 elements
Info    : 0.20 < quality < 0.30 :         0 elements
Info    : 0.30 < quality < 0.40 :        18 elements
Info    : 0.40 < quality < 0.50 :        41 elements
Info    : 0.50 < quality < 0.60 :       100 elements
Info    : 0.60 < quality < 0.70 :       345 elements
Info    : 0.70 < quality < 0.80 :       561 elements
Info    : 0.80 < quality < 0.90 :       673 elements
Info    : 0.90 < quality < 1.00 :       331 elements
Info    : Optimizing volume 40003
Info    : Optimization starts (volume = 4.256e-06) with worst = 0.00960799 / average = 0.771123:
Info    : 0.00 < quality < 0.10 :         9 elements
Info    : 0.10 < quality < 0.20 :        28 elements
Info    : 0.20 < quality < 0.30 :        36 elements
Info    : 0.30 < quality < 0.40 :        29 elements
Info    : 0.40 < quality < 0.50 :        47 elements
Info    : 0.50 < quality < 0.60 :        97 elements
Info    : 0.60 < quality < 0.70 :       432 elements
Info    : 0.70 < quality < 0.80 :       709 elements
Info    : 0.80 < quality < 0.90 :       904 elements
Info    : 0.90 < quality < 1.00 :       472 elements
Info    : 72 edge swaps, 2 node relocations (volume = 4.256e-06): worst = 0.275688 / average = 0.788816 (Wall 0.00058497s, CPU 0.000583s)
Info    : 73 edge swaps, 2 node relocations (volume = 4.256e-06): worst = 0.304444 / average = 0.789062 (Wall 0.00069461s, CPU 0.000693s)
Info    : No ill-shaped tets in the mesh :-)
Info    : 0.00 < quality < 0.10 :         0 elements
Info    : 0.10 < quality < 0.20 :         0 elements
Info    : 0.20 < quality < 0.30 :         0 elements
Info    : 0.30 < quality < 0.40 :        25 elements
Info    : 0.40 < quality < 0.50 :        44 elements
Info    : 0.50 < quality < 0.60 :        96 elements
Info    : 0.60 < quality < 0.70 :       418 elements
Info    : 0.70 < quality < 0.80 :       719 elements
Info    : 0.80 < quality < 0.90 :       918 elements
Info    : 0.90 < quality < 1.00 :       474 elements
Info    : Optimizing volume 40004
Info    : Optimization starts (volume = 4.256e-06) with worst = 0.0127839 / average = 0.767756:
Info    : 0.00 < quality < 0.10 :         6 elements
Info    : 0.10 < quality < 0.20 :        31 elements
Info    : 0.20 < quality < 0.30 :        25 elements
Info    : 0.30 < quality < 0.40 :        46 elements
Info    : 0.40 < quality < 0.50 :        43 elements
Info    : 0.50 < quality < 0.60 :       125 elements
Info    : 0.60 < quality < 0.70 :       443 elements
Info    : 0.70 < quality < 0.80 :       744 elements
Info    : 0.80 < quality < 0.90 :       883 elements
Info    : 0.90 < quality < 1.00 :       485 elements
Info    : 61 edge swaps, 0 node relocations (volume = 4.256e-06): worst = 0.300005 / average = 0.781962 (Wall 0.000528361s, CPU 0.000527s)
Info    : No ill-shaped tets in the mesh :-)
Info    : 0.00 < quality < 0.10 :         0 elements
Info    : 0.10 < quality < 0.20 :         0 elements
Info    : 0.20 < quality < 0.30 :         0 elements
Info    : 0.30 < quality < 0.40 :        43 elements
Info    : 0.40 < quality < 0.50 :        45 elements
Info    : 0.50 < quality < 0.60 :       120 elements
Info    : 0.60 < quality < 0.70 :       433 elements
Info    : 0.70 < quality < 0.80 :       756 elements
Info    : 0.80 < quality < 0.90 :       894 elements
Info    : 0.90 < quality < 1.00 :       483 elements
Info    : Optimizing volume 40005
Info    : Optimization starts (volume = 3.04e-06) with worst = 0.0293577 / average = 0.763672:
Info    : 0.00 < quality < 0.10 :         7 elements
Info    : 0.10 < quality < 0.20 :        19 elements
Info    : 0.20 < quality < 0.30 :        22 elements
Info    : 0.30 < quality < 0.40 :        27 elements
Info    : 0.40 < quality < 0.50 :        49 elements
Info    : 0.50 < quality < 0.60 :        83 elements
Info    : 0.60 < quality < 0.70 :       362 elements
Info    : 0.70 < quality < 0.80 :       578 elements
Info    : 0.80 < quality < 0.90 :       669 elements
Info    : 0.90 < quality < 1.00 :       324 elements
Info    : 48 edge swaps, 0 node relocations (volume = 3.04e-06): worst = 0.297135 / average = 0.778295 (Wall 0.000386109s, CPU 0.000386s)
Info    : 49 edge swaps, 0 node relocations (volume = 3.04e-06): worst = 0.30599 / average = 0.778199 (Wall 0.000466523s, CPU 0.000467s)
Info    : No ill-shaped tets in the mesh :-)
Info    : 0.00 < quality < 0.10 :         0 elements
Info    : 0.10 < quality < 0.20 :         0 elements
Info    : 0.20 < quality < 0.30 :         0 elements
Info    : 0.30 < quality < 0.40 :        23 elements
Info    : 0.40 < quality < 0.50 :        45 elements
Info    : 0.50 < quality < 0.60 :        83 elements
Info    : 0.60 < quality < 0.70 :       373 elements
Info    : 0.70 < quality < 0.80 :       576 elements
Info    : 0.80 < quality < 0.90 :       669 elements
Info    : 0.90 < quality < 1.00 :       327 elements
Info    : Optimizing volume 40006
Info    : Optimization starts (volume = 3.04e-06) with worst = 0.00825509 / average = 0.768141:
Info    : 0.00 < quality < 0.10 :         8 elements
Info    : 0.10 < quality < 0.20 :        23 elements
Info    : 0.20 < quality < 0.30 :        18 elements
Info    : 0.30 < quality < 0.40 :        27 elements
Info    : 0.40 < quality < 0.50 :        32 elements
Info    : 0.50 < quality < 0.60 :        75 elements
Info    : 0.60 < quality < 0.70 :       369 elements
Info    : 0.70 < quality < 0.80 :       560 elements
Info    : 0.80 < quality < 0.90 :       672 elements
Info    : 0.90 < quality < 1.00 :       349 elements
Info    : 48 edge swaps, 2 node relocations (volume = 3.04e-06): worst = 0.300952 / average = 0.783767 (Wall 0.000408612s, CPU 0.000408s)
Info    : No ill-shaped tets in the mesh :-)
Info    : 0.00 < quality < 0.10 :         0 elements
Info    : 0.10 < quality < 0.20 :         0 elements
Info    : 0.20 < quality < 0.30 :         0 elements
Info    : 0.30 < quality < 0.40 :        24 elements
Info    : 0.40 < quality < 0.50 :        29 elements
Info    : 0.50 < quality < 0.60 :        74 elements
Info    : 0.60 < quality < 0.70 :       364 elements
Info    : 0.70 < quality < 0.80 :       563 elements
Info    : 0.80 < quality < 0.90 :       692 elements
Info    : 0.90 < quality < 1.00 :       342 elements
Info    : Optimizing volume 40007
Info    : Optimization starts (volume = 4.256e-06) with worst = 0.0228788 / average = 0.779938:
Info    : 0.00 < quality < 0.10 :         8 elements
Info    : 0.10 < quality < 0.20 :        21 elements
Info    : 0.20 < quality < 0.30 :        21 elements
Info    : 0.30 < quality < 0.40 :        22 elements
Info    : 0.40 < quality < 0.50 :        43 elements
Info    : 0.50 < quality < 0.60 :        99 elements
Info    : 0.60 < quality < 0.70 :       424 elements
Info    : 0.70 < quality < 0.80 :       690 elements
Info    : 0.80 < quality < 0.90 :       951 elements
Info    : 0.90 < quality < 1.00 :       478 elements
Info    : 49 edge swaps, 0 node relocations (volume = 4.256e-06): worst = 0.302271 / average = 0.792244 (Wall 0.000417499s, CPU 0.000417s)
Info    : No ill-shaped tets in the mesh :-)
Info    : 0.00 < quality < 0.10 :         0 elements
Info    : 0.10 < quality < 0.20 :         0 elements
Info    : 0.20 < quality < 0.30 :         0 elements
Info    : 0.30 < quality < 0.40 :        22 elements
Info    : 0.40 < quality < 0.50 :        44 elements
Info    : 0.50 < quality < 0.60 :        99 elements
Info    : 0.60 < quality < 0.70 :       408 elements
Info    : 0.70 < quality < 0.80 :       686 elements
Info    : 0.80 < quality < 0.90 :       975 elements
Info    : 0.90 < quality < 1.00 :       476 elements
Info    : Optimizing volume 40008
Info    : Optimization starts (volume = 4.256e-06) with worst = 0.020877 / average = 0.769676:
Info    : 0.00 < quality < 0.10 :        11 elements
Info    : 0.10 < quality < 0.20 :        24 elements
Info    : 0.20 < quality < 0.30 :        35 elements
Info    : 0.30 < quality < 0.40 :        35 elements
Info    : 0.40 < quality < 0.50 :        53 elements
Info    : 0.50 < quality < 0.60 :       105 elements
Info    : 0.60 < quality < 0.70 :       448 elements
Info    : 0.70 < quality < 0.80 :       701 elements
Info    : 0.80 < quality < 0.90 :       897 elements
Info    : 0.90 < quality < 1.00 :       488 elements
Info    : 69 edge swaps, 3 node relocations (volume = 4.256e-06): worst = 0.289892 / average = 0.785705 (Wall 0.000593046s, CPU 0.000579s)
Info    : 70 edge swaps, 3 node relocations (volume = 4.256e-06): worst = 0.303176 / average = 0.78564 (Wall 0.000703427s, CPU 0.00069s)
Info    : No ill-shaped tets in the mesh :-)
Info    : 0.00 < quality < 0.10 :         0 elements
Info    : 0.10 < quality < 0.20 :         0 elements
Info    : 0.20 < quality < 0.30 :         0 elements
Info    : 0.30 < quality < 0.40 :        34 elements
Info    : 0.40 < quality < 0.50 :        48 elements
Info    : 0.50 < quality < 0.60 :       102 elements
Info    : 0.60 < quality < 0.70 :       440 elements
Info    : 0.70 < quality < 0.80 :       723 elements
Info    : 0.80 < quality < 0.90 :       902 elements
Info    : 0.90 < quality < 1.00 :       486 elements
Info    : Optimizing volume 40009
Info    : Optimization starts (volume = 3.04e-06) with worst = 0.00876431 / average = 0.757378:
Info    : 0.00 < quality < 0.10 :        10 elements
Info    : 0.10 < quality < 0.20 :        22 elements
Info    : 0.20 < quality < 0.30 :        20 elements
Info    : 0.30 < quality < 0.40 :        35 elements
Info    : 0.40 < quality < 0.50 :        60 elements
Info    : 0.50 < quality < 0.60 :        88 elements
Info    : 0.60 < quality < 0.70 :       355 elements
Info    : 0.70 < quality < 0.80 :       546 elements
Info    : 0.80 < quality < 0.90 :       635 elements
Info    : 0.90 < quality < 1.00 :       313 elements
Info    : 52 edge swaps, 2 node relocations (volume = 3.04e-06): worst = 0.276078 / average = 0.773717 (Wall 0.000422299s, CPU 0.000421s)
Info    : 53 edge swaps, 2 node relocations (volume = 3.04e-06): worst = 0.300334 / average = 0.774156 (Wall 0.00050115s, CPU 0.0005s)
Info    : No ill-shaped tets in the mesh :-)
Info    : 0.00 < quality < 0.10 :         0 elements
Info    : 0.10 < quality < 0.20 :         0 elements
Info    : 0.20 < quality < 0.30 :         0 elements
Info    : 0.30 < quality < 0.40 :        36 elements
Info    : 0.40 < quality < 0.50 :        56 elements
Info    : 0.50 < quality < 0.60 :        90 elements
Info    : 0.60 < quality < 0.70 :       343 elements
Info    : 0.70 < quality < 0.80 :       546 elements
Info    : 0.80 < quality < 0.90 :       650 elements
Info    : 0.90 < quality < 1.00 :       315 elements
Info    : Optimizing volume 40010
Info    : Optimization starts (volume = 3.04e-06) with worst = 0.00950219 / average = 0.763882:
Info    : 0.00 < quality < 0.10 :         6 elements
Info    : 0.10 < quality < 0.20 :        21 elements
Info    : 0.20 < quality < 0.30 :        19 elements
Info    : 0.30 < quality < 0.40 :        26 elements
Info    : 0.40 < quality < 0.50 :        40 elements
Info    : 0.50 < quality < 0.60 :        87 elements
Info    : 0.60 < quality < 0.70 :       384 elements
Info    : 0.70 < quality < 0.80 :       540 elements
Info    : 0.80 < quality < 0.90 :       656 elements
Info    : 0.90 < quality < 1.00 :       331 elements
Info    : 45 edge swaps, 0 node relocations (volume = 3.04e-06): worst = 0.30201 / average = 0.778759 (Wall 0.000369657s, CPU 0.00037s)
Info    : No ill-shaped tets in the mesh :-)
Info    : 0.00 < quality < 0.10 :         0 elements
Info    : 0.10 < quality < 0.20 :         0 elements
Info    : 0.20 < quality < 0.30 :         0 elements
Info    : 0.30 < quality < 0.40 :        23 elements
Info    : 0.40 < quality < 0.50 :        40 elements
Info    : 0.50 < quality < 0.60 :        78 elements
Info    : 0.60 < quality < 0.70 :       385 elements
Info    : 0.70 < quality < 0.80 :       543 elements
Info    : 0.80 < quality < 0.90 :       667 elements
Info    : 0.90 < quality < 1.00 :       330 elements
Info    : Optimizing volume 40011
Info    : Optimization starts (volume = 4.256e-06) with worst = 0.0294561 / average = 0.778215:
Info    : 0.00 < quality < 0.10 :         5 elements
Info    : 0.10 < quality < 0.20 :        29 elements
Info    : 0.20 < quality < 0.30 :        23 elements
Info    : 0.30 < quality < 0.40 :        30 elements
Info    : 0.40 < quality < 0.50 :        42 elements
Info    : 0.50 < quality < 0.60 :       124 elements
Info    : 0.60 < quality < 0.70 :       408 elements
Info    : 0.70 < quality < 0.80 :       682 elements
Info    : 0.80 < quality < 0.90 :       962 elements
Info    : 0.90 < quality < 1.00 :       514 elements
Info    : 56 edge swaps, 6 node relocations (volume = 4.256e-06): worst = 0.182918 / average = 0.791873 (Wall 0.000516389s, CPU 0.000514s)
Info    : 59 edge swaps, 6 node relocations (volume = 4.256e-06): worst = 0.308382 / average = 0.792551 (Wall 0.000646979s, CPU 0.000645s)
Info    : No ill-shaped tets in the mesh :-)
Info    : 0.00 < quality < 0.10 :         0 elements
Info    : 0.10 < quality < 0.20 :         0 elements
Info    : 0.20 < quality < 0.30 :         0 elements
Info    : 0.30 < quality < 0.40 :        29 elements
Info    : 0.40 < quality < 0.50 :        42 elements
Info    : 0.50 < quality < 0.60 :       107 elements
Info    : 0.60 < quality < 0.70 :       399 elements
Info    : 0.70 < quality < 0.80 :       693 elements
Info    : 0.80 < quality < 0.90 :       975 elements
Info    : 0.90 < quality < 1.00 :       520 elements
Info    : Optimizing volume 40012
Info    : Optimization starts (volume = 4.256e-06) with worst = 0.0459979 / average = 0.768889:
Info    : 0.00 < quality < 0.10 :         8 elements
Info    : 0.10 < quality < 0.20 :        32 elements
Info    : 0.20 < quality < 0.30 :        25 elements
Info    : 0.30 < quality < 0.40 :        39 elements
Info    : 0.40 < quality < 0.50 :        45 elements
Info    : 0.50 < quality < 0.60 :       128 elements
Info    : 0.60 < quality < 0.70 :       442 elements
Info    : 0.70 < quality < 0.80 :       720 elements
Info    : 0.80 < quality < 0.90 :       907 elements
Info    : 0.90 < quality < 1.00 :       468 elements
Info    : 64 edge swaps, 6 node relocations (volume = 4.256e-06): worst = 0.301396 / average = 0.783799 (Wall 0.000549673s, CPU 0.000548s)
Info    : No ill-shaped tets in the mesh :-)
Info    : 0.00 < quality < 0.10 :         0 elements
Info    : 0.10 < quality < 0.20 :         0 elements
Info    : 0.20 < quality < 0.30 :         0 elements
Info    : 0.30 < quality < 0.40 :        37 elements
Info    : 0.40 < quality < 0.50 :        43 elements
Info    : 0.50 < quality < 0.60 :       132 elements
Info    : 0.60 < quality < 0.70 :       428 elements
Info    : 0.70 < quality < 0.80 :       734 elements
Info    : 0.80 < quality < 0.90 :       912 elements
Info    : 0.90 < quality < 1.00 :       471 elements
Info    : Optimizing volume 40013
Info    : Optimization starts (volume = 0.0140868) with worst = 0.00214069 / average = 0.738581:
Info    : 0.00 < quality < 0.10 :      2814 elements
Info    : 0.10 < quality < 0.20 :      8244 elements
Info    : 0.20 < quality < 0.30 :     17219 elements
Info    : 0.30 < quality < 0.40 :     30450 elements
Info    : 0.40 < quality < 0.50 :     45747 elements
Info    : 0.50 < quality < 0.60 :     68628 elements
Info    : 0.60 < quality < 0.70 :    118372 elements
Info    : 0.70 < quality < 0.80 :    224344 elements
Info    : 0.80 < quality < 0.90 :    291654 elements
Info    : 0.90 < quality < 1.00 :    134685 elements
Info    : 23266 edge swaps, 2922 node relocations (volume = 0.0140868): worst = 0.0795153 / average = 0.750958 (Wall 0.675561s, CPU 0.674387s)
Info    : 24727 edge swaps, 3653 node relocations (volume = 0.0140868): worst = 0.128678 / average = 0.751249 (Wall 0.979374s, CPU 0.97738s)
Info    : 25068 edge swaps, 3960 node relocations (volume = 0.0140868): worst = 0.128678 / average = 0.751317 (Wall 1.26192s, CPU 1.2592s)
Info    : No ill-shaped tets in the mesh :-)
Info    : 0.00 < quality < 0.10 :         0 elements
Info    : 0.10 < quality < 0.20 :       132 elements
Info    : 0.20 < quality < 0.30 :      2605 elements
Info    : 0.30 < quality < 0.40 :     32484 elements
Info    : 0.40 < quality < 0.50 :     47224 elements
Info    : 0.50 < quality < 0.60 :     69590 elements
Info    : 0.60 < quality < 0.70 :    119307 elements
Info    : 0.70 < quality < 0.80 :    225273 elements
Info    : 0.80 < quality < 0.90 :    292679 elements
Info    : 0.90 < quality < 1.00 :    133215 elements
Info    : Done optimizing mesh (Wall 2.93556s, CPU 2.88604s)
Info    : 215830 nodes 1479277 elements
Info    : Writing '/output/31cd83d8836b1eac7ca1eeee/motor.msh'...
Info    : Done writing '/output/31cd83d8836b1eac7ca1eeee/motor.msh'
Info    : Stopped on Sun Aug 16 19:39:06 2026 (From start: Wall 25.5883s, CPU 25.6593s)
