{
  "schemaVersion": "solver-environment-v1",
  "software": {"gmsh": "4.8.4", "getdp": "3.5.0"},
  "image": {"reference": "opensimphy-edwin-gray-fem@sha256:27f6e63f74e9d33b0071820a6b0765d4cac1578e0dcf7c748cebe7f6770f2b2d", "revision": "817d122-source-v2"},
  "source": {"kind": "debian-snapshot+getdp-official-sha256", "baseImage": "debian@sha256:362e64223cc0da95422b3b13c045186fc0a81250e765d31c025fbddf257f6143", "debianSnapshot": "20260804T000000Z", "gmshPackage": "4.8.4+ds2-3", "getdpPackage": "official-3.5.0"},
  "architecture": {"os": "linux", "debian": "amd64", "kernel": "x86_64"},
  "execution": {"command": "gmsh", "options": ["/output/8fa4d3763c22e432fa648f26/geometry-wrapper.geo","-3","-nt","1","-format","msh4","-o","/output/8fa4d3763c22e432fa648f26/motor.msh"], "threadCount": 1},
  "runner": {"revision": "6dafb09f4f8ad45d2aae3c8bc5ceb9af274f2994", "sourceRevision": "0df2f6aca645b53a2ba28847c08273311fdfd3ff5a56928438575d3537f608b5"}
}
Info    : Running 'gmsh /output/8fa4d3763c22e432fa648f26/geometry-wrapper.geo -3 -nt 1 -format msh4 -o /output/8fa4d3763c22e432fa648f26/motor.msh' [Gmsh 4.8.4, 1 node, max. 1 thread]
Info    : Started on Sun Aug 16 19:42:13 2026
Info    : Reading '/output/8fa4d3763c22e432fa648f26/geometry-wrapper.geo'...
Info    : Reading '/workspace/geometry/patent-3890548-3d.geo'...
Info    : Done reading '/workspace/geometry/patent-3890548-3d.geo'
Info    : Done reading '/output/8fa4d3763c22e432fa648f26/geometry-wrapper.geo'
Info    : Meshing 1D...
Info    : [  0%] Meshing curve 28 (Line)
Info    : [ 10%] Meshing curve 29 (Line)
Info    : [ 10%] Meshing curve 30 (Line)
Info    : [ 10%] Meshing curve 31 (Line)
Info    : [ 10%] Meshing curve 32 (Line)
Info    : [ 10%] Meshing curve 33 (Line)
Info    : [ 10%] Meshing curve 34 (Line)
Info    : [ 10%] Meshing curve 35 (Line)
Info    : [ 10%] Meshing curve 36 (Line)
Info    : [ 10%] Meshing curve 37 (Line)
Info    : [ 10%] Meshing curve 38 (Line)
Info    : [ 10%] Meshing curve 39 (Line)
Info    : [ 10%] Meshing curve 40 (Line)
Info    : [ 10%] Meshing curve 41 (Line)
Info    : [ 10%] Meshing curve 42 (Line)
Info    : [ 10%] Meshing curve 43 (Line)
Info    : [ 10%] Meshing curve 44 (Line)
Info    : [ 10%] Meshing curve 45 (Line)
Info    : [ 10%] Meshing curve 46 (Line)
Info    : [ 10%] Meshing curve 47 (Line)
Info    : [ 10%] Meshing curve 48 (Line)
Info    : [ 10%] Meshing curve 49 (Line)
Info    : [ 10%] Meshing curve 50 (Line)
Info    : [ 10%] Meshing curve 51 (Line)
Info    : [ 10%] Meshing curve 76 (Line)
Info    : [ 10%] Meshing curve 77 (Line)
Info    : [ 10%] Meshing curve 78 (Line)
Info    : [ 10%] Meshing curve 79 (Line)
Info    : [ 10%] Meshing curve 80 (Line)
Info    : [ 10%] Meshing curve 81 (Line)
Info    : [ 10%] Meshing curve 82 (Line)
Info    : [ 10%] Meshing curve 83 (Line)
Info    : [ 10%] Meshing curve 84 (Line)
Info    : [ 10%] Meshing curve 85 (Line)
Info    : [ 10%] Meshing curve 86 (Line)
Info    : [ 10%] Meshing curve 87 (Line)
Info    : [ 10%] Meshing curve 88 (Line)
Info    : [ 10%] Meshing curve 89 (Line)
Info    : [ 10%] Meshing curve 90 (Line)
Info    : [ 10%] Meshing curve 91 (Line)
Info    : [ 10%] Meshing curve 92 (Line)
Info    : [ 10%] Meshing curve 93 (Line)
Info    : [ 10%] Meshing curve 94 (Line)
Info    : [ 10%] Meshing curve 95 (Line)
Info    : [ 10%] Meshing curve 96 (Line)
Info    : [ 10%] Meshing curve 97 (Line)
Info    : [ 10%] Meshing curve 98 (Line)
Info    : [ 10%] Meshing curve 99 (Line)
Info    : [ 10%] Meshing curve 124 (Line)
Info    : [ 10%] Meshing curve 125 (Line)
Info    : [ 10%] Meshing curve 126 (Line)
Info    : [ 10%] Meshing curve 127 (Line)
Info    : [ 10%] Meshing curve 128 (Line)
Info    : [ 10%] Meshing curve 129 (Line)
Info    : [ 10%] Meshing curve 130 (Line)
Info    : [ 10%] Meshing curve 131 (Line)
Info    : [ 10%] Meshing curve 132 (Line)
Info    : [ 10%] Meshing curve 133 (Line)
Info    : [ 10%] Meshing curve 134 (Line)
Info    : [ 10%] Meshing curve 135 (Line)
Info    : [ 10%] Meshing curve 136 (Line)
Info    : [ 10%] Meshing curve 137 (Line)
Info    : [ 10%] Meshing curve 138 (Line)
Info    : [ 10%] Meshing curve 139 (Line)
Info    : [ 10%] Meshing curve 140 (Line)
Info    : [ 10%] Meshing curve 141 (Line)
Info    : [ 10%] Meshing curve 142 (Line)
Info    : [ 10%] Meshing curve 143 (Line)
Info    : [ 10%] Meshing curve 144 (Line)
Info    : [ 10%] Meshing curve 145 (Line)
Info    : [ 10%] Meshing curve 146 (Line)
Info    : [ 10%] Meshing curve 147 (Line)
Info    : [ 10%] Meshing curve 172 (Line)
Info    : [ 10%] Meshing curve 173 (Line)
Info    : [ 10%] Meshing curve 174 (Line)
Info    : [ 10%] Meshing curve 175 (Line)
Info    : [ 10%] Meshing curve 176 (Line)
Info    : [ 10%] Meshing curve 177 (Line)
Info    : [ 10%] Meshing curve 178 (Line)
Info    : [ 10%] Meshing curve 179 (Line)
Info    : [ 10%] Meshing curve 180 (Line)
Info    : [ 10%] Meshing curve 181 (Line)
Info    : [ 10%] Meshing curve 182 (Line)
Info    : [ 10%] Meshing curve 183 (Line)
Info    : [ 10%] Meshing curve 184 (Line)
Info    : [ 10%] Meshing curve 185 (Line)
Info    : [ 10%] Meshing curve 186 (Line)
Info    : [ 10%] Meshing curve 187 (Line)
Info    : [ 10%] Meshing curve 188 (Line)
Info    : [ 10%] Meshing curve 189 (Line)
Info    : [ 10%] Meshing curve 190 (Line)
Info    : [ 10%] Meshing curve 191 (Line)
Info    : [ 10%] Meshing curve 192 (Line)
Info    : [ 10%] Meshing curve 193 (Line)
Info    : [ 10%] Meshing curve 194 (Line)
Info    : [ 10%] Meshing curve 195 (Line)
Info    : [ 10%] Meshing curve 220 (Line)
Info    : [ 10%] Meshing curve 221 (Line)
Info    : [ 10%] Meshing curve 222 (Line)
Info    : [ 10%] Meshing curve 223 (Line)
Info    : [ 10%] Meshing curve 224 (Line)
Info    : [ 10%] Meshing curve 225 (Line)
Info    : [ 10%] Meshing curve 226 (Line)
Info    : [ 10%] Meshing curve 227 (Line)
Info    : [ 10%] Meshing curve 228 (Line)
Info    : [ 10%] Meshing curve 229 (Line)
Info    : [ 10%] Meshing curve 230 (Line)
Info    : [ 10%] Meshing curve 231 (Line)
Info    : [ 10%] Meshing curve 232 (Line)
Info    : [ 10%] Meshing curve 233 (Line)
Info    : [ 10%] Meshing curve 234 (Line)
Info    : [ 10%] Meshing curve 235 (Line)
Info    : [ 10%] Meshing curve 236 (Line)
Info    : [ 10%] Meshing curve 237 (Line)
Info    : [ 10%] Meshing curve 238 (Line)
Info    : [ 10%] Meshing curve 239 (Line)
Info    : [ 20%] Meshing curve 240 (Line)
Info    : [ 20%] Meshing curve 241 (Line)
Info    : [ 20%] Meshing curve 242 (Line)
Info    : [ 20%] Meshing curve 243 (Line)
Info    : [ 20%] Meshing curve 268 (Line)
Info    : [ 20%] Meshing curve 269 (Line)
Info    : [ 20%] Meshing curve 270 (Line)
Info    : [ 20%] Meshing curve 271 (Line)
Info    : [ 20%] Meshing curve 272 (Line)
Info    : [ 20%] Meshing curve 273 (Line)
Info    : [ 20%] Meshing curve 274 (Line)
Info    : [ 20%] Meshing curve 275 (Line)
Info    : [ 20%] Meshing curve 276 (Line)
Info    : [ 20%] Meshing curve 277 (Line)
Info    : [ 20%] Meshing curve 278 (Line)
Info    : [ 20%] Meshing curve 279 (Line)
Info    : [ 20%] Meshing curve 280 (Line)
Info    : [ 20%] Meshing curve 281 (Line)
Info    : [ 20%] Meshing curve 282 (Line)
Info    : [ 20%] Meshing curve 283 (Line)
Info    : [ 20%] Meshing curve 284 (Line)
Info    : [ 20%] Meshing curve 285 (Line)
Info    : [ 20%] Meshing curve 286 (Line)
Info    : [ 20%] Meshing curve 287 (Line)
Info    : [ 20%] Meshing curve 288 (Line)
Info    : [ 20%] Meshing curve 289 (Line)
Info    : [ 20%] Meshing curve 290 (Line)
Info    : [ 20%] Meshing curve 291 (Line)
Info    : [ 20%] Meshing curve 316 (Line)
Info    : [ 20%] Meshing curve 317 (Line)
Info    : [ 20%] Meshing curve 318 (Line)
Info    : [ 20%] Meshing curve 319 (Line)
Info    : [ 20%] Meshing curve 320 (Line)
Info    : [ 20%] Meshing curve 321 (Line)
Info    : [ 20%] Meshing curve 322 (Line)
Info    : [ 20%] Meshing curve 323 (Line)
Info    : [ 20%] Meshing curve 324 (Line)
Info    : [ 20%] Meshing curve 325 (Line)
Info    : [ 20%] Meshing curve 326 (Line)
Info    : [ 20%] Meshing curve 327 (Line)
Info    : [ 20%] Meshing curve 328 (Line)
Info    : [ 20%] Meshing curve 329 (Line)
Info    : [ 20%] Meshing curve 330 (Line)
Info    : [ 20%] Meshing curve 331 (Line)
Info    : [ 20%] Meshing curve 332 (Line)
Info    : [ 20%] Meshing curve 333 (Line)
Info    : [ 20%] Meshing curve 334 (Line)
Info    : [ 20%] Meshing curve 335 (Line)
Info    : [ 20%] Meshing curve 336 (Line)
Info    : [ 20%] Meshing curve 337 (Line)
Info    : [ 20%] Meshing curve 338 (Line)
Info    : [ 20%] Meshing curve 339 (Line)
Info    : [ 20%] Meshing curve 364 (Line)
Info    : [ 20%] Meshing curve 365 (Line)
Info    : [ 20%] Meshing curve 366 (Line)
Info    : [ 20%] Meshing curve 367 (Line)
Info    : [ 20%] Meshing curve 368 (Line)
Info    : [ 20%] Meshing curve 369 (Line)
Info    : [ 20%] Meshing curve 370 (Line)
Info    : [ 20%] Meshing curve 371 (Line)
Info    : [ 20%] Meshing curve 372 (Line)
Info    : [ 20%] Meshing curve 373 (Line)
Info    : [ 20%] Meshing curve 374 (Line)
Info    : [ 20%] Meshing curve 375 (Line)
Info    : [ 20%] Meshing curve 376 (Line)
Info    : [ 20%] Meshing curve 377 (Line)
Info    : [ 20%] Meshing curve 378 (Line)
Info    : [ 20%] Meshing curve 379 (Line)
Info    : [ 20%] Meshing curve 380 (Line)
Info    : [ 20%] Meshing curve 381 (Line)
Info    : [ 20%] Meshing curve 382 (Line)
Info    : [ 20%] Meshing curve 383 (Line)
Info    : [ 20%] Meshing curve 384 (Line)
Info    : [ 20%] Meshing curve 385 (Line)
Info    : [ 20%] Meshing curve 386 (Line)
Info    : [ 20%] Meshing curve 387 (Line)
Info    : [ 20%] Meshing curve 412 (Line)
Info    : [ 20%] Meshing curve 413 (Line)
Info    : [ 20%] Meshing curve 414 (Line)
Info    : [ 20%] Meshing curve 415 (Line)
Info    : [ 20%] Meshing curve 416 (Line)
Info    : [ 20%] Meshing curve 417 (Line)
Info    : [ 20%] Meshing curve 418 (Line)
Info    : [ 20%] Meshing curve 419 (Line)
Info    : [ 20%] Meshing curve 420 (Line)
Info    : [ 20%] Meshing curve 421 (Line)
Info    : [ 20%] Meshing curve 422 (Line)
Info    : [ 20%] Meshing curve 423 (Line)
Info    : [ 20%] Meshing curve 424 (Line)
Info    : [ 20%] Meshing curve 425 (Line)
Info    : [ 20%] Meshing curve 426 (Line)
Info    : [ 20%] Meshing curve 427 (Line)
Info    : [ 20%] Meshing curve 428 (Line)
Info    : [ 20%] Meshing curve 429 (Line)
Info    : [ 20%] Meshing curve 430 (Line)
Info    : [ 20%] Meshing curve 431 (Line)
Info    : [ 20%] Meshing curve 432 (Line)
Info    : [ 20%] Meshing curve 433 (Line)
Info    : [ 20%] Meshing curve 434 (Line)
Info    : [ 20%] Meshing curve 435 (Line)
Info    : [ 20%] Meshing curve 460 (Line)
Info    : [ 20%] Meshing curve 461 (Line)
Info    : [ 20%] Meshing curve 462 (Line)
Info    : [ 20%] Meshing curve 463 (Line)
Info    : [ 20%] Meshing curve 464 (Line)
Info    : [ 20%] Meshing curve 465 (Line)
Info    : [ 20%] Meshing curve 466 (Line)
Info    : [ 20%] Meshing curve 467 (Line)
Info    : [ 20%] Meshing curve 468 (Line)
Info    : [ 20%] Meshing curve 469 (Line)
Info    : [ 20%] Meshing curve 470 (Line)
Info    : [ 20%] Meshing curve 471 (Line)
Info    : [ 20%] Meshing curve 472 (Line)
Info    : [ 20%] Meshing curve 473 (Line)
Info    : [ 20%] Meshing curve 474 (Line)
Info    : [ 20%] Meshing curve 475 (Line)
Info    : [ 30%] Meshing curve 476 (Line)
Info    : [ 30%] Meshing curve 477 (Line)
Info    : [ 30%] Meshing curve 478 (Line)
Info    : [ 30%] Meshing curve 479 (Line)
Info    : [ 30%] Meshing curve 480 (Line)
Info    : [ 30%] Meshing curve 481 (Line)
Info    : [ 30%] Meshing curve 482 (Line)
Info    : [ 30%] Meshing curve 483 (Line)
Info    : [ 30%] Meshing curve 508 (Line)
Info    : [ 30%] Meshing curve 509 (Line)
Info    : [ 30%] Meshing curve 510 (Line)
Info    : [ 30%] Meshing curve 511 (Line)
Info    : [ 30%] Meshing curve 512 (Line)
Info    : [ 30%] Meshing curve 513 (Line)
Info    : [ 30%] Meshing curve 514 (Line)
Info    : [ 30%] Meshing curve 515 (Line)
Info    : [ 30%] Meshing curve 516 (Line)
Info    : [ 30%] Meshing curve 517 (Line)
Info    : [ 30%] Meshing curve 518 (Line)
Info    : [ 30%] Meshing curve 519 (Line)
Info    : [ 30%] Meshing curve 520 (Line)
Info    : [ 30%] Meshing curve 521 (Line)
Info    : [ 30%] Meshing curve 522 (Line)
Info    : [ 30%] Meshing curve 523 (Line)
Info    : [ 30%] Meshing curve 524 (Line)
Info    : [ 30%] Meshing curve 525 (Line)
Info    : [ 30%] Meshing curve 526 (Line)
Info    : [ 30%] Meshing curve 527 (Line)
Info    : [ 30%] Meshing curve 528 (Line)
Info    : [ 30%] Meshing curve 529 (Line)
Info    : [ 30%] Meshing curve 530 (Line)
Info    : [ 30%] Meshing curve 531 (Line)
Info    : [ 30%] Meshing curve 556 (Line)
Info    : [ 30%] Meshing curve 557 (Line)
Info    : [ 30%] Meshing curve 558 (Line)
Info    : [ 30%] Meshing curve 559 (Line)
Info    : [ 30%] Meshing curve 560 (Line)
Info    : [ 30%] Meshing curve 561 (Line)
Info    : [ 30%] Meshing curve 562 (Line)
Info    : [ 30%] Meshing curve 563 (Line)
Info    : [ 30%] Meshing curve 564 (Line)
Info    : [ 30%] Meshing curve 565 (Line)
Info    : [ 30%] Meshing curve 566 (Line)
Info    : [ 30%] Meshing curve 567 (Line)
Info    : [ 30%] Meshing curve 568 (Line)
Info    : [ 30%] Meshing curve 569 (Line)
Info    : [ 30%] Meshing curve 570 (Line)
Info    : [ 30%] Meshing curve 571 (Line)
Info    : [ 30%] Meshing curve 572 (Line)
Info    : [ 30%] Meshing curve 573 (Line)
Info    : [ 30%] Meshing curve 574 (Line)
Info    : [ 30%] Meshing curve 575 (Line)
Info    : [ 30%] Meshing curve 576 (Line)
Info    : [ 30%] Meshing curve 577 (Line)
Info    : [ 30%] Meshing curve 578 (Line)
Info    : [ 30%] Meshing curve 579 (Line)
Info    : [ 30%] Meshing curve 604 (Line)
Info    : [ 30%] Meshing curve 605 (Line)
Info    : [ 30%] Meshing curve 606 (Line)
Info    : [ 30%] Meshing curve 607 (Line)
Info    : [ 30%] Meshing curve 608 (Line)
Info    : [ 30%] Meshing curve 609 (Line)
Info    : [ 30%] Meshing curve 610 (Line)
Info    : [ 30%] Meshing curve 611 (Line)
Info    : [ 30%] Meshing curve 612 (Line)
Info    : [ 30%] Meshing curve 613 (Line)
Info    : [ 30%] Meshing curve 614 (Line)
Info    : [ 30%] Meshing curve 615 (Line)
Info    : [ 30%] Meshing curve 616 (Line)
Info    : [ 30%] Meshing curve 617 (Line)
Info    : [ 30%] Meshing curve 618 (Line)
Info    : [ 30%] Meshing curve 619 (Line)
Info    : [ 30%] Meshing curve 620 (Line)
Info    : [ 30%] Meshing curve 621 (Line)
Info    : [ 30%] Meshing curve 622 (Line)
Info    : [ 30%] Meshing curve 623 (Line)
Info    : [ 30%] Meshing curve 624 (Line)
Info    : [ 30%] Meshing curve 625 (Line)
Info    : [ 30%] Meshing curve 626 (Line)
Info    : [ 30%] Meshing curve 627 (Line)
Info    : [ 30%] Meshing curve 652 (Line)
Info    : [ 30%] Meshing curve 653 (Line)
Info    : [ 30%] Meshing curve 654 (Line)
Info    : [ 30%] Meshing curve 655 (Line)
Info    : [ 30%] Meshing curve 656 (Line)
Info    : [ 30%] Meshing curve 657 (Line)
Info    : [ 30%] Meshing curve 658 (Line)
Info    : [ 30%] Meshing curve 659 (Line)
Info    : [ 30%] Meshing curve 660 (Line)
Info    : [ 30%] Meshing curve 661 (Line)
Info    : [ 30%] Meshing curve 662 (Line)
Info    : [ 30%] Meshing curve 663 (Line)
Info    : [ 30%] Meshing curve 664 (Line)
Info    : [ 30%] Meshing curve 665 (Line)
Info    : [ 30%] Meshing curve 666 (Line)
Info    : [ 30%] Meshing curve 667 (Line)
Info    : [ 30%] Meshing curve 668 (Line)
Info    : [ 30%] Meshing curve 669 (Line)
Info    : [ 30%] Meshing curve 670 (Line)
Info    : [ 30%] Meshing curve 671 (Line)
Info    : [ 30%] Meshing curve 672 (Line)
Info    : [ 30%] Meshing curve 673 (Line)
Info    : [ 30%] Meshing curve 674 (Line)
Info    : [ 30%] Meshing curve 675 (Line)
Info    : [ 30%] Meshing curve 700 (Line)
Info    : [ 30%] Meshing curve 701 (Line)
Info    : [ 30%] Meshing curve 702 (Line)
Info    : [ 30%] Meshing curve 703 (Line)
Info    : [ 30%] Meshing curve 704 (Line)
Info    : [ 30%] Meshing curve 705 (Line)
Info    : [ 30%] Meshing curve 706 (Line)
Info    : [ 30%] Meshing curve 707 (Line)
Info    : [ 30%] Meshing curve 708 (Line)
Info    : [ 30%] Meshing curve 709 (Line)
Info    : [ 30%] Meshing curve 710 (Line)
Info    : [ 40%] Meshing curve 711 (Line)
Info    : [ 40%] Meshing curve 712 (Line)
Info    : [ 40%] Meshing curve 713 (Line)
Info    : [ 40%] Meshing curve 714 (Line)
Info    : [ 40%] Meshing curve 715 (Line)
Info    : [ 40%] Meshing curve 716 (Line)
Info    : [ 40%] Meshing curve 717 (Line)
Info    : [ 40%] Meshing curve 718 (Line)
Info    : [ 40%] Meshing curve 719 (Line)
Info    : [ 40%] Meshing curve 720 (Line)
Info    : [ 40%] Meshing curve 721 (Line)
Info    : [ 40%] Meshing curve 722 (Line)
Info    : [ 40%] Meshing curve 723 (Line)
Info    : [ 40%] Meshing curve 748 (Line)
Info    : [ 40%] Meshing curve 749 (Line)
Info    : [ 40%] Meshing curve 750 (Line)
Info    : [ 40%] Meshing curve 751 (Line)
Info    : [ 40%] Meshing curve 752 (Line)
Info    : [ 40%] Meshing curve 753 (Line)
Info    : [ 40%] Meshing curve 754 (Line)
Info    : [ 40%] Meshing curve 755 (Line)
Info    : [ 40%] Meshing curve 756 (Line)
Info    : [ 40%] Meshing curve 757 (Line)
Info    : [ 40%] Meshing curve 758 (Line)
Info    : [ 40%] Meshing curve 759 (Line)
Info    : [ 40%] Meshing curve 760 (Line)
Info    : [ 40%] Meshing curve 761 (Line)
Info    : [ 40%] Meshing curve 762 (Line)
Info    : [ 40%] Meshing curve 763 (Line)
Info    : [ 40%] Meshing curve 764 (Line)
Info    : [ 40%] Meshing curve 765 (Line)
Info    : [ 40%] Meshing curve 766 (Line)
Info    : [ 40%] Meshing curve 767 (Line)
Info    : [ 40%] Meshing curve 768 (Line)
Info    : [ 40%] Meshing curve 769 (Line)
Info    : [ 40%] Meshing curve 770 (Line)
Info    : [ 40%] Meshing curve 771 (Line)
Info    : [ 40%] Meshing curve 796 (Line)
Info    : [ 40%] Meshing curve 797 (Line)
Info    : [ 40%] Meshing curve 798 (Line)
Info    : [ 40%] Meshing curve 799 (Line)
Info    : [ 40%] Meshing curve 800 (Line)
Info    : [ 40%] Meshing curve 801 (Line)
Info    : [ 40%] Meshing curve 802 (Line)
Info    : [ 40%] Meshing curve 803 (Line)
Info    : [ 40%] Meshing curve 804 (Line)
Info    : [ 40%] Meshing curve 805 (Line)
Info    : [ 40%] Meshing curve 806 (Line)
Info    : [ 40%] Meshing curve 807 (Line)
Info    : [ 40%] Meshing curve 808 (Line)
Info    : [ 40%] Meshing curve 809 (Line)
Info    : [ 40%] Meshing curve 810 (Line)
Info    : [ 40%] Meshing curve 811 (Line)
Info    : [ 40%] Meshing curve 812 (Line)
Info    : [ 40%] Meshing curve 813 (Line)
Info    : [ 40%] Meshing curve 814 (Line)
Info    : [ 40%] Meshing curve 815 (Line)
Info    : [ 40%] Meshing curve 816 (Line)
Info    : [ 40%] Meshing curve 817 (Line)
Info    : [ 40%] Meshing curve 818 (Line)
Info    : [ 40%] Meshing curve 819 (Line)
Info    : [ 40%] Meshing curve 844 (Line)
Info    : [ 40%] Meshing curve 845 (Line)
Info    : [ 40%] Meshing curve 846 (Line)
Info    : [ 40%] Meshing curve 847 (Line)
Info    : [ 40%] Meshing curve 848 (Line)
Info    : [ 40%] Meshing curve 849 (Line)
Info    : [ 40%] Meshing curve 850 (Line)
Info    : [ 40%] Meshing curve 851 (Line)
Info    : [ 40%] Meshing curve 852 (Line)
Info    : [ 40%] Meshing curve 853 (Line)
Info    : [ 40%] Meshing curve 854 (Line)
Info    : [ 40%] Meshing curve 855 (Line)
Info    : [ 40%] Meshing curve 856 (Line)
Info    : [ 40%] Meshing curve 857 (Line)
Info    : [ 40%] Meshing curve 858 (Line)
Info    : [ 40%] Meshing curve 859 (Line)
Info    : [ 40%] Meshing curve 860 (Line)
Info    : [ 40%] Meshing curve 861 (Line)
Info    : [ 40%] Meshing curve 862 (Line)
Info    : [ 40%] Meshing curve 863 (Line)
Info    : [ 40%] Meshing curve 864 (Line)
Info    : [ 40%] Meshing curve 865 (Line)
Info    : [ 40%] Meshing curve 866 (Line)
Info    : [ 40%] Meshing curve 867 (Line)
Info    : [ 40%] Meshing curve 892 (Line)
Info    : [ 40%] Meshing curve 893 (Line)
Info    : [ 40%] Meshing curve 894 (Line)
Info    : [ 40%] Meshing curve 895 (Line)
Info    : [ 40%] Meshing curve 896 (Line)
Info    : [ 40%] Meshing curve 897 (Line)
Info    : [ 40%] Meshing curve 898 (Line)
Info    : [ 40%] Meshing curve 899 (Line)
Info    : [ 40%] Meshing curve 900 (Line)
Info    : [ 40%] Meshing curve 901 (Line)
Info    : [ 40%] Meshing curve 902 (Line)
Info    : [ 40%] Meshing curve 903 (Line)
Info    : [ 40%] Meshing curve 904 (Line)
Info    : [ 40%] Meshing curve 905 (Line)
Info    : [ 40%] Meshing curve 906 (Line)
Info    : [ 40%] Meshing curve 907 (Line)
Info    : [ 40%] Meshing curve 908 (Line)
Info    : [ 40%] Meshing curve 909 (Line)
Info    : [ 40%] Meshing curve 910 (Line)
Info    : [ 40%] Meshing curve 911 (Line)
Info    : [ 40%] Meshing curve 912 (Line)
Info    : [ 40%] Meshing curve 913 (Line)
Info    : [ 40%] Meshing curve 914 (Line)
Info    : [ 40%] Meshing curve 915 (Line)
Info    : [ 40%] Meshing curve 940 (Line)
Info    : [ 40%] Meshing curve 941 (Line)
Info    : [ 40%] Meshing curve 942 (Line)
Info    : [ 40%] Meshing curve 943 (Line)
Info    : [ 40%] Meshing curve 944 (Line)
Info    : [ 40%] Meshing curve 945 (Line)
Info    : [ 40%] Meshing curve 946 (Line)
Info    : [ 50%] Meshing curve 947 (Line)
Info    : [ 50%] Meshing curve 948 (Line)
Info    : [ 50%] Meshing curve 949 (Line)
Info    : [ 50%] Meshing curve 950 (Line)
Info    : [ 50%] Meshing curve 951 (Line)
Info    : [ 50%] Meshing curve 952 (Line)
Info    : [ 50%] Meshing curve 953 (Line)
Info    : [ 50%] Meshing curve 954 (Line)
Info    : [ 50%] Meshing curve 955 (Line)
Info    : [ 50%] Meshing curve 956 (Line)
Info    : [ 50%] Meshing curve 957 (Line)
Info    : [ 50%] Meshing curve 958 (Line)
Info    : [ 50%] Meshing curve 959 (Line)
Info    : [ 50%] Meshing curve 960 (Line)
Info    : [ 50%] Meshing curve 961 (Line)
Info    : [ 50%] Meshing curve 962 (Line)
Info    : [ 50%] Meshing curve 963 (Line)
Info    : [ 50%] Meshing curve 988 (Line)
Info    : [ 50%] Meshing curve 989 (Line)
Info    : [ 50%] Meshing curve 990 (Line)
Info    : [ 50%] Meshing curve 991 (Line)
Info    : [ 50%] Meshing curve 992 (Line)
Info    : [ 50%] Meshing curve 993 (Line)
Info    : [ 50%] Meshing curve 994 (Line)
Info    : [ 50%] Meshing curve 995 (Line)
Info    : [ 50%] Meshing curve 996 (Line)
Info    : [ 50%] Meshing curve 997 (Line)
Info    : [ 50%] Meshing curve 998 (Line)
Info    : [ 50%] Meshing curve 999 (Line)
Info    : [ 50%] Meshing curve 1000 (Line)
Info    : [ 50%] Meshing curve 1001 (Line)
Info    : [ 50%] Meshing curve 1002 (Line)
Info    : [ 50%] Meshing curve 1003 (Line)
Info    : [ 50%] Meshing curve 1004 (Line)
Info    : [ 50%] Meshing curve 1005 (Line)
Info    : [ 50%] Meshing curve 1006 (Line)
Info    : [ 50%] Meshing curve 1007 (Line)
Info    : [ 50%] Meshing curve 1008 (Line)
Info    : [ 50%] Meshing curve 1009 (Line)
Info    : [ 50%] Meshing curve 1010 (Line)
Info    : [ 50%] Meshing curve 1011 (Line)
Info    : [ 50%] Meshing curve 1036 (Line)
Info    : [ 50%] Meshing curve 1037 (Line)
Info    : [ 50%] Meshing curve 1038 (Line)
Info    : [ 50%] Meshing curve 1039 (Line)
Info    : [ 50%] Meshing curve 1040 (Line)
Info    : [ 50%] Meshing curve 1041 (Line)
Info    : [ 50%] Meshing curve 1042 (Line)
Info    : [ 50%] Meshing curve 1043 (Line)
Info    : [ 50%] Meshing curve 1044 (Line)
Info    : [ 50%] Meshing curve 1045 (Line)
Info    : [ 50%] Meshing curve 1046 (Line)
Info    : [ 50%] Meshing curve 1047 (Line)
Info    : [ 50%] Meshing curve 1048 (Line)
Info    : [ 50%] Meshing curve 1049 (Line)
Info    : [ 50%] Meshing curve 1050 (Line)
Info    : [ 50%] Meshing curve 1051 (Line)
Info    : [ 50%] Meshing curve 1052 (Line)
Info    : [ 50%] Meshing curve 1053 (Line)
Info    : [ 50%] Meshing curve 1054 (Line)
Info    : [ 50%] Meshing curve 1055 (Line)
Info    : [ 50%] Meshing curve 1056 (Line)
Info    : [ 50%] Meshing curve 1057 (Line)
Info    : [ 50%] Meshing curve 1058 (Line)
Info    : [ 50%] Meshing curve 1059 (Line)
Info    : [ 50%] Meshing curve 1084 (Line)
Info    : [ 50%] Meshing curve 1085 (Line)
Info    : [ 50%] Meshing curve 1086 (Line)
Info    : [ 50%] Meshing curve 1087 (Line)
Info    : [ 50%] Meshing curve 1088 (Line)
Info    : [ 50%] Meshing curve 1089 (Line)
Info    : [ 50%] Meshing curve 1090 (Line)
Info    : [ 50%] Meshing curve 1091 (Line)
Info    : [ 50%] Meshing curve 1092 (Line)
Info    : [ 50%] Meshing curve 1093 (Line)
Info    : [ 50%] Meshing curve 1094 (Line)
Info    : [ 50%] Meshing curve 1095 (Line)
Info    : [ 50%] Meshing curve 1096 (Line)
Info    : [ 50%] Meshing curve 1097 (Line)
Info    : [ 50%] Meshing curve 1098 (Line)
Info    : [ 50%] Meshing curve 1099 (Line)
Info    : [ 50%] Meshing curve 1100 (Line)
Info    : [ 50%] Meshing curve 1101 (Line)
Info    : [ 50%] Meshing curve 1102 (Line)
Info    : [ 50%] Meshing curve 1103 (Line)
Info    : [ 50%] Meshing curve 1104 (Line)
Info    : [ 50%] Meshing curve 1105 (Line)
Info    : [ 50%] Meshing curve 1106 (Line)
Info    : [ 50%] Meshing curve 1107 (Line)
Info    : [ 50%] Meshing curve 1132 (Line)
Info    : [ 50%] Meshing curve 1133 (Line)
Info    : [ 50%] Meshing curve 1134 (Line)
Info    : [ 50%] Meshing curve 1135 (Line)
Info    : [ 50%] Meshing curve 1136 (Line)
Info    : [ 50%] Meshing curve 1137 (Line)
Info    : [ 50%] Meshing curve 1138 (Line)
Info    : [ 50%] Meshing curve 1139 (Line)
Info    : [ 50%] Meshing curve 1140 (Line)
Info    : [ 50%] Meshing curve 1141 (Line)
Info    : [ 50%] Meshing curve 1142 (Line)
Info    : [ 50%] Meshing curve 1143 (Line)
Info    : [ 50%] Meshing curve 1144 (Line)
Info    : [ 50%] Meshing curve 1145 (Line)
Info    : [ 50%] Meshing curve 1146 (Line)
Info    : [ 50%] Meshing curve 1147 (Line)
Info    : [ 50%] Meshing curve 1148 (Line)
Info    : [ 50%] Meshing curve 1149 (Line)
Info    : [ 50%] Meshing curve 1150 (Line)
Info    : [ 50%] Meshing curve 1151 (Line)
Info    : [ 50%] Meshing curve 1152 (Line)
Info    : [ 50%] Meshing curve 1153 (Line)
Info    : [ 50%] Meshing curve 1154 (Line)
Info    : [ 50%] Meshing curve 1155 (Line)
Info    : [ 50%] Meshing curve 1180 (Line)
Info    : [ 50%] Meshing curve 1181 (Line)
Info    : [ 60%] Meshing curve 1182 (Line)
Info    : [ 60%] Meshing curve 1183 (Line)
Info    : [ 60%] Meshing curve 1184 (Line)
Info    : [ 60%] Meshing curve 1185 (Line)
Info    : [ 60%] Meshing curve 1186 (Line)
Info    : [ 60%] Meshing curve 1187 (Line)
Info    : [ 60%] Meshing curve 1188 (Line)
Info    : [ 60%] Meshing curve 1189 (Line)
Info    : [ 60%] Meshing curve 1190 (Line)
Info    : [ 60%] Meshing curve 1191 (Line)
Info    : [ 60%] Meshing curve 1192 (Line)
Info    : [ 60%] Meshing curve 1193 (Line)
Info    : [ 60%] Meshing curve 1194 (Line)
Info    : [ 60%] Meshing curve 1195 (Line)
Info    : [ 60%] Meshing curve 1196 (Line)
Info    : [ 60%] Meshing curve 1197 (Line)
Info    : [ 60%] Meshing curve 1198 (Line)
Info    : [ 60%] Meshing curve 1199 (Line)
Info    : [ 60%] Meshing curve 1200 (Line)
Info    : [ 60%] Meshing curve 1201 (Line)
Info    : [ 60%] Meshing curve 1202 (Line)
Info    : [ 60%] Meshing curve 1203 (Line)
Info    : [ 60%] Meshing curve 1228 (Line)
Info    : [ 60%] Meshing curve 1229 (Line)
Info    : [ 60%] Meshing curve 1230 (Line)
Info    : [ 60%] Meshing curve 1231 (Line)
Info    : [ 60%] Meshing curve 1232 (Line)
Info    : [ 60%] Meshing curve 1233 (Line)
Info    : [ 60%] Meshing curve 1234 (Line)
Info    : [ 60%] Meshing curve 1235 (Line)
Info    : [ 60%] Meshing curve 1236 (Line)
Info    : [ 60%] Meshing curve 1237 (Line)
Info    : [ 60%] Meshing curve 1238 (Line)
Info    : [ 60%] Meshing curve 1239 (Line)
Info    : [ 60%] Meshing curve 1240 (Line)
Info    : [ 60%] Meshing curve 1241 (Line)
Info    : [ 60%] Meshing curve 1242 (Line)
Info    : [ 60%] Meshing curve 1243 (Line)
Info    : [ 60%] Meshing curve 1244 (Line)
Info    : [ 60%] Meshing curve 1245 (Line)
Info    : [ 60%] Meshing curve 1246 (Line)
Info    : [ 60%] Meshing curve 1247 (Line)
Info    : [ 60%] Meshing curve 1248 (Line)
Info    : [ 60%] Meshing curve 1249 (Line)
Info    : [ 60%] Meshing curve 1250 (Line)
Info    : [ 60%] Meshing curve 1251 (Line)
Info    : [ 60%] Meshing curve 1276 (Line)
Info    : [ 60%] Meshing curve 1277 (Line)
Info    : [ 60%] Meshing curve 1278 (Line)
Info    : [ 60%] Meshing curve 1279 (Line)
Info    : [ 60%] Meshing curve 1280 (Line)
Info    : [ 60%] Meshing curve 1281 (Line)
Info    : [ 60%] Meshing curve 1282 (Line)
Info    : [ 60%] Meshing curve 1283 (Line)
Info    : [ 60%] Meshing curve 1284 (Line)
Info    : [ 60%] Meshing curve 1285 (Line)
Info    : [ 60%] Meshing curve 1286 (Line)
Info    : [ 60%] Meshing curve 1287 (Line)
Info    : [ 60%] Meshing curve 1288 (Line)
Info    : [ 60%] Meshing curve 1289 (Line)
Info    : [ 60%] Meshing curve 1290 (Line)
Info    : [ 60%] Meshing curve 1291 (Line)
Info    : [ 60%] Meshing curve 1292 (Line)
Info    : [ 60%] Meshing curve 1293 (Line)
Info    : [ 60%] Meshing curve 1294 (Line)
Info    : [ 60%] Meshing curve 1295 (Line)
Info    : [ 60%] Meshing curve 1296 (Line)
Info    : [ 60%] Meshing curve 1297 (Line)
Info    : [ 60%] Meshing curve 1298 (Line)
Info    : [ 60%] Meshing curve 1299 (Line)
Info    : [ 60%] Meshing curve 1324 (Line)
Info    : [ 60%] Meshing curve 1325 (Line)
Info    : [ 60%] Meshing curve 1326 (Line)
Info    : [ 60%] Meshing curve 1327 (Line)
Info    : [ 60%] Meshing curve 1328 (Line)
Info    : [ 60%] Meshing curve 1329 (Line)
Info    : [ 60%] Meshing curve 1330 (Line)
Info    : [ 60%] Meshing curve 1331 (Line)
Info    : [ 60%] Meshing curve 1332 (Line)
Info    : [ 60%] Meshing curve 1333 (Line)
Info    : [ 60%] Meshing curve 1334 (Line)
Info    : [ 60%] Meshing curve 1335 (Line)
Info    : [ 60%] Meshing curve 1336 (Line)
Info    : [ 60%] Meshing curve 1337 (Line)
Info    : [ 60%] Meshing curve 1338 (Line)
Info    : [ 60%] Meshing curve 1339 (Line)
Info    : [ 60%] Meshing curve 1340 (Line)
Info    : [ 60%] Meshing curve 1341 (Line)
Info    : [ 60%] Meshing curve 1342 (Line)
Info    : [ 60%] Meshing curve 1343 (Line)
Info    : [ 60%] Meshing curve 1344 (Line)
Info    : [ 60%] Meshing curve 1345 (Line)
Info    : [ 60%] Meshing curve 1346 (Line)
Info    : [ 60%] Meshing curve 1347 (Line)
Info    : [ 60%] Meshing curve 1372 (Line)
Info    : [ 60%] Meshing curve 1373 (Line)
Info    : [ 60%] Meshing curve 1374 (Line)
Info    : [ 60%] Meshing curve 1375 (Line)
Info    : [ 60%] Meshing curve 1376 (Line)
Info    : [ 60%] Meshing curve 1377 (Line)
Info    : [ 60%] Meshing curve 1378 (Line)
Info    : [ 60%] Meshing curve 1379 (Line)
Info    : [ 60%] Meshing curve 1380 (Line)
Info    : [ 60%] Meshing curve 1381 (Line)
Info    : [ 60%] Meshing curve 1382 (Line)
Info    : [ 60%] Meshing curve 1383 (Line)
Info    : [ 60%] Meshing curve 1384 (Line)
Info    : [ 60%] Meshing curve 1385 (Line)
Info    : [ 60%] Meshing curve 1386 (Line)
Info    : [ 60%] Meshing curve 1387 (Line)
Info    : [ 60%] Meshing curve 1388 (Line)
Info    : [ 60%] Meshing curve 1389 (Line)
Info    : [ 60%] Meshing curve 1390 (Line)
Info    : [ 60%] Meshing curve 1391 (Line)
Info    : [ 60%] Meshing curve 1392 (Line)
Info    : [ 60%] Meshing curve 1393 (Line)
Info    : [ 70%] Meshing curve 1394 (Line)
Info    : [ 70%] Meshing curve 1395 (Line)
Info    : [ 70%] Meshing curve 1420 (Line)
Info    : [ 70%] Meshing curve 1421 (Line)
Info    : [ 70%] Meshing curve 1422 (Line)
Info    : [ 70%] Meshing curve 1423 (Line)
Info    : [ 70%] Meshing curve 1424 (Line)
Info    : [ 70%] Meshing curve 1425 (Line)
Info    : [ 70%] Meshing curve 1426 (Line)
Info    : [ 70%] Meshing curve 1427 (Line)
Info    : [ 70%] Meshing curve 1428 (Line)
Info    : [ 70%] Meshing curve 1429 (Line)
Info    : [ 70%] Meshing curve 1430 (Line)
Info    : [ 70%] Meshing curve 1431 (Line)
Info    : [ 70%] Meshing curve 1432 (Line)
Info    : [ 70%] Meshing curve 1433 (Line)
Info    : [ 70%] Meshing curve 1434 (Line)
Info    : [ 70%] Meshing curve 1435 (Line)
Info    : [ 70%] Meshing curve 1436 (Line)
Info    : [ 70%] Meshing curve 1437 (Line)
Info    : [ 70%] Meshing curve 1438 (Line)
Info    : [ 70%] Meshing curve 1439 (Line)
Info    : [ 70%] Meshing curve 1440 (Line)
Info    : [ 70%] Meshing curve 1441 (Line)
Info    : [ 70%] Meshing curve 1442 (Line)
Info    : [ 70%] Meshing curve 1443 (Line)
Info    : [ 70%] Meshing curve 1468 (Line)
Info    : [ 70%] Meshing curve 1469 (Line)
Info    : [ 70%] Meshing curve 1470 (Line)
Info    : [ 70%] Meshing curve 1471 (Line)
Info    : [ 70%] Meshing curve 1472 (Line)
Info    : [ 70%] Meshing curve 1473 (Line)
Info    : [ 70%] Meshing curve 1474 (Line)
Info    : [ 70%] Meshing curve 1475 (Line)
Info    : [ 70%] Meshing curve 1476 (Line)
Info    : [ 70%] Meshing curve 1477 (Line)
Info    : [ 70%] Meshing curve 1478 (Line)
Info    : [ 70%] Meshing curve 1479 (Line)
Info    : [ 70%] Meshing curve 1480 (Line)
Info    : [ 70%] Meshing curve 1481 (Line)
Info    : [ 70%] Meshing curve 1482 (Line)
Info    : [ 70%] Meshing curve 1483 (Line)
Info    : [ 70%] Meshing curve 1484 (Line)
Info    : [ 70%] Meshing curve 1485 (Line)
Info    : [ 70%] Meshing curve 1486 (Line)
Info    : [ 70%] Meshing curve 1487 (Line)
Info    : [ 70%] Meshing curve 1488 (Line)
Info    : [ 70%] Meshing curve 1489 (Line)
Info    : [ 70%] Meshing curve 1490 (Line)
Info    : [ 70%] Meshing curve 1491 (Line)
Info    : [ 70%] Meshing curve 1516 (Line)
Info    : [ 70%] Meshing curve 1517 (Line)
Info    : [ 70%] Meshing curve 1518 (Line)
Info    : [ 70%] Meshing curve 1519 (Line)
Info    : [ 70%] Meshing curve 1520 (Line)
Info    : [ 70%] Meshing curve 1521 (Line)
Info    : [ 70%] Meshing curve 1522 (Line)
Info    : [ 70%] Meshing curve 1523 (Line)
Info    : [ 70%] Meshing curve 1524 (Line)
Info    : [ 70%] Meshing curve 1525 (Line)
Info    : [ 70%] Meshing curve 1526 (Line)
Info    : [ 70%] Meshing curve 1527 (Line)
Info    : [ 70%] Meshing curve 1528 (Line)
Info    : [ 70%] Meshing curve 1529 (Line)
Info    : [ 70%] Meshing curve 1530 (Line)
Info    : [ 70%] Meshing curve 1531 (Line)
Info    : [ 70%] Meshing curve 1532 (Line)
Info    : [ 70%] Meshing curve 1533 (Line)
Info    : [ 70%] Meshing curve 1534 (Line)
Info    : [ 70%] Meshing curve 1535 (Line)
Info    : [ 70%] Meshing curve 1536 (Line)
Info    : [ 70%] Meshing curve 1537 (Line)
Info    : [ 70%] Meshing curve 1538 (Line)
Info    : [ 70%] Meshing curve 1539 (Line)
Info    : [ 70%] Meshing curve 1564 (Line)
Info    : [ 70%] Meshing curve 1565 (Line)
Info    : [ 70%] Meshing curve 1566 (Line)
Info    : [ 70%] Meshing curve 1567 (Line)
Info    : [ 70%] Meshing curve 1568 (Line)
Info    : [ 70%] Meshing curve 1569 (Line)
Info    : [ 70%] Meshing curve 1570 (Line)
Info    : [ 70%] Meshing curve 1571 (Line)
Info    : [ 70%] Meshing curve 1572 (Line)
Info    : [ 70%] Meshing curve 1573 (Line)
Info    : [ 70%] Meshing curve 1574 (Line)
Info    : [ 70%] Meshing curve 1575 (Line)
Info    : [ 70%] Meshing curve 1576 (Line)
Info    : [ 70%] Meshing curve 1577 (Line)
Info    : [ 70%] Meshing curve 1578 (Line)
Info    : [ 70%] Meshing curve 1579 (Line)
Info    : [ 70%] Meshing curve 1580 (Line)
Info    : [ 70%] Meshing curve 1581 (Line)
Info    : [ 70%] Meshing curve 1582 (Line)
Info    : [ 70%] Meshing curve 1583 (Line)
Info    : [ 70%] Meshing curve 1584 (Line)
Info    : [ 70%] Meshing curve 1585 (Line)
Info    : [ 70%] Meshing curve 1586 (Line)
Info    : [ 70%] Meshing curve 1587 (Line)
Info    : [ 70%] Meshing curve 1612 (Line)
Info    : [ 70%] Meshing curve 1613 (Line)
Info    : [ 70%] Meshing curve 1614 (Line)
Info    : [ 70%] Meshing curve 1615 (Line)
Info    : [ 70%] Meshing curve 1616 (Line)
Info    : [ 70%] Meshing curve 1617 (Line)
Info    : [ 70%] Meshing curve 1618 (Line)
Info    : [ 70%] Meshing curve 1619 (Line)
Info    : [ 70%] Meshing curve 1620 (Line)
Info    : [ 70%] Meshing curve 1621 (Line)
Info    : [ 70%] Meshing curve 1622 (Line)
Info    : [ 70%] Meshing curve 1623 (Line)
Info    : [ 70%] Meshing curve 1624 (Line)
Info    : [ 70%] Meshing curve 1625 (Line)
Info    : [ 70%] Meshing curve 1626 (Line)
Info    : [ 70%] Meshing curve 1627 (Line)
Info    : [ 70%] Meshing curve 1628 (Line)
Info    : [ 80%] Meshing curve 1629 (Line)
Info    : [ 80%] Meshing curve 1630 (Line)
Info    : [ 80%] Meshing curve 1631 (Line)
Info    : [ 80%] Meshing curve 1632 (Line)
Info    : [ 80%] Meshing curve 1633 (Line)
Info    : [ 80%] Meshing curve 1634 (Line)
Info    : [ 80%] Meshing curve 1635 (Line)
Info    : [ 80%] Meshing curve 1660 (Line)
Info    : [ 80%] Meshing curve 1661 (Line)
Info    : [ 80%] Meshing curve 1662 (Line)
Info    : [ 80%] Meshing curve 1663 (Line)
Info    : [ 80%] Meshing curve 1664 (Line)
Info    : [ 80%] Meshing curve 1665 (Line)
Info    : [ 80%] Meshing curve 1666 (Line)
Info    : [ 80%] Meshing curve 1667 (Line)
Info    : [ 80%] Meshing curve 1668 (Line)
Info    : [ 80%] Meshing curve 1669 (Line)
Info    : [ 80%] Meshing curve 1670 (Line)
Info    : [ 80%] Meshing curve 1671 (Line)
Info    : [ 80%] Meshing curve 1672 (Line)
Info    : [ 80%] Meshing curve 1673 (Line)
Info    : [ 80%] Meshing curve 1674 (Line)
Info    : [ 80%] Meshing curve 1675 (Line)
Info    : [ 80%] Meshing curve 1676 (Line)
Info    : [ 80%] Meshing curve 1677 (Line)
Info    : [ 80%] Meshing curve 1678 (Line)
Info    : [ 80%] Meshing curve 1679 (Line)
Info    : [ 80%] Meshing curve 1680 (Line)
Info    : [ 80%] Meshing curve 1681 (Line)
Info    : [ 80%] Meshing curve 1682 (Line)
Info    : [ 80%] Meshing curve 1683 (Line)
Info    : [ 80%] Meshing curve 1708 (Line)
Info    : [ 80%] Meshing curve 1709 (Line)
Info    : [ 80%] Meshing curve 1710 (Line)
Info    : [ 80%] Meshing curve 1711 (Line)
Info    : [ 80%] Meshing curve 1712 (Line)
Info    : [ 80%] Meshing curve 1713 (Line)
Info    : [ 80%] Meshing curve 1714 (Line)
Info    : [ 80%] Meshing curve 1715 (Line)
Info    : [ 80%] Meshing curve 1716 (Line)
Info    : [ 80%] Meshing curve 1717 (Line)
Info    : [ 80%] Meshing curve 1718 (Line)
Info    : [ 80%] Meshing curve 1719 (Line)
Info    : [ 80%] Meshing curve 1720 (Line)
Info    : [ 80%] Meshing curve 1721 (Line)
Info    : [ 80%] Meshing curve 1722 (Line)
Info    : [ 80%] Meshing curve 1723 (Line)
Info    : [ 80%] Meshing curve 1724 (Line)
Info    : [ 80%] Meshing curve 1725 (Line)
Info    : [ 80%] Meshing curve 1726 (Line)
Info    : [ 80%] Meshing curve 1727 (Line)
Info    : [ 80%] Meshing curve 1728 (Line)
Info    : [ 80%] Meshing curve 1729 (Line)
Info    : [ 80%] Meshing curve 1730 (Line)
Info    : [ 80%] Meshing curve 1731 (Line)
Info    : [ 80%] Meshing curve 1756 (Line)
Info    : [ 80%] Meshing curve 1757 (Line)
Info    : [ 80%] Meshing curve 1758 (Line)
Info    : [ 80%] Meshing curve 1759 (Line)
Info    : [ 80%] Meshing curve 1760 (Line)
Info    : [ 80%] Meshing curve 1761 (Line)
Info    : [ 80%] Meshing curve 1762 (Line)
Info    : [ 80%] Meshing curve 1763 (Line)
Info    : [ 80%] Meshing curve 1764 (Line)
Info    : [ 80%] Meshing curve 1765 (Line)
Info    : [ 80%] Meshing curve 1766 (Line)
Info    : [ 80%] Meshing curve 1767 (Line)
Info    : [ 80%] Meshing curve 1768 (Line)
Info    : [ 80%] Meshing curve 1769 (Line)
Info    : [ 80%] Meshing curve 1770 (Line)
Info    : [ 80%] Meshing curve 1771 (Line)
Info    : [ 80%] Meshing curve 1772 (Line)
Info    : [ 80%] Meshing curve 1773 (Line)
Info    : [ 80%] Meshing curve 1774 (Line)
Info    : [ 80%] Meshing curve 1775 (Line)
Info    : [ 80%] Meshing curve 1776 (Line)
Info    : [ 80%] Meshing curve 1777 (Line)
Info    : [ 80%] Meshing curve 1778 (Line)
Info    : [ 80%] Meshing curve 1779 (Line)
Info    : [ 80%] Meshing curve 1804 (Line)
Info    : [ 80%] Meshing curve 1805 (Line)
Info    : [ 80%] Meshing curve 1806 (Line)
Info    : [ 80%] Meshing curve 1807 (Line)
Info    : [ 80%] Meshing curve 1808 (Line)
Info    : [ 80%] Meshing curve 1809 (Line)
Info    : [ 80%] Meshing curve 1810 (Line)
Info    : [ 80%] Meshing curve 1811 (Line)
Info    : [ 80%] Meshing curve 1812 (Line)
Info    : [ 80%] Meshing curve 1813 (Line)
Info    : [ 80%] Meshing curve 1814 (Line)
Info    : [ 80%] Meshing curve 1815 (Line)
Info    : [ 80%] Meshing curve 1816 (Line)
Info    : [ 80%] Meshing curve 1817 (Line)
Info    : [ 80%] Meshing curve 1818 (Line)
Info    : [ 80%] Meshing curve 1819 (Line)
Info    : [ 80%] Meshing curve 1820 (Line)
Info    : [ 80%] Meshing curve 1821 (Line)
Info    : [ 80%] Meshing curve 1822 (Line)
Info    : [ 80%] Meshing curve 1823 (Line)
Info    : [ 80%] Meshing curve 1824 (Line)
Info    : [ 80%] Meshing curve 1825 (Line)
Info    : [ 80%] Meshing curve 1826 (Line)
Info    : [ 80%] Meshing curve 1827 (Line)
Info    : [ 80%] Meshing curve 1852 (Line)
Info    : [ 80%] Meshing curve 1853 (Line)
Info    : [ 80%] Meshing curve 1854 (Line)
Info    : [ 80%] Meshing curve 1855 (Line)
Info    : [ 80%] Meshing curve 1856 (Line)
Info    : [ 80%] Meshing curve 1857 (Line)
Info    : [ 80%] Meshing curve 1858 (Line)
Info    : [ 80%] Meshing curve 1859 (Line)
Info    : [ 80%] Meshing curve 1860 (Line)
Info    : [ 80%] Meshing curve 1861 (Line)
Info    : [ 80%] Meshing curve 1862 (Line)
Info    : [ 80%] Meshing curve 1863 (Line)
Info    : [ 80%] Meshing curve 1864 (Line)
Info    : [ 90%] Meshing curve 1865 (Line)
Info    : [ 90%] Meshing curve 1866 (Line)
Info    : [ 90%] Meshing curve 1867 (Line)
Info    : [ 90%] Meshing curve 1868 (Line)
Info    : [ 90%] Meshing curve 1869 (Line)
Info    : [ 90%] Meshing curve 1870 (Line)
Info    : [ 90%] Meshing curve 1871 (Line)
Info    : [ 90%] Meshing curve 1872 (Line)
Info    : [ 90%] Meshing curve 1873 (Line)
Info    : [ 90%] Meshing curve 1874 (Line)
Info    : [ 90%] Meshing curve 1875 (Line)
Info    : [ 90%] Meshing curve 1900 (Line)
Info    : [ 90%] Meshing curve 1901 (Line)
Info    : [ 90%] Meshing curve 1902 (Line)
Info    : [ 90%] Meshing curve 1903 (Line)
Info    : [ 90%] Meshing curve 1904 (Line)
Info    : [ 90%] Meshing curve 1905 (Line)
Info    : [ 90%] Meshing curve 1906 (Line)
Info    : [ 90%] Meshing curve 1907 (Line)
Info    : [ 90%] Meshing curve 1908 (Line)
Info    : [ 90%] Meshing curve 1909 (Line)
Info    : [ 90%] Meshing curve 1910 (Line)
Info    : [ 90%] Meshing curve 1911 (Line)
Info    : [ 90%] Meshing curve 1912 (Line)
Info    : [ 90%] Meshing curve 1913 (Line)
Info    : [ 90%] Meshing curve 1914 (Line)
Info    : [ 90%] Meshing curve 1915 (Line)
Info    : [ 90%] Meshing curve 1916 (Line)
Info    : [ 90%] Meshing curve 1917 (Line)
Info    : [ 90%] Meshing curve 1918 (Line)
Info    : [ 90%] Meshing curve 1919 (Line)
Info    : [ 90%] Meshing curve 1920 (Line)
Info    : [ 90%] Meshing curve 1921 (Line)
Info    : [ 90%] Meshing curve 1922 (Line)
Info    : [ 90%] Meshing curve 1923 (Line)
Info    : [ 90%] Meshing curve 1948 (Line)
Info    : [ 90%] Meshing curve 1949 (Line)
Info    : [ 90%] Meshing curve 1950 (Line)
Info    : [ 90%] Meshing curve 1951 (Line)
Info    : [ 90%] Meshing curve 1952 (Line)
Info    : [ 90%] Meshing curve 1953 (Line)
Info    : [ 90%] Meshing curve 1954 (Line)
Info    : [ 90%] Meshing curve 1955 (Line)
Info    : [ 90%] Meshing curve 1956 (Line)
Info    : [ 90%] Meshing curve 1957 (Line)
Info    : [ 90%] Meshing curve 1958 (Line)
Info    : [ 90%] Meshing curve 1959 (Line)
Info    : [ 90%] Meshing curve 1960 (Line)
Info    : [ 90%] Meshing curve 1961 (Line)
Info    : [ 90%] Meshing curve 1962 (Line)
Info    : [ 90%] Meshing curve 1963 (Line)
Info    : [ 90%] Meshing curve 1964 (Line)
Info    : [ 90%] Meshing curve 1965 (Line)
Info    : [ 90%] Meshing curve 1966 (Line)
Info    : [ 90%] Meshing curve 1967 (Line)
Info    : [ 90%] Meshing curve 1968 (Line)
Info    : [ 90%] Meshing curve 1969 (Line)
Info    : [ 90%] Meshing curve 1970 (Line)
Info    : [ 90%] Meshing curve 1971 (Line)
Info    : [ 90%] Meshing curve 1996 (Line)
Info    : [ 90%] Meshing curve 1997 (Line)
Info    : [ 90%] Meshing curve 1998 (Line)
Info    : [ 90%] Meshing curve 1999 (Line)
Info    : [ 90%] Meshing curve 2000 (Line)
Info    : [ 90%] Meshing curve 2001 (Line)
Info    : [ 90%] Meshing curve 2002 (Line)
Info    : [ 90%] Meshing curve 2003 (Line)
Info    : [ 90%] Meshing curve 2004 (Line)
Info    : [ 90%] Meshing curve 2005 (Line)
Info    : [ 90%] Meshing curve 2006 (Line)
Info    : [ 90%] Meshing curve 2007 (Line)
Info    : [ 90%] Meshing curve 2008 (Line)
Info    : [ 90%] Meshing curve 2009 (Line)
Info    : [ 90%] Meshing curve 2010 (Line)
Info    : [ 90%] Meshing curve 2011 (Line)
Info    : [ 90%] Meshing curve 2012 (Line)
Info    : [ 90%] Meshing curve 2013 (Line)
Info    : [ 90%] Meshing curve 2014 (Line)
Info    : [ 90%] Meshing curve 2015 (Line)
Info    : [ 90%] Meshing curve 2016 (Line)
Info    : [ 90%] Meshing curve 2017 (Line)
Info    : [ 90%] Meshing curve 2018 (Line)
Info    : [ 90%] Meshing curve 2019 (Line)
Info    : [ 90%] Meshing curve 2044 (Line)
Info    : [ 90%] Meshing curve 2045 (Line)
Info    : [ 90%] Meshing curve 2046 (Line)
Info    : [ 90%] Meshing curve 2047 (Line)
Info    : [ 90%] Meshing curve 2048 (Line)
Info    : [ 90%] Meshing curve 2049 (Line)
Info    : [ 90%] Meshing curve 2050 (Line)
Info    : [ 90%] Meshing curve 2051 (Line)
Info    : [ 90%] Meshing curve 2052 (Line)
Info    : [ 90%] Meshing curve 2053 (Line)
Info    : [ 90%] Meshing curve 2054 (Line)
Info    : [ 90%] Meshing curve 2055 (Line)
Info    : [ 90%] Meshing curve 2056 (Line)
Info    : [ 90%] Meshing curve 2057 (Line)
Info    : [ 90%] Meshing curve 2058 (Line)
Info    : [ 90%] Meshing curve 2059 (Line)
Info    : [ 90%] Meshing curve 2060 (Line)
Info    : [ 90%] Meshing curve 2061 (Line)
Info    : [ 90%] Meshing curve 2062 (Line)
Info    : [ 90%] Meshing curve 2063 (Line)
Info    : [ 90%] Meshing curve 2064 (Line)
Info    : [ 90%] Meshing curve 2065 (Line)
Info    : [ 90%] Meshing curve 2066 (Line)
Info    : [ 90%] Meshing curve 2067 (Line)
Info    : [ 90%] Meshing curve 2092 (Line)
Info    : [ 90%] Meshing curve 2093 (Line)
Info    : [ 90%] Meshing curve 2094 (Line)
Info    : [ 90%] Meshing curve 2095 (Line)
Info    : [ 90%] Meshing curve 2096 (Line)
Info    : [ 90%] Meshing curve 2097 (Line)
Info    : [ 90%] Meshing curve 2098 (Line)
Info    : [ 90%] Meshing curve 2099 (Line)
Info    : [100%] Meshing curve 2100 (Line)
Info    : [100%] Meshing curve 2101 (Line)
Info    : [100%] Meshing curve 2102 (Line)
Info    : [100%] Meshing curve 2103 (Line)
Info    : [100%] Meshing curve 2104 (Line)
Info    : [100%] Meshing curve 2105 (Line)
Info    : [100%] Meshing curve 2106 (Line)
Info    : [100%] Meshing curve 2107 (Line)
Info    : [100%] Meshing curve 2108 (Line)
Info    : [100%] Meshing curve 2109 (Line)
Info    : [100%] Meshing curve 2110 (Line)
Info    : [100%] Meshing curve 2111 (Line)
Info    : [100%] Meshing curve 2112 (Line)
Info    : [100%] Meshing curve 2113 (Line)
Info    : [100%] Meshing curve 2114 (Line)
Info    : [100%] Meshing curve 2115 (Line)
Info    : [100%] Meshing curve 2140 (Line)
Info    : [100%] Meshing curve 2141 (Line)
Info    : [100%] Meshing curve 2142 (Line)
Info    : [100%] Meshing curve 2143 (Line)
Info    : [100%] Meshing curve 2144 (Line)
Info    : [100%] Meshing curve 2145 (Line)
Info    : [100%] Meshing curve 2146 (Line)
Info    : [100%] Meshing curve 2147 (Line)
Info    : [100%] Meshing curve 2148 (Line)
Info    : [100%] Meshing curve 2149 (Line)
Info    : [100%] Meshing curve 2150 (Line)
Info    : [100%] Meshing curve 2151 (Line)
Info    : [100%] Meshing curve 2152 (Line)
Info    : [100%] Meshing curve 2153 (Line)
Info    : [100%] Meshing curve 2154 (Line)
Info    : [100%] Meshing curve 2155 (Line)
Info    : [100%] Meshing curve 2156 (Line)
Info    : [100%] Meshing curve 2157 (Line)
Info    : [100%] Meshing curve 2158 (Line)
Info    : [100%] Meshing curve 2159 (Line)
Info    : [100%] Meshing curve 2160 (Line)
Info    : [100%] Meshing curve 2161 (Line)
Info    : [100%] Meshing curve 2162 (Line)
Info    : [100%] Meshing curve 2163 (Line)
Info    : [100%] Meshing curve 2188 (Line)
Info    : [100%] Meshing curve 2189 (Line)
Info    : [100%] Meshing curve 2190 (Line)
Info    : [100%] Meshing curve 2191 (Line)
Info    : [100%] Meshing curve 2192 (Line)
Info    : [100%] Meshing curve 2193 (Line)
Info    : [100%] Meshing curve 2194 (Line)
Info    : [100%] Meshing curve 2195 (Line)
Info    : [100%] Meshing curve 2196 (Line)
Info    : [100%] Meshing curve 2197 (Line)
Info    : [100%] Meshing curve 2198 (Line)
Info    : [100%] Meshing curve 2199 (Line)
Info    : [100%] Meshing curve 2200 (Line)
Info    : [100%] Meshing curve 2201 (Line)
Info    : [100%] Meshing curve 2202 (Line)
Info    : [100%] Meshing curve 2203 (Line)
Info    : [100%] Meshing curve 2204 (Line)
Info    : [100%] Meshing curve 2205 (Line)
Info    : [100%] Meshing curve 2206 (Line)
Info    : [100%] Meshing curve 2207 (Line)
Info    : [100%] Meshing curve 2208 (Line)
Info    : [100%] Meshing curve 2209 (Line)
Info    : [100%] Meshing curve 2210 (Line)
Info    : [100%] Meshing curve 2211 (Line)
Info    : [100%] Meshing curve 2236 (Line)
Info    : [100%] Meshing curve 2237 (Line)
Info    : [100%] Meshing curve 2238 (Line)
Info    : [100%] Meshing curve 2239 (Line)
Info    : [100%] Meshing curve 2240 (Line)
Info    : [100%] Meshing curve 2241 (Line)
Info    : [100%] Meshing curve 2242 (Line)
Info    : [100%] Meshing curve 2243 (Line)
Info    : [100%] Meshing curve 2244 (Line)
Info    : [100%] Meshing curve 2245 (Line)
Info    : [100%] Meshing curve 2246 (Line)
Info    : [100%] Meshing curve 2247 (Line)
Info    : [100%] Meshing curve 2248 (Line)
Info    : [100%] Meshing curve 2249 (Line)
Info    : [100%] Meshing curve 2250 (Line)
Info    : [100%] Meshing curve 2251 (Line)
Info    : [100%] Meshing curve 2252 (Line)
Info    : [100%] Meshing curve 2253 (Line)
Info    : [100%] Meshing curve 2254 (Line)
Info    : [100%] Meshing curve 2255 (Line)
Info    : [100%] Meshing curve 2256 (Line)
Info    : [100%] Meshing curve 2257 (Line)
Info    : [100%] Meshing curve 2258 (Line)
Info    : [100%] Meshing curve 2259 (Line)
Info    : [100%] Meshing curve 2284 (Line)
Info    : [100%] Meshing curve 2285 (Line)
Info    : [100%] Meshing curve 2286 (Line)
Info    : [100%] Meshing curve 2287 (Line)
Info    : [100%] Meshing curve 2288 (Line)
Info    : [100%] Meshing curve 2289 (Line)
Info    : [100%] Meshing curve 2290 (Line)
Info    : [100%] Meshing curve 2291 (Line)
Info    : [100%] Meshing curve 2292 (Line)
Info    : [100%] Meshing curve 2293 (Line)
Info    : [100%] Meshing curve 2294 (Line)
Info    : [100%] Meshing curve 2295 (Line)
Info    : [100%] Meshing curve 2296 (Line)
Info    : [100%] Meshing curve 2297 (Line)
Info    : [100%] Meshing curve 2298 (Line)
Info    : [100%] Meshing curve 2299 (Line)
Info    : [100%] Meshing curve 2300 (Line)
Info    : [100%] Meshing curve 2301 (Line)
Info    : [100%] Meshing curve 2302 (Line)
Info    : [100%] Meshing curve 2303 (Line)
Info    : [100%] Meshing curve 2304 (Line)
Info    : [100%] Meshing curve 2305 (Line)
Info    : [100%] Meshing curve 2306 (Line)
Info    : [100%] Meshing curve 2307 (Line)
Info    : [100%] Meshing curve 2308 (Circle)
Info    : [100%] Meshing curve 2309 (Line)
Info    : [100%] Meshing curve 2310 (Circle)
Info    : Done meshing 1D (Wall 0.0661827s, CPU 0.066091s)
Info    : Meshing 2D...
Info    : [  0%] Meshing surface 16 (Plane, Frontal-Delaunay)
Info    : [ 10%] Meshing surface 17 (Plane, Frontal-Delaunay)
Info    : [ 10%] Meshing surface 18 (Plane, Frontal-Delaunay)
Info    : [ 10%] Meshing surface 19 (Plane, Frontal-Delaunay)
Info    : [ 10%] Meshing surface 20 (Plane, Frontal-Delaunay)
Info    : [ 10%] Meshing surface 21 (Plane, Frontal-Delaunay)
Info    : [ 10%] Meshing surface 22 (Plane, Frontal-Delaunay)
Info    : [ 10%] Meshing surface 23 (Plane, Frontal-Delaunay)
Info    : [ 10%] Meshing surface 24 (Plane, Frontal-Delaunay)
Info    : [ 10%] Meshing surface 25 (Plane, Frontal-Delaunay)
Info    : [ 10%] Meshing surface 26 (Plane, Frontal-Delaunay)
Info    : [ 10%] Meshing surface 27 (Plane, Frontal-Delaunay)
Info    : [ 10%] Meshing surface 40 (Plane, Frontal-Delaunay)
Info    : [ 10%] Meshing surface 41 (Plane, Frontal-Delaunay)
Info    : [ 10%] Meshing surface 42 (Plane, Frontal-Delaunay)
Info    : [ 10%] Meshing surface 43 (Plane, Frontal-Delaunay)
Info    : [ 10%] Meshing surface 44 (Plane, Frontal-Delaunay)
Info    : [ 10%] Meshing surface 45 (Plane, Frontal-Delaunay)
Info    : [ 10%] Meshing surface 46 (Plane, Frontal-Delaunay)
Info    : [ 10%] Meshing surface 47 (Plane, Frontal-Delaunay)
Info    : [ 10%] Meshing surface 48 (Plane, Frontal-Delaunay)
Info    : [ 10%] Meshing surface 49 (Plane, Frontal-Delaunay)
Info    : [ 10%] Meshing surface 50 (Plane, Frontal-Delaunay)
Info    : [ 10%] Meshing surface 51 (Plane, Frontal-Delaunay)
Info    : [ 10%] Meshing surface 64 (Plane, Frontal-Delaunay)
Info    : [ 10%] Meshing surface 65 (Plane, Frontal-Delaunay)
Info    : [ 10%] Meshing surface 66 (Plane, Frontal-Delaunay)
Info    : [ 10%] Meshing surface 67 (Plane, Frontal-Delaunay)
Info    : [ 10%] Meshing surface 68 (Plane, Frontal-Delaunay)
Info    : [ 10%] Meshing surface 69 (Plane, Frontal-Delaunay)
Info    : [ 10%] Meshing surface 70 (Plane, Frontal-Delaunay)
Info    : [ 10%] Meshing surface 71 (Plane, Frontal-Delaunay)
Info    : [ 10%] Meshing surface 72 (Plane, Frontal-Delaunay)
Info    : [ 10%] Meshing surface 73 (Plane, Frontal-Delaunay)
Info    : [ 10%] Meshing surface 74 (Plane, Frontal-Delaunay)
Info    : [ 10%] Meshing surface 75 (Plane, Frontal-Delaunay)
Info    : [ 10%] Meshing surface 88 (Plane, Frontal-Delaunay)
Info    : [ 10%] Meshing surface 89 (Plane, Frontal-Delaunay)
Info    : [ 10%] Meshing surface 90 (Plane, Frontal-Delaunay)
Info    : [ 10%] Meshing surface 91 (Plane, Frontal-Delaunay)
Info    : [ 10%] Meshing surface 92 (Plane, Frontal-Delaunay)
Info    : [ 10%] Meshing surface 93 (Plane, Frontal-Delaunay)
Info    : [ 10%] Meshing surface 94 (Plane, Frontal-Delaunay)
Info    : [ 10%] Meshing surface 95 (Plane, Frontal-Delaunay)
Info    : [ 10%] Meshing surface 96 (Plane, Frontal-Delaunay)
Info    : [ 10%] Meshing surface 97 (Plane, Frontal-Delaunay)
Info    : [ 10%] Meshing surface 98 (Plane, Frontal-Delaunay)
Info    : [ 10%] Meshing surface 99 (Plane, Frontal-Delaunay)
Info    : [ 10%] Meshing surface 112 (Plane, Frontal-Delaunay)
Info    : [ 10%] Meshing surface 113 (Plane, Frontal-Delaunay)
Info    : [ 10%] Meshing surface 114 (Plane, Frontal-Delaunay)
Info    : [ 10%] Meshing surface 115 (Plane, Frontal-Delaunay)
Info    : [ 10%] Meshing surface 116 (Plane, Frontal-Delaunay)
Info    : [ 10%] Meshing surface 117 (Plane, Frontal-Delaunay)
Info    : [ 10%] Meshing surface 118 (Plane, Frontal-Delaunay)
Info    : [ 10%] Meshing surface 119 (Plane, Frontal-Delaunay)
Info    : [ 10%] Meshing surface 120 (Plane, Frontal-Delaunay)
Info    : [ 10%] Meshing surface 121 (Plane, Frontal-Delaunay)
Info    : [ 20%] Meshing surface 122 (Plane, Frontal-Delaunay)
Info    : [ 20%] Meshing surface 123 (Plane, Frontal-Delaunay)
Info    : [ 20%] Meshing surface 136 (Plane, Frontal-Delaunay)
Info    : [ 20%] Meshing surface 137 (Plane, Frontal-Delaunay)
Info    : [ 20%] Meshing surface 138 (Plane, Frontal-Delaunay)
Info    : [ 20%] Meshing surface 139 (Plane, Frontal-Delaunay)
Info    : [ 20%] Meshing surface 140 (Plane, Frontal-Delaunay)
Info    : [ 20%] Meshing surface 141 (Plane, Frontal-Delaunay)
Info    : [ 20%] Meshing surface 142 (Plane, Frontal-Delaunay)
Info    : [ 20%] Meshing surface 143 (Plane, Frontal-Delaunay)
Info    : [ 20%] Meshing surface 144 (Plane, Frontal-Delaunay)
Info    : [ 20%] Meshing surface 145 (Plane, Frontal-Delaunay)
Info    : [ 20%] Meshing surface 146 (Plane, Frontal-Delaunay)
Info    : [ 20%] Meshing surface 147 (Plane, Frontal-Delaunay)
Info    : [ 20%] Meshing surface 160 (Plane, Frontal-Delaunay)
Info    : [ 20%] Meshing surface 161 (Plane, Frontal-Delaunay)
Info    : [ 20%] Meshing surface 162 (Plane, Frontal-Delaunay)
Info    : [ 20%] Meshing surface 163 (Plane, Frontal-Delaunay)
Info    : [ 20%] Meshing surface 164 (Plane, Frontal-Delaunay)
Info    : [ 20%] Meshing surface 165 (Plane, Frontal-Delaunay)
Info    : [ 20%] Meshing surface 166 (Plane, Frontal-Delaunay)
Info    : [ 20%] Meshing surface 167 (Plane, Frontal-Delaunay)
Info    : [ 20%] Meshing surface 168 (Plane, Frontal-Delaunay)
Info    : [ 20%] Meshing surface 169 (Plane, Frontal-Delaunay)
Info    : [ 20%] Meshing surface 170 (Plane, Frontal-Delaunay)
Info    : [ 20%] Meshing surface 171 (Plane, Frontal-Delaunay)
Info    : [ 20%] Meshing surface 184 (Plane, Frontal-Delaunay)
Info    : [ 20%] Meshing surface 185 (Plane, Frontal-Delaunay)
Info    : [ 20%] Meshing surface 186 (Plane, Frontal-Delaunay)
Info    : [ 20%] Meshing surface 187 (Plane, Frontal-Delaunay)
Info    : [ 20%] Meshing surface 188 (Plane, Frontal-Delaunay)
Info    : [ 20%] Meshing surface 189 (Plane, Frontal-Delaunay)
Info    : [ 20%] Meshing surface 190 (Plane, Frontal-Delaunay)
Info    : [ 20%] Meshing surface 191 (Plane, Frontal-Delaunay)
Info    : [ 20%] Meshing surface 192 (Plane, Frontal-Delaunay)
Info    : [ 20%] Meshing surface 193 (Plane, Frontal-Delaunay)
Info    : [ 20%] Meshing surface 194 (Plane, Frontal-Delaunay)
Info    : [ 20%] Meshing surface 195 (Plane, Frontal-Delaunay)
Info    : [ 20%] Meshing surface 208 (Plane, Frontal-Delaunay)
Info    : [ 20%] Meshing surface 209 (Plane, Frontal-Delaunay)
Info    : [ 20%] Meshing surface 210 (Plane, Frontal-Delaunay)
Info    : [ 20%] Meshing surface 211 (Plane, Frontal-Delaunay)
Info    : [ 20%] Meshing surface 212 (Plane, Frontal-Delaunay)
Info    : [ 20%] Meshing surface 213 (Plane, Frontal-Delaunay)
Info    : [ 20%] Meshing surface 214 (Plane, Frontal-Delaunay)
Info    : [ 20%] Meshing surface 215 (Plane, Frontal-Delaunay)
Info    : [ 20%] Meshing surface 216 (Plane, Frontal-Delaunay)
Info    : [ 20%] Meshing surface 217 (Plane, Frontal-Delaunay)
Info    : [ 20%] Meshing surface 218 (Plane, Frontal-Delaunay)
Info    : [ 20%] Meshing surface 219 (Plane, Frontal-Delaunay)
Info    : [ 20%] Meshing surface 232 (Plane, Frontal-Delaunay)
Info    : [ 20%] Meshing surface 233 (Plane, Frontal-Delaunay)
Info    : [ 20%] Meshing surface 234 (Plane, Frontal-Delaunay)
Info    : [ 20%] Meshing surface 235 (Plane, Frontal-Delaunay)
Info    : [ 20%] Meshing surface 236 (Plane, Frontal-Delaunay)
Info    : [ 20%] Meshing surface 237 (Plane, Frontal-Delaunay)
Info    : [ 20%] Meshing surface 238 (Plane, Frontal-Delaunay)
Info    : [ 20%] Meshing surface 239 (Plane, Frontal-Delaunay)
Info    : [ 30%] Meshing surface 240 (Plane, Frontal-Delaunay)
Info    : [ 30%] Meshing surface 241 (Plane, Frontal-Delaunay)
Info    : [ 30%] Meshing surface 242 (Plane, Frontal-Delaunay)
Info    : [ 30%] Meshing surface 243 (Plane, Frontal-Delaunay)
Info    : [ 30%] Meshing surface 256 (Plane, Frontal-Delaunay)
Info    : [ 30%] Meshing surface 257 (Plane, Frontal-Delaunay)
Info    : [ 30%] Meshing surface 258 (Plane, Frontal-Delaunay)
Info    : [ 30%] Meshing surface 259 (Plane, Frontal-Delaunay)
Info    : [ 30%] Meshing surface 260 (Plane, Frontal-Delaunay)
Info    : [ 30%] Meshing surface 261 (Plane, Frontal-Delaunay)
Info    : [ 30%] Meshing surface 262 (Plane, Frontal-Delaunay)
Info    : [ 30%] Meshing surface 263 (Plane, Frontal-Delaunay)
Info    : [ 30%] Meshing surface 264 (Plane, Frontal-Delaunay)
Info    : [ 30%] Meshing surface 265 (Plane, Frontal-Delaunay)
Info    : [ 30%] Meshing surface 266 (Plane, Frontal-Delaunay)
Info    : [ 30%] Meshing surface 267 (Plane, Frontal-Delaunay)
Info    : [ 30%] Meshing surface 280 (Plane, Frontal-Delaunay)
Info    : [ 30%] Meshing surface 281 (Plane, Frontal-Delaunay)
Info    : [ 30%] Meshing surface 282 (Plane, Frontal-Delaunay)
Info    : [ 30%] Meshing surface 283 (Plane, Frontal-Delaunay)
Info    : [ 30%] Meshing surface 284 (Plane, Frontal-Delaunay)
Info    : [ 30%] Meshing surface 285 (Plane, Frontal-Delaunay)
Info    : [ 30%] Meshing surface 286 (Plane, Frontal-Delaunay)
Info    : [ 30%] Meshing surface 287 (Plane, Frontal-Delaunay)
Info    : [ 30%] Meshing surface 288 (Plane, Frontal-Delaunay)
Info    : [ 30%] Meshing surface 289 (Plane, Frontal-Delaunay)
Info    : [ 30%] Meshing surface 290 (Plane, Frontal-Delaunay)
Info    : [ 30%] Meshing surface 291 (Plane, Frontal-Delaunay)
Info    : [ 30%] Meshing surface 304 (Plane, Frontal-Delaunay)
Info    : [ 30%] Meshing surface 305 (Plane, Frontal-Delaunay)
Info    : [ 30%] Meshing surface 306 (Plane, Frontal-Delaunay)
Info    : [ 30%] Meshing surface 307 (Plane, Frontal-Delaunay)
Info    : [ 30%] Meshing surface 308 (Plane, Frontal-Delaunay)
Info    : [ 30%] Meshing surface 309 (Plane, Frontal-Delaunay)
Info    : [ 30%] Meshing surface 310 (Plane, Frontal-Delaunay)
Info    : [ 30%] Meshing surface 311 (Plane, Frontal-Delaunay)
Info    : [ 30%] Meshing surface 312 (Plane, Frontal-Delaunay)
Info    : [ 30%] Meshing surface 313 (Plane, Frontal-Delaunay)
Info    : [ 30%] Meshing surface 314 (Plane, Frontal-Delaunay)
Info    : [ 30%] Meshing surface 315 (Plane, Frontal-Delaunay)
Info    : [ 30%] Meshing surface 328 (Plane, Frontal-Delaunay)
Info    : [ 30%] Meshing surface 329 (Plane, Frontal-Delaunay)
Info    : [ 30%] Meshing surface 330 (Plane, Frontal-Delaunay)
Info    : [ 30%] Meshing surface 331 (Plane, Frontal-Delaunay)
Info    : [ 30%] Meshing surface 332 (Plane, Frontal-Delaunay)
Info    : [ 30%] Meshing surface 333 (Plane, Frontal-Delaunay)
Info    : [ 30%] Meshing surface 334 (Plane, Frontal-Delaunay)
Info    : [ 30%] Meshing surface 335 (Plane, Frontal-Delaunay)
Info    : [ 30%] Meshing surface 336 (Plane, Frontal-Delaunay)
Info    : [ 30%] Meshing surface 337 (Plane, Frontal-Delaunay)
Info    : [ 30%] Meshing surface 338 (Plane, Frontal-Delaunay)
Info    : [ 30%] Meshing surface 339 (Plane, Frontal-Delaunay)
Info    : [ 30%] Meshing surface 352 (Plane, Frontal-Delaunay)
Info    : [ 30%] Meshing surface 353 (Plane, Frontal-Delaunay)
Info    : [ 30%] Meshing surface 354 (Plane, Frontal-Delaunay)
Info    : [ 30%] Meshing surface 355 (Plane, Frontal-Delaunay)
Info    : [ 30%] Meshing surface 356 (Plane, Frontal-Delaunay)
Info    : [ 30%] Meshing surface 357 (Plane, Frontal-Delaunay)
Info    : [ 40%] Meshing surface 358 (Plane, Frontal-Delaunay)
Info    : [ 40%] Meshing surface 359 (Plane, Frontal-Delaunay)
Info    : [ 40%] Meshing surface 360 (Plane, Frontal-Delaunay)
Info    : [ 40%] Meshing surface 361 (Plane, Frontal-Delaunay)
Info    : [ 40%] Meshing surface 362 (Plane, Frontal-Delaunay)
Info    : [ 40%] Meshing surface 363 (Plane, Frontal-Delaunay)
Info    : [ 40%] Meshing surface 376 (Plane, Frontal-Delaunay)
Info    : [ 40%] Meshing surface 377 (Plane, Frontal-Delaunay)
Info    : [ 40%] Meshing surface 378 (Plane, Frontal-Delaunay)
Info    : [ 40%] Meshing surface 379 (Plane, Frontal-Delaunay)
Info    : [ 40%] Meshing surface 380 (Plane, Frontal-Delaunay)
Info    : [ 40%] Meshing surface 381 (Plane, Frontal-Delaunay)
Info    : [ 40%] Meshing surface 382 (Plane, Frontal-Delaunay)
Info    : [ 40%] Meshing surface 383 (Plane, Frontal-Delaunay)
Info    : [ 40%] Meshing surface 384 (Plane, Frontal-Delaunay)
Info    : [ 40%] Meshing surface 385 (Plane, Frontal-Delaunay)
Info    : [ 40%] Meshing surface 386 (Plane, Frontal-Delaunay)
Info    : [ 40%] Meshing surface 387 (Plane, Frontal-Delaunay)
Info    : [ 40%] Meshing surface 400 (Plane, Frontal-Delaunay)
Info    : [ 40%] Meshing surface 401 (Plane, Frontal-Delaunay)
Info    : [ 40%] Meshing surface 402 (Plane, Frontal-Delaunay)
Info    : [ 40%] Meshing surface 403 (Plane, Frontal-Delaunay)
Info    : [ 40%] Meshing surface 404 (Plane, Frontal-Delaunay)
Info    : [ 40%] Meshing surface 405 (Plane, Frontal-Delaunay)
Info    : [ 40%] Meshing surface 406 (Plane, Frontal-Delaunay)
Info    : [ 40%] Meshing surface 407 (Plane, Frontal-Delaunay)
Info    : [ 40%] Meshing surface 408 (Plane, Frontal-Delaunay)
Info    : [ 40%] Meshing surface 409 (Plane, Frontal-Delaunay)
Info    : [ 40%] Meshing surface 410 (Plane, Frontal-Delaunay)
Info    : [ 40%] Meshing surface 411 (Plane, Frontal-Delaunay)
Info    : [ 40%] Meshing surface 424 (Plane, Frontal-Delaunay)
Info    : [ 40%] Meshing surface 425 (Plane, Frontal-Delaunay)
Info    : [ 40%] Meshing surface 426 (Plane, Frontal-Delaunay)
Info    : [ 40%] Meshing surface 427 (Plane, Frontal-Delaunay)
Info    : [ 40%] Meshing surface 428 (Plane, Frontal-Delaunay)
Info    : [ 40%] Meshing surface 429 (Plane, Frontal-Delaunay)
Info    : [ 40%] Meshing surface 430 (Plane, Frontal-Delaunay)
Info    : [ 40%] Meshing surface 431 (Plane, Frontal-Delaunay)
Info    : [ 40%] Meshing surface 432 (Plane, Frontal-Delaunay)
Info    : [ 40%] Meshing surface 433 (Plane, Frontal-Delaunay)
Info    : [ 40%] Meshing surface 434 (Plane, Frontal-Delaunay)
Info    : [ 40%] Meshing surface 435 (Plane, Frontal-Delaunay)
Info    : [ 40%] Meshing surface 448 (Plane, Frontal-Delaunay)
Info    : [ 40%] Meshing surface 449 (Plane, Frontal-Delaunay)
Info    : [ 40%] Meshing surface 450 (Plane, Frontal-Delaunay)
Info    : [ 40%] Meshing surface 451 (Plane, Frontal-Delaunay)
Info    : [ 40%] Meshing surface 452 (Plane, Frontal-Delaunay)
Info    : [ 40%] Meshing surface 453 (Plane, Frontal-Delaunay)
Info    : [ 40%] Meshing surface 454 (Plane, Frontal-Delaunay)
Info    : [ 40%] Meshing surface 455 (Plane, Frontal-Delaunay)
Info    : [ 40%] Meshing surface 456 (Plane, Frontal-Delaunay)
Info    : [ 40%] Meshing surface 457 (Plane, Frontal-Delaunay)
Info    : [ 40%] Meshing surface 458 (Plane, Frontal-Delaunay)
Info    : [ 40%] Meshing surface 459 (Plane, Frontal-Delaunay)
Info    : [ 40%] Meshing surface 472 (Plane, Frontal-Delaunay)
Info    : [ 40%] Meshing surface 473 (Plane, Frontal-Delaunay)
Info    : [ 40%] Meshing surface 474 (Plane, Frontal-Delaunay)
Info    : [ 40%] Meshing surface 475 (Plane, Frontal-Delaunay)
Info    : [ 50%] Meshing surface 476 (Plane, Frontal-Delaunay)
Info    : [ 50%] Meshing surface 477 (Plane, Frontal-Delaunay)
Info    : [ 50%] Meshing surface 478 (Plane, Frontal-Delaunay)
Info    : [ 50%] Meshing surface 479 (Plane, Frontal-Delaunay)
Info    : [ 50%] Meshing surface 480 (Plane, Frontal-Delaunay)
Info    : [ 50%] Meshing surface 481 (Plane, Frontal-Delaunay)
Info    : [ 50%] Meshing surface 482 (Plane, Frontal-Delaunay)
Info    : [ 50%] Meshing surface 483 (Plane, Frontal-Delaunay)
Info    : [ 50%] Meshing surface 496 (Plane, Frontal-Delaunay)
Info    : [ 50%] Meshing surface 497 (Plane, Frontal-Delaunay)
Info    : [ 50%] Meshing surface 498 (Plane, Frontal-Delaunay)
Info    : [ 50%] Meshing surface 499 (Plane, Frontal-Delaunay)
Info    : [ 50%] Meshing surface 500 (Plane, Frontal-Delaunay)
Info    : [ 50%] Meshing surface 501 (Plane, Frontal-Delaunay)
Info    : [ 50%] Meshing surface 502 (Plane, Frontal-Delaunay)
Info    : [ 50%] Meshing surface 503 (Plane, Frontal-Delaunay)
Info    : [ 50%] Meshing surface 504 (Plane, Frontal-Delaunay)
Info    : [ 50%] Meshing surface 505 (Plane, Frontal-Delaunay)
Info    : [ 50%] Meshing surface 506 (Plane, Frontal-Delaunay)
Info    : [ 50%] Meshing surface 507 (Plane, Frontal-Delaunay)
Info    : [ 50%] Meshing surface 520 (Plane, Frontal-Delaunay)
Info    : [ 50%] Meshing surface 521 (Plane, Frontal-Delaunay)
Info    : [ 50%] Meshing surface 522 (Plane, Frontal-Delaunay)
Info    : [ 50%] Meshing surface 523 (Plane, Frontal-Delaunay)
Info    : [ 50%] Meshing surface 524 (Plane, Frontal-Delaunay)
Info    : [ 50%] Meshing surface 525 (Plane, Frontal-Delaunay)
Info    : [ 50%] Meshing surface 526 (Plane, Frontal-Delaunay)
Info    : [ 50%] Meshing surface 527 (Plane, Frontal-Delaunay)
Info    : [ 50%] Meshing surface 528 (Plane, Frontal-Delaunay)
Info    : [ 50%] Meshing surface 529 (Plane, Frontal-Delaunay)
Info    : [ 50%] Meshing surface 530 (Plane, Frontal-Delaunay)
Info    : [ 50%] Meshing surface 531 (Plane, Frontal-Delaunay)
Info    : [ 50%] Meshing surface 544 (Plane, Frontal-Delaunay)
Info    : [ 50%] Meshing surface 545 (Plane, Frontal-Delaunay)
Info    : [ 50%] Meshing surface 546 (Plane, Frontal-Delaunay)
Info    : [ 50%] Meshing surface 547 (Plane, Frontal-Delaunay)
Info    : [ 50%] Meshing surface 548 (Plane, Frontal-Delaunay)
Info    : [ 50%] Meshing surface 549 (Plane, Frontal-Delaunay)
Info    : [ 50%] Meshing surface 550 (Plane, Frontal-Delaunay)
Info    : [ 50%] Meshing surface 551 (Plane, Frontal-Delaunay)
Info    : [ 50%] Meshing surface 552 (Plane, Frontal-Delaunay)
Info    : [ 50%] Meshing surface 553 (Plane, Frontal-Delaunay)
Info    : [ 50%] Meshing surface 554 (Plane, Frontal-Delaunay)
Info    : [ 50%] Meshing surface 555 (Plane, Frontal-Delaunay)
Info    : [ 50%] Meshing surface 568 (Plane, Frontal-Delaunay)
Info    : [ 50%] Meshing surface 569 (Plane, Frontal-Delaunay)
Info    : [ 50%] Meshing surface 570 (Plane, Frontal-Delaunay)
Info    : [ 50%] Meshing surface 571 (Plane, Frontal-Delaunay)
Info    : [ 50%] Meshing surface 572 (Plane, Frontal-Delaunay)
Info    : [ 50%] Meshing surface 573 (Plane, Frontal-Delaunay)
Info    : [ 50%] Meshing surface 574 (Plane, Frontal-Delaunay)
Info    : [ 50%] Meshing surface 575 (Plane, Frontal-Delaunay)
Info    : [ 50%] Meshing surface 576 (Plane, Frontal-Delaunay)
Info    : [ 50%] Meshing surface 577 (Plane, Frontal-Delaunay)
Info    : [ 50%] Meshing surface 578 (Plane, Frontal-Delaunay)
Info    : [ 50%] Meshing surface 579 (Plane, Frontal-Delaunay)
Info    : [ 50%] Meshing surface 592 (Plane, Frontal-Delaunay)
Info    : [ 50%] Meshing surface 593 (Plane, Frontal-Delaunay)
Info    : [ 60%] Meshing surface 594 (Plane, Frontal-Delaunay)
Info    : [ 60%] Meshing surface 595 (Plane, Frontal-Delaunay)
Info    : [ 60%] Meshing surface 596 (Plane, Frontal-Delaunay)
Info    : [ 60%] Meshing surface 597 (Plane, Frontal-Delaunay)
Info    : [ 60%] Meshing surface 598 (Plane, Frontal-Delaunay)
Info    : [ 60%] Meshing surface 599 (Plane, Frontal-Delaunay)
Info    : [ 60%] Meshing surface 600 (Plane, Frontal-Delaunay)
Info    : [ 60%] Meshing surface 601 (Plane, Frontal-Delaunay)
Info    : [ 60%] Meshing surface 602 (Plane, Frontal-Delaunay)
Info    : [ 60%] Meshing surface 603 (Plane, Frontal-Delaunay)
Info    : [ 60%] Meshing surface 616 (Plane, Frontal-Delaunay)
Info    : [ 60%] Meshing surface 617 (Plane, Frontal-Delaunay)
Info    : [ 60%] Meshing surface 618 (Plane, Frontal-Delaunay)
Info    : [ 60%] Meshing surface 619 (Plane, Frontal-Delaunay)
Info    : [ 60%] Meshing surface 620 (Plane, Frontal-Delaunay)
Info    : [ 60%] Meshing surface 621 (Plane, Frontal-Delaunay)
Info    : [ 60%] Meshing surface 622 (Plane, Frontal-Delaunay)
Info    : [ 60%] Meshing surface 623 (Plane, Frontal-Delaunay)
Info    : [ 60%] Meshing surface 624 (Plane, Frontal-Delaunay)
Info    : [ 60%] Meshing surface 625 (Plane, Frontal-Delaunay)
Info    : [ 60%] Meshing surface 626 (Plane, Frontal-Delaunay)
Info    : [ 60%] Meshing surface 627 (Plane, Frontal-Delaunay)
Info    : [ 60%] Meshing surface 640 (Plane, Frontal-Delaunay)
Info    : [ 60%] Meshing surface 641 (Plane, Frontal-Delaunay)
Info    : [ 60%] Meshing surface 642 (Plane, Frontal-Delaunay)
Info    : [ 60%] Meshing surface 643 (Plane, Frontal-Delaunay)
Info    : [ 60%] Meshing surface 644 (Plane, Frontal-Delaunay)
Info    : [ 60%] Meshing surface 645 (Plane, Frontal-Delaunay)
Info    : [ 60%] Meshing surface 646 (Plane, Frontal-Delaunay)
Info    : [ 60%] Meshing surface 647 (Plane, Frontal-Delaunay)
Info    : [ 60%] Meshing surface 648 (Plane, Frontal-Delaunay)
Info    : [ 60%] Meshing surface 649 (Plane, Frontal-Delaunay)
Info    : [ 60%] Meshing surface 650 (Plane, Frontal-Delaunay)
Info    : [ 60%] Meshing surface 651 (Plane, Frontal-Delaunay)
Info    : [ 60%] Meshing surface 664 (Plane, Frontal-Delaunay)
Info    : [ 60%] Meshing surface 665 (Plane, Frontal-Delaunay)
Info    : [ 60%] Meshing surface 666 (Plane, Frontal-Delaunay)
Info    : [ 60%] Meshing surface 667 (Plane, Frontal-Delaunay)
Info    : [ 60%] Meshing surface 668 (Plane, Frontal-Delaunay)
Info    : [ 60%] Meshing surface 669 (Plane, Frontal-Delaunay)
Info    : [ 60%] Meshing surface 670 (Plane, Frontal-Delaunay)
Info    : [ 60%] Meshing surface 671 (Plane, Frontal-Delaunay)
Info    : [ 60%] Meshing surface 672 (Plane, Frontal-Delaunay)
Info    : [ 60%] Meshing surface 673 (Plane, Frontal-Delaunay)
Info    : [ 60%] Meshing surface 674 (Plane, Frontal-Delaunay)
Info    : [ 60%] Meshing surface 675 (Plane, Frontal-Delaunay)
Info    : [ 60%] Meshing surface 688 (Plane, Frontal-Delaunay)
Info    : [ 60%] Meshing surface 689 (Plane, Frontal-Delaunay)
Info    : [ 60%] Meshing surface 690 (Plane, Frontal-Delaunay)
Info    : [ 60%] Meshing surface 691 (Plane, Frontal-Delaunay)
Info    : [ 60%] Meshing surface 692 (Plane, Frontal-Delaunay)
Info    : [ 60%] Meshing surface 693 (Plane, Frontal-Delaunay)
Info    : [ 60%] Meshing surface 694 (Plane, Frontal-Delaunay)
Info    : [ 60%] Meshing surface 695 (Plane, Frontal-Delaunay)
Info    : [ 60%] Meshing surface 696 (Plane, Frontal-Delaunay)
Info    : [ 60%] Meshing surface 697 (Plane, Frontal-Delaunay)
Info    : [ 60%] Meshing surface 698 (Plane, Frontal-Delaunay)
Info    : [ 60%] Meshing surface 699 (Plane, Frontal-Delaunay)
Info    : [ 70%] Meshing surface 712 (Plane, Frontal-Delaunay)
Info    : [ 70%] Meshing surface 713 (Plane, Frontal-Delaunay)
Info    : [ 70%] Meshing surface 714 (Plane, Frontal-Delaunay)
Info    : [ 70%] Meshing surface 715 (Plane, Frontal-Delaunay)
Info    : [ 70%] Meshing surface 716 (Plane, Frontal-Delaunay)
Info    : [ 70%] Meshing surface 717 (Plane, Frontal-Delaunay)
Info    : [ 70%] Meshing surface 718 (Plane, Frontal-Delaunay)
Info    : [ 70%] Meshing surface 719 (Plane, Frontal-Delaunay)
Info    : [ 70%] Meshing surface 720 (Plane, Frontal-Delaunay)
Info    : [ 70%] Meshing surface 721 (Plane, Frontal-Delaunay)
Info    : [ 70%] Meshing surface 722 (Plane, Frontal-Delaunay)
Info    : [ 70%] Meshing surface 723 (Plane, Frontal-Delaunay)
Info    : [ 70%] Meshing surface 736 (Plane, Frontal-Delaunay)
Info    : [ 70%] Meshing surface 737 (Plane, Frontal-Delaunay)
Info    : [ 70%] Meshing surface 738 (Plane, Frontal-Delaunay)
Info    : [ 70%] Meshing surface 739 (Plane, Frontal-Delaunay)
Info    : [ 70%] Meshing surface 740 (Plane, Frontal-Delaunay)
Info    : [ 70%] Meshing surface 741 (Plane, Frontal-Delaunay)
Info    : [ 70%] Meshing surface 742 (Plane, Frontal-Delaunay)
Info    : [ 70%] Meshing surface 743 (Plane, Frontal-Delaunay)
Info    : [ 70%] Meshing surface 744 (Plane, Frontal-Delaunay)
Info    : [ 70%] Meshing surface 745 (Plane, Frontal-Delaunay)
Info    : [ 70%] Meshing surface 746 (Plane, Frontal-Delaunay)
Info    : [ 70%] Meshing surface 747 (Plane, Frontal-Delaunay)
Info    : [ 70%] Meshing surface 760 (Plane, Frontal-Delaunay)
Info    : [ 70%] Meshing surface 761 (Plane, Frontal-Delaunay)
Info    : [ 70%] Meshing surface 762 (Plane, Frontal-Delaunay)
Info    : [ 70%] Meshing surface 763 (Plane, Frontal-Delaunay)
Info    : [ 70%] Meshing surface 764 (Plane, Frontal-Delaunay)
Info    : [ 70%] Meshing surface 765 (Plane, Frontal-Delaunay)
Info    : [ 70%] Meshing surface 766 (Plane, Frontal-Delaunay)
Info    : [ 70%] Meshing surface 767 (Plane, Frontal-Delaunay)
Info    : [ 70%] Meshing surface 768 (Plane, Frontal-Delaunay)
Info    : [ 70%] Meshing surface 769 (Plane, Frontal-Delaunay)
Info    : [ 70%] Meshing surface 770 (Plane, Frontal-Delaunay)
Info    : [ 70%] Meshing surface 771 (Plane, Frontal-Delaunay)
Info    : [ 70%] Meshing surface 784 (Plane, Frontal-Delaunay)
Info    : [ 70%] Meshing surface 785 (Plane, Frontal-Delaunay)
Info    : [ 70%] Meshing surface 786 (Plane, Frontal-Delaunay)
Info    : [ 70%] Meshing surface 787 (Plane, Frontal-Delaunay)
Info    : [ 70%] Meshing surface 788 (Plane, Frontal-Delaunay)
Info    : [ 70%] Meshing surface 789 (Plane, Frontal-Delaunay)
Info    : [ 70%] Meshing surface 790 (Plane, Frontal-Delaunay)
Info    : [ 70%] Meshing surface 791 (Plane, Frontal-Delaunay)
Info    : [ 70%] Meshing surface 792 (Plane, Frontal-Delaunay)
Info    : [ 70%] Meshing surface 793 (Plane, Frontal-Delaunay)
Info    : [ 70%] Meshing surface 794 (Plane, Frontal-Delaunay)
Info    : [ 70%] Meshing surface 795 (Plane, Frontal-Delaunay)
Info    : [ 70%] Meshing surface 808 (Plane, Frontal-Delaunay)
Info    : [ 70%] Meshing surface 809 (Plane, Frontal-Delaunay)
Info    : [ 70%] Meshing surface 810 (Plane, Frontal-Delaunay)
Info    : [ 70%] Meshing surface 811 (Plane, Frontal-Delaunay)
Info    : [ 70%] Meshing surface 812 (Plane, Frontal-Delaunay)
Info    : [ 70%] Meshing surface 813 (Plane, Frontal-Delaunay)
Info    : [ 70%] Meshing surface 814 (Plane, Frontal-Delaunay)
Info    : [ 70%] Meshing surface 815 (Plane, Frontal-Delaunay)
Info    : [ 70%] Meshing surface 816 (Plane, Frontal-Delaunay)
Info    : [ 70%] Meshing surface 817 (Plane, Frontal-Delaunay)
Info    : [ 80%] Meshing surface 818 (Plane, Frontal-Delaunay)
Info    : [ 80%] Meshing surface 819 (Plane, Frontal-Delaunay)
Info    : [ 80%] Meshing surface 832 (Plane, Frontal-Delaunay)
Info    : [ 80%] Meshing surface 833 (Plane, Frontal-Delaunay)
Info    : [ 80%] Meshing surface 834 (Plane, Frontal-Delaunay)
Info    : [ 80%] Meshing surface 835 (Plane, Frontal-Delaunay)
Info    : [ 80%] Meshing surface 836 (Plane, Frontal-Delaunay)
Info    : [ 80%] Meshing surface 837 (Plane, Frontal-Delaunay)
Info    : [ 80%] Meshing surface 838 (Plane, Frontal-Delaunay)
Info    : [ 80%] Meshing surface 839 (Plane, Frontal-Delaunay)
Info    : [ 80%] Meshing surface 840 (Plane, Frontal-Delaunay)
Info    : [ 80%] Meshing surface 841 (Plane, Frontal-Delaunay)
Info    : [ 80%] Meshing surface 842 (Plane, Frontal-Delaunay)
Info    : [ 80%] Meshing surface 843 (Plane, Frontal-Delaunay)
Info    : [ 80%] Meshing surface 856 (Plane, Frontal-Delaunay)
Info    : [ 80%] Meshing surface 857 (Plane, Frontal-Delaunay)
Info    : [ 80%] Meshing surface 858 (Plane, Frontal-Delaunay)
Info    : [ 80%] Meshing surface 859 (Plane, Frontal-Delaunay)
Info    : [ 80%] Meshing surface 860 (Plane, Frontal-Delaunay)
Info    : [ 80%] Meshing surface 861 (Plane, Frontal-Delaunay)
Info    : [ 80%] Meshing surface 862 (Plane, Frontal-Delaunay)
Info    : [ 80%] Meshing surface 863 (Plane, Frontal-Delaunay)
Info    : [ 80%] Meshing surface 864 (Plane, Frontal-Delaunay)
Info    : [ 80%] Meshing surface 865 (Plane, Frontal-Delaunay)
Info    : [ 80%] Meshing surface 866 (Plane, Frontal-Delaunay)
Info    : [ 80%] Meshing surface 867 (Plane, Frontal-Delaunay)
Info    : [ 80%] Meshing surface 880 (Plane, Frontal-Delaunay)
Info    : [ 80%] Meshing surface 881 (Plane, Frontal-Delaunay)
Info    : [ 80%] Meshing surface 882 (Plane, Frontal-Delaunay)
Info    : [ 80%] Meshing surface 883 (Plane, Frontal-Delaunay)
Info    : [ 80%] Meshing surface 884 (Plane, Frontal-Delaunay)
Info    : [ 80%] Meshing surface 885 (Plane, Frontal-Delaunay)
Info    : [ 80%] Meshing surface 886 (Plane, Frontal-Delaunay)
Info    : [ 80%] Meshing surface 887 (Plane, Frontal-Delaunay)
Info    : [ 80%] Meshing surface 888 (Plane, Frontal-Delaunay)
Info    : [ 80%] Meshing surface 889 (Plane, Frontal-Delaunay)
Info    : [ 80%] Meshing surface 890 (Plane, Frontal-Delaunay)
Info    : [ 80%] Meshing surface 891 (Plane, Frontal-Delaunay)
Info    : [ 80%] Meshing surface 904 (Plane, Frontal-Delaunay)
Info    : [ 80%] Meshing surface 905 (Plane, Frontal-Delaunay)
Info    : [ 80%] Meshing surface 906 (Plane, Frontal-Delaunay)
Info    : [ 80%] Meshing surface 907 (Plane, Frontal-Delaunay)
Info    : [ 80%] Meshing surface 908 (Plane, Frontal-Delaunay)
Info    : [ 80%] Meshing surface 909 (Plane, Frontal-Delaunay)
Info    : [ 80%] Meshing surface 910 (Plane, Frontal-Delaunay)
Info    : [ 80%] Meshing surface 911 (Plane, Frontal-Delaunay)
Info    : [ 80%] Meshing surface 912 (Plane, Frontal-Delaunay)
Info    : [ 80%] Meshing surface 913 (Plane, Frontal-Delaunay)
Info    : [ 80%] Meshing surface 914 (Plane, Frontal-Delaunay)
Info    : [ 80%] Meshing surface 915 (Plane, Frontal-Delaunay)
Info    : [ 80%] Meshing surface 928 (Plane, Frontal-Delaunay)
Info    : [ 80%] Meshing surface 929 (Plane, Frontal-Delaunay)
Info    : [ 80%] Meshing surface 930 (Plane, Frontal-Delaunay)
Info    : [ 80%] Meshing surface 931 (Plane, Frontal-Delaunay)
Info    : [ 80%] Meshing surface 932 (Plane, Frontal-Delaunay)
Info    : [ 80%] Meshing surface 933 (Plane, Frontal-Delaunay)
Info    : [ 80%] Meshing surface 934 (Plane, Frontal-Delaunay)
Info    : [ 80%] Meshing surface 935 (Plane, Frontal-Delaunay)
Info    : [ 90%] Meshing surface 936 (Plane, Frontal-Delaunay)
Info    : [ 90%] Meshing surface 937 (Plane, Frontal-Delaunay)
Info    : [ 90%] Meshing surface 938 (Plane, Frontal-Delaunay)
Info    : [ 90%] Meshing surface 939 (Plane, Frontal-Delaunay)
Info    : [ 90%] Meshing surface 952 (Plane, Frontal-Delaunay)
Info    : [ 90%] Meshing surface 953 (Plane, Frontal-Delaunay)
Info    : [ 90%] Meshing surface 954 (Plane, Frontal-Delaunay)
Info    : [ 90%] Meshing surface 955 (Plane, Frontal-Delaunay)
Info    : [ 90%] Meshing surface 956 (Plane, Frontal-Delaunay)
Info    : [ 90%] Meshing surface 957 (Plane, Frontal-Delaunay)
Info    : [ 90%] Meshing surface 958 (Plane, Frontal-Delaunay)
Info    : [ 90%] Meshing surface 959 (Plane, Frontal-Delaunay)
Info    : [ 90%] Meshing surface 960 (Plane, Frontal-Delaunay)
Info    : [ 90%] Meshing surface 961 (Plane, Frontal-Delaunay)
Info    : [ 90%] Meshing surface 962 (Plane, Frontal-Delaunay)
Info    : [ 90%] Meshing surface 963 (Plane, Frontal-Delaunay)
Info    : [ 90%] Meshing surface 976 (Plane, Frontal-Delaunay)
Info    : [ 90%] Meshing surface 977 (Plane, Frontal-Delaunay)
Info    : [ 90%] Meshing surface 978 (Plane, Frontal-Delaunay)
Info    : [ 90%] Meshing surface 979 (Plane, Frontal-Delaunay)
Info    : [ 90%] Meshing surface 980 (Plane, Frontal-Delaunay)
Info    : [ 90%] Meshing surface 981 (Plane, Frontal-Delaunay)
Info    : [ 90%] Meshing surface 982 (Plane, Frontal-Delaunay)
Info    : [ 90%] Meshing surface 983 (Plane, Frontal-Delaunay)
Info    : [ 90%] Meshing surface 984 (Plane, Frontal-Delaunay)
Info    : [ 90%] Meshing surface 985 (Plane, Frontal-Delaunay)
Info    : [ 90%] Meshing surface 986 (Plane, Frontal-Delaunay)
Info    : [ 90%] Meshing surface 987 (Plane, Frontal-Delaunay)
Info    : [ 90%] Meshing surface 1000 (Plane, Frontal-Delaunay)
Info    : [ 90%] Meshing surface 1001 (Plane, Frontal-Delaunay)
Info    : [ 90%] Meshing surface 1002 (Plane, Frontal-Delaunay)
Info    : [ 90%] Meshing surface 1003 (Plane, Frontal-Delaunay)
Info    : [ 90%] Meshing surface 1004 (Plane, Frontal-Delaunay)
Info    : [ 90%] Meshing surface 1005 (Plane, Frontal-Delaunay)
Info    : [ 90%] Meshing surface 1006 (Plane, Frontal-Delaunay)
Info    : [ 90%] Meshing surface 1007 (Plane, Frontal-Delaunay)
Info    : [ 90%] Meshing surface 1008 (Plane, Frontal-Delaunay)
Info    : [ 90%] Meshing surface 1009 (Plane, Frontal-Delaunay)
Info    : [ 90%] Meshing surface 1010 (Plane, Frontal-Delaunay)
Info    : [ 90%] Meshing surface 1011 (Plane, Frontal-Delaunay)
Info    : [ 90%] Meshing surface 1024 (Plane, Frontal-Delaunay)
Info    : [ 90%] Meshing surface 1025 (Plane, Frontal-Delaunay)
Info    : [ 90%] Meshing surface 1026 (Plane, Frontal-Delaunay)
Info    : [ 90%] Meshing surface 1027 (Plane, Frontal-Delaunay)
Info    : [ 90%] Meshing surface 1028 (Plane, Frontal-Delaunay)
Info    : [ 90%] Meshing surface 1029 (Plane, Frontal-Delaunay)
Info    : [ 90%] Meshing surface 1030 (Plane, Frontal-Delaunay)
Info    : [ 90%] Meshing surface 1031 (Plane, Frontal-Delaunay)
Info    : [ 90%] Meshing surface 1032 (Plane, Frontal-Delaunay)
Info    : [ 90%] Meshing surface 1033 (Plane, Frontal-Delaunay)
Info    : [ 90%] Meshing surface 1034 (Plane, Frontal-Delaunay)
Info    : [ 90%] Meshing surface 1035 (Plane, Frontal-Delaunay)
Info    : [ 90%] Meshing surface 1048 (Plane, Frontal-Delaunay)
Info    : [ 90%] Meshing surface 1049 (Plane, Frontal-Delaunay)
Info    : [ 90%] Meshing surface 1050 (Plane, Frontal-Delaunay)
Info    : [ 90%] Meshing surface 1051 (Plane, Frontal-Delaunay)
Info    : [ 90%] Meshing surface 1052 (Plane, Frontal-Delaunay)
Info    : [ 90%] Meshing surface 1053 (Plane, Frontal-Delaunay)
Info    : [100%] Meshing surface 1054 (Plane, Frontal-Delaunay)
Info    : [100%] Meshing surface 1055 (Plane, Frontal-Delaunay)
Info    : [100%] Meshing surface 1056 (Plane, Frontal-Delaunay)
Info    : [100%] Meshing surface 1057 (Plane, Frontal-Delaunay)
Info    : [100%] Meshing surface 1058 (Plane, Frontal-Delaunay)
Info    : [100%] Meshing surface 1059 (Plane, Frontal-Delaunay)
Info    : [100%] Meshing surface 1072 (Plane, Frontal-Delaunay)
Info    : [100%] Meshing surface 1073 (Plane, Frontal-Delaunay)
Info    : [100%] Meshing surface 1074 (Plane, Frontal-Delaunay)
Info    : [100%] Meshing surface 1075 (Plane, Frontal-Delaunay)
Info    : [100%] Meshing surface 1076 (Plane, Frontal-Delaunay)
Info    : [100%] Meshing surface 1077 (Plane, Frontal-Delaunay)
Info    : [100%] Meshing surface 1078 (Plane, Frontal-Delaunay)
Info    : [100%] Meshing surface 1079 (Plane, Frontal-Delaunay)
Info    : [100%] Meshing surface 1080 (Plane, Frontal-Delaunay)
Info    : [100%] Meshing surface 1081 (Plane, Frontal-Delaunay)
Info    : [100%] Meshing surface 1082 (Plane, Frontal-Delaunay)
Info    : [100%] Meshing surface 1083 (Plane, Frontal-Delaunay)
Info    : [100%] Meshing surface 1096 (Plane, Frontal-Delaunay)
Info    : [100%] Meshing surface 1097 (Plane, Frontal-Delaunay)
Info    : [100%] Meshing surface 1098 (Plane, Frontal-Delaunay)
Info    : [100%] Meshing surface 1099 (Plane, Frontal-Delaunay)
Info    : [100%] Meshing surface 1100 (Plane, Frontal-Delaunay)
Info    : [100%] Meshing surface 1101 (Plane, Frontal-Delaunay)
Info    : [100%] Meshing surface 1102 (Plane, Frontal-Delaunay)
Info    : [100%] Meshing surface 1103 (Plane, Frontal-Delaunay)
Info    : [100%] Meshing surface 1104 (Plane, Frontal-Delaunay)
Info    : [100%] Meshing surface 1105 (Plane, Frontal-Delaunay)
Info    : [100%] Meshing surface 1106 (Plane, Frontal-Delaunay)
Info    : [100%] Meshing surface 1107 (Plane, Frontal-Delaunay)
Info    : [100%] Meshing surface 1120 (Plane, Frontal-Delaunay)
Info    : [100%] Meshing surface 1121 (Plane, Frontal-Delaunay)
Info    : [100%] Meshing surface 1122 (Plane, Frontal-Delaunay)
Info    : [100%] Meshing surface 1123 (Plane, Frontal-Delaunay)
Info    : [100%] Meshing surface 1124 (Plane, Frontal-Delaunay)
Info    : [100%] Meshing surface 1125 (Plane, Frontal-Delaunay)
Info    : [100%] Meshing surface 1126 (Plane, Frontal-Delaunay)
Info    : [100%] Meshing surface 1127 (Plane, Frontal-Delaunay)
Info    : [100%] Meshing surface 1128 (Plane, Frontal-Delaunay)
Info    : [100%] Meshing surface 1129 (Plane, Frontal-Delaunay)
Info    : [100%] Meshing surface 1130 (Plane, Frontal-Delaunay)
Info    : [100%] Meshing surface 1131 (Plane, Frontal-Delaunay)
Info    : [100%] Meshing surface 1144 (Plane, Frontal-Delaunay)
Info    : [100%] Meshing surface 1145 (Plane, Frontal-Delaunay)
Info    : [100%] Meshing surface 1146 (Plane, Frontal-Delaunay)
Info    : [100%] Meshing surface 1147 (Plane, Frontal-Delaunay)
Info    : [100%] Meshing surface 1148 (Plane, Frontal-Delaunay)
Info    : [100%] Meshing surface 1149 (Plane, Frontal-Delaunay)
Info    : [100%] Meshing surface 1150 (Plane, Frontal-Delaunay)
Info    : [100%] Meshing surface 1151 (Plane, Frontal-Delaunay)
Info    : [100%] Meshing surface 1152 (Plane, Frontal-Delaunay)
Info    : [100%] Meshing surface 1153 (Plane, Frontal-Delaunay)
Info    : [100%] Meshing surface 1154 (Plane, Frontal-Delaunay)
Info    : [100%] Meshing surface 1155 (Plane, Frontal-Delaunay)
Info    : [100%] Meshing surface 1156 (Cylinder, Frontal-Delaunay)
Info    : [100%] Meshing surface 1157 (Plane, Frontal-Delaunay)
Info    : [100%] Meshing surface 1158 (Plane, Frontal-Delaunay)
Info    : Done meshing 2D (Wall 1.26109s, CPU 1.25606s)
Info    : Meshing 3D...
Info    : 3D Meshing 97 volumes with 1 connected component
Info    : Tetrahedrizing 71801 nodes...
Info    : Done tetrahedrizing 71809 nodes (Wall 0.63015s, CPU 0.604341s)
Info    : Reconstructing mesh...
Info    :  - Creating surface mesh
Info    :  - Identifying boundary edges
Info    :  - Recovering boundary
Info    :  - Added 8 Steiner points
Info    : Done reconstructing mesh (Wall 1.60803s, CPU 1.51971s)
Info    : Found volume 40013
Info    : Found volume 10010
Info    : Found volume 20032
Info    : Found volume 20004
Info    : Found volume 30010
Info    : Found volume 10027
Info    : Found volume 10019
Info    : Found volume 10024
Info    : Found volume 10012
Info    : Found volume 10003
Info    : Found volume 10011
Info    : Found volume 10032
Info    : Found volume 10036
Info    : Found volume 10015
Info    : Found volume 10020
Info    : Found volume 10035
Info    : Found volume 10016
Info    : Found volume 10031
Info    : Found volume 10007
Info    : Found volume 10008
Info    : Found volume 10028
Info    : Found volume 10023
Info    : Found volume 10004
Info    : Found volume 30004
Info    : Found volume 30011
Info    : Found volume 30007
Info    : Found volume 30003
Info    : Found volume 30008
Info    : Found volume 30012
Info    : Found volume 10030
Info    : Found volume 10013
Info    : Found volume 10017
Info    : Found volume 10033
Info    : Found volume 10029
Info    : Found volume 10005
Info    : Found volume 10002
Info    : Found volume 10018
Info    : Found volume 10014
Info    : Found volume 10006
Info    : Found volume 10022
Info    : Found volume 10021
Info    : Found volume 10034
Info    : Found volume 10009
Info    : Found volume 10026
Info    : Found volume 10001
Info    : Found volume 10025
Info    : Found volume 20024
Info    : Found volume 20018
Info    : Found volume 40006
Info    : Found volume 20003
Info    : Found volume 20012
Info    : Found volume 20015
Info    : Found volume 20017
Info    : Found volume 40010
Info    : Found volume 20023
Info    : Found volume 20030
Info    : Found volume 20013
Info    : Found volume 20033
Info    : Found volume 20021
Info    : Found volume 30001
Info    : Found volume 20009
Info    : Found volume 20001
Info    : Found volume 30005
Info    : Found volume 20020
Info    : Found volume 20028
Info    : Found volume 20031
Info    : Found volume 30006
Info    : Found volume 20034
Info    : Found volume 20011
Info    : Found volume 30009
Info    : Found volume 20014
Info    : Found volume 20036
Info    : Found volume 40008
Info    : Found volume 20019
Info    : Found volume 40001
Info    : Found volume 20016
Info    : Found volume 20007
Info    : Found volume 20029
Info    : Found volume 20025
Info    : Found volume 40005
Info    : Found volume 20006
Info    : Found volume 20010
Info    : Found volume 20008
Info    : Found volume 40012
Info    : Found volume 20026
Info    : Found volume 40009
Info    : Found volume 20002
Info    : Found volume 40011
Info    : Found volume 40007
Info    : Found volume 40004
Info    : Found volume 20005
Info    : Found volume 30002
Info    : Found volume 40002
Info    : Found volume 40003
Info    : Found volume 20035
Info    : Found volume 20027
Info    : Found volume 20022
Info    : It. 0 - 0 nodes created - worst tet radius 152.695 (nodes removed 0 0)
Info    : It. 500 - 454 nodes created - worst tet radius 5.7648 (nodes removed 0 46)
Info    : It. 1000 - 954 nodes created - worst tet radius 3.2882 (nodes removed 0 46)
Info    : It. 1500 - 1454 nodes created - worst tet radius 2.87356 (nodes removed 0 46)
Info    : It. 2000 - 1954 nodes created - worst tet radius 2.70975 (nodes removed 0 46)
Info    : It. 2500 - 2450 nodes created - worst tet radius 2.55471 (nodes removed 0 50)
Info    : It. 3000 - 2948 nodes created - worst tet radius 2.46047 (nodes removed 0 52)
Info    : It. 3500 - 3448 nodes created - worst tet radius 2.40403 (nodes removed 0 52)
Info    : It. 4000 - 3948 nodes created - worst tet radius 2.34017 (nodes removed 0 52)
Info    : It. 4500 - 4448 nodes created - worst tet radius 2.28494 (nodes removed 0 52)
Info    : It. 5000 - 4948 nodes created - worst tet radius 2.25418 (nodes removed 0 52)
Info    : It. 5500 - 5448 nodes created - worst tet radius 2.20172 (nodes removed 0 52)
Info    : It. 6000 - 5948 nodes created - worst tet radius 2.5984 (nodes removed 0 52)
Info    : It. 6500 - 6448 nodes created - worst tet radius 2.16017 (nodes removed 0 52)
Info    : It. 7000 - 6948 nodes created - worst tet radius 2.13491 (nodes removed 0 52)
Info    : It. 7500 - 7446 nodes created - worst tet radius 2.6458 (nodes removed 0 54)
Info    : It. 8000 - 7946 nodes created - worst tet radius 2.11024 (nodes removed 0 54)
Info    : It. 8500 - 8446 nodes created - worst tet radius 2.09055 (nodes removed 0 54)
Info    : It. 9000 - 8944 nodes created - worst tet radius 2.96915 (nodes removed 0 56)
Info    : It. 9500 - 9444 nodes created - worst tet radius 2.06822 (nodes removed 0 56)
Info    : It. 10000 - 9944 nodes created - worst tet radius 2.63223 (nodes removed 0 56)
Info    : It. 10500 - 10444 nodes created - worst tet radius 2.64589 (nodes removed 0 56)
Info    : It. 11000 - 10944 nodes created - worst tet radius 2.71008 (nodes removed 0 56)
Info    : It. 11500 - 11444 nodes created - worst tet radius 2.14298 (nodes removed 0 56)
Info    : It. 12000 - 11944 nodes created - worst tet radius 3.22246 (nodes removed 0 56)
Info    : It. 12500 - 12444 nodes created - worst tet radius 2.75985 (nodes removed 0 56)
Info    : It. 13000 - 12944 nodes created - worst tet radius 2.00105 (nodes removed 0 56)
Info    : It. 13500 - 13444 nodes created - worst tet radius 2.0904 (nodes removed 0 56)
Info    : It. 14000 - 13944 nodes created - worst tet radius 1.97192 (nodes removed 0 56)
Info    : It. 14500 - 14444 nodes created - worst tet radius 1.97838 (nodes removed 0 56)
Info    : It. 15000 - 14944 nodes created - worst tet radius 1.94374 (nodes removed 0 56)
Info    : It. 15500 - 15444 nodes created - worst tet radius 1.93298 (nodes removed 0 56)
Info    : It. 16000 - 15944 nodes created - worst tet radius 1.9171 (nodes removed 0 56)
Info    : It. 16500 - 16439 nodes created - worst tet radius 2.32915 (nodes removed 0 61)
Info    : It. 17000 - 16939 nodes created - worst tet radius 1.88894 (nodes removed 0 61)
Info    : It. 17500 - 17439 nodes created - worst tet radius 1.8704 (nodes removed 0 61)
Info    : It. 18000 - 17939 nodes created - worst tet radius 1.85261 (nodes removed 0 61)
Info    : It. 18500 - 18439 nodes created - worst tet radius 1.83415 (nodes removed 0 61)
Info    : It. 19000 - 18939 nodes created - worst tet radius 1.81888 (nodes removed 0 61)
Info    : It. 19500 - 19439 nodes created - worst tet radius 1.80286 (nodes removed 0 61)
Info    : It. 20000 - 19939 nodes created - worst tet radius 1.81561 (nodes removed 0 61)
Info    : It. 20500 - 20439 nodes created - worst tet radius 1.77297 (nodes removed 0 61)
Info    : It. 21000 - 20939 nodes created - worst tet radius 1.82127 (nodes removed 0 61)
Info    : It. 21500 - 21439 nodes created - worst tet radius 1.91669 (nodes removed 0 61)
Info    : It. 22000 - 21939 nodes created - worst tet radius 1.85684 (nodes removed 0 61)
Info    : It. 22500 - 22439 nodes created - worst tet radius 1.7213 (nodes removed 0 61)
Info    : It. 23000 - 22939 nodes created - worst tet radius 1.70927 (nodes removed 0 61)
Info    : It. 23500 - 23439 nodes created - worst tet radius 1.69833 (nodes removed 0 61)
Info    : It. 24000 - 23939 nodes created - worst tet radius 1.68707 (nodes removed 0 61)
Info    : It. 24500 - 24439 nodes created - worst tet radius 1.67784 (nodes removed 0 61)
Info    : It. 25000 - 24939 nodes created - worst tet radius 1.66835 (nodes removed 0 61)
Info    : It. 25500 - 25439 nodes created - worst tet radius 1.65845 (nodes removed 0 61)
Info    : It. 26000 - 25939 nodes created - worst tet radius 1.6493 (nodes removed 0 61)
Info    : It. 26500 - 26439 nodes created - worst tet radius 1.79413 (nodes removed 0 61)
Info    : It. 27000 - 26939 nodes created - worst tet radius 1.69839 (nodes removed 0 61)
Info    : It. 27500 - 27439 nodes created - worst tet radius 1.62306 (nodes removed 0 61)
Info    : It. 28000 - 27939 nodes created - worst tet radius 1.61366 (nodes removed 0 61)
Info    : It. 28500 - 28439 nodes created - worst tet radius 1.60543 (nodes removed 0 61)
Info    : It. 29000 - 28939 nodes created - worst tet radius 1.59742 (nodes removed 0 61)
Info    : It. 29500 - 29439 nodes created - worst tet radius 1.65025 (nodes removed 0 61)
Info    : It. 30000 - 29939 nodes created - worst tet radius 1.58148 (nodes removed 0 61)
Info    : It. 30500 - 30439 nodes created - worst tet radius 1.66948 (nodes removed 0 61)
Info    : It. 31000 - 30939 nodes created - worst tet radius 1.65951 (nodes removed 0 61)
Info    : It. 31500 - 31439 nodes created - worst tet radius 1.55925 (nodes removed 0 61)
Info    : It. 32000 - 31939 nodes created - worst tet radius 1.55169 (nodes removed 0 61)
Info    : It. 32500 - 32439 nodes created - worst tet radius 1.61297 (nodes removed 0 61)
Info    : It. 33000 - 32939 nodes created - worst tet radius 1.53731 (nodes removed 0 61)
Info    : It. 33500 - 33439 nodes created - worst tet radius 1.53055 (nodes removed 0 61)
Info    : It. 34000 - 33939 nodes created - worst tet radius 1.52341 (nodes removed 0 61)
Info    : It. 34500 - 34439 nodes created - worst tet radius 1.90855 (nodes removed 0 61)
Info    : It. 35000 - 34939 nodes created - worst tet radius 1.51413 (nodes removed 0 61)
Info    : It. 35500 - 35439 nodes created - worst tet radius 1.50347 (nodes removed 0 61)
Info    : It. 36000 - 35939 nodes created - worst tet radius 1.49791 (nodes removed 0 61)
Info    : It. 36500 - 36439 nodes created - worst tet radius 1.49671 (nodes removed 0 61)
Info    : It. 37000 - 36939 nodes created - worst tet radius 1.48589 (nodes removed 0 61)
Info    : It. 37500 - 37439 nodes created - worst tet radius 1.49529 (nodes removed 0 61)
Info    : It. 38000 - 37939 nodes created - worst tet radius 1.78057 (nodes removed 0 61)
Info    : It. 38500 - 38439 nodes created - worst tet radius 1.61493 (nodes removed 0 61)
Info    : It. 39000 - 38939 nodes created - worst tet radius 1.46375 (nodes removed 0 61)
Info    : It. 39500 - 39439 nodes created - worst tet radius 1.45856 (nodes removed 0 61)
Info    : It. 40000 - 39939 nodes created - worst tet radius 1.45275 (nodes removed 0 61)
Info    : It. 40500 - 40439 nodes created - worst tet radius 1.44806 (nodes removed 0 61)
Info    : It. 41000 - 40939 nodes created - worst tet radius 1.44347 (nodes removed 0 61)
Info    : It. 41500 - 41439 nodes created - worst tet radius 1.4383 (nodes removed 0 61)
Info    : It. 42000 - 41939 nodes created - worst tet radius 1.43378 (nodes removed 0 61)
Info    : It. 42500 - 42439 nodes created - worst tet radius 1.49957 (nodes removed 0 61)
Info    : It. 43000 - 42939 nodes created - worst tet radius 1.42444 (nodes removed 0 61)
Info    : It. 43500 - 43439 nodes created - worst tet radius 1.41997 (nodes removed 0 61)
Info    : It. 44000 - 43939 nodes created - worst tet radius 1.41549 (nodes removed 0 61)
Info    : It. 44500 - 44439 nodes created - worst tet radius 1.41083 (nodes removed 0 61)
Info    : It. 45000 - 44939 nodes created - worst tet radius 1.40651 (nodes removed 0 61)
Info    : It. 45500 - 45439 nodes created - worst tet radius 1.40249 (nodes removed 0 61)
Info    : It. 46000 - 45939 nodes created - worst tet radius 1.39824 (nodes removed 0 61)
Info    : It. 46500 - 46439 nodes created - worst tet radius 1.39437 (nodes removed 0 61)
Info    : It. 47000 - 46939 nodes created - worst tet radius 1.39032 (nodes removed 0 61)
Info    : It. 47500 - 47439 nodes created - worst tet radius 1.38646 (nodes removed 0 61)
Info    : It. 48000 - 47939 nodes created - worst tet radius 1.38275 (nodes removed 0 61)
Info    : It. 48500 - 48439 nodes created - worst tet radius 1.37913 (nodes removed 0 61)
Info    : It. 49000 - 48939 nodes created - worst tet radius 1.37533 (nodes removed 0 61)
Info    : It. 49500 - 49439 nodes created - worst tet radius 1.37136 (nodes removed 0 61)
Info    : It. 50000 - 49939 nodes created - worst tet radius 1.36754 (nodes removed 0 61)
Info    : It. 50500 - 50439 nodes created - worst tet radius 1.36375 (nodes removed 0 61)
Info    : It. 51000 - 50939 nodes created - worst tet radius 1.36005 (nodes removed 0 61)
Info    : It. 51500 - 51439 nodes created - worst tet radius 1.35646 (nodes removed 0 61)
Info    : It. 52000 - 51939 nodes created - worst tet radius 1.35311 (nodes removed 0 61)
Info    : It. 52500 - 52439 nodes created - worst tet radius 1.53045 (nodes removed 0 61)
Info    : It. 53000 - 52939 nodes created - worst tet radius 1.34631 (nodes removed 0 61)
Info    : It. 53500 - 53439 nodes created - worst tet radius 1.34305 (nodes removed 0 61)
Info    : It. 54000 - 53939 nodes created - worst tet radius 1.3398 (nodes removed 0 61)
Info    : It. 54500 - 54439 nodes created - worst tet radius 1.33638 (nodes removed 0 61)
Info    : It. 55000 - 54939 nodes created - worst tet radius 1.33306 (nodes removed 0 61)
Info    : It. 55500 - 55439 nodes created - worst tet radius 1.32989 (nodes removed 0 61)
Info    : It. 56000 - 55939 nodes created - worst tet radius 1.32658 (nodes removed 0 61)
Info    : It. 56500 - 56439 nodes created - worst tet radius 1.74006 (nodes removed 0 61)
Info    : It. 57000 - 56939 nodes created - worst tet radius 1.31999 (nodes removed 0 61)
Info    : It. 57500 - 57439 nodes created - worst tet radius 1.31684 (nodes removed 0 61)
Info    : It. 58000 - 57939 nodes created - worst tet radius 1.31341 (nodes removed 0 61)
Info    : It. 58500 - 58439 nodes created - worst tet radius 1.31035 (nodes removed 0 61)
Info    : It. 59000 - 58939 nodes created - worst tet radius 1.41653 (nodes removed 0 61)
Info    : It. 59500 - 59439 nodes created - worst tet radius 1.3041 (nodes removed 0 61)
Info    : It. 60000 - 59939 nodes created - worst tet radius 1.30101 (nodes removed 0 61)
Info    : It. 60500 - 60439 nodes created - worst tet radius 1.29816 (nodes removed 0 61)
Info    : It. 61000 - 60939 nodes created - worst tet radius 1.29502 (nodes removed 0 61)
Info    : It. 61500 - 61437 nodes created - worst tet radius 1.2919 (nodes removed 0 63)
Info    : It. 62000 - 61936 nodes created - worst tet radius 1.28892 (nodes removed 0 64)
Info    : It. 62500 - 62436 nodes created - worst tet radius 1.2861 (nodes removed 0 64)
Info    : It. 63000 - 62936 nodes created - worst tet radius 1.28277 (nodes removed 0 64)
Info    : It. 63500 - 63436 nodes created - worst tet radius 1.27977 (nodes removed 0 64)
Info    : It. 64000 - 63936 nodes created - worst tet radius 1.27688 (nodes removed 0 64)
Info    : It. 64500 - 64436 nodes created - worst tet radius 1.27368 (nodes removed 0 64)
Info    : It. 65000 - 64936 nodes created - worst tet radius 1.27085 (nodes removed 0 64)
Info    : It. 65500 - 65436 nodes created - worst tet radius 1.26768 (nodes removed 0 64)
Info    : It. 66000 - 65936 nodes created - worst tet radius 1.26471 (nodes removed 0 64)
Info    : It. 66500 - 66436 nodes created - worst tet radius 1.26175 (nodes removed 0 64)
Info    : It. 67000 - 66936 nodes created - worst tet radius 1.25832 (nodes removed 0 64)
Info    : It. 67500 - 67436 nodes created - worst tet radius 1.25537 (nodes removed 0 64)
Info    : It. 68000 - 67936 nodes created - worst tet radius 1.25259 (nodes removed 0 64)
Info    : It. 68500 - 68436 nodes created - worst tet radius 1.24991 (nodes removed 0 64)
Info    : It. 69000 - 68936 nodes created - worst tet radius 1.24707 (nodes removed 0 64)
Info    : It. 69500 - 69436 nodes created - worst tet radius 1.2441 (nodes removed 0 64)
Info    : It. 70000 - 69936 nodes created - worst tet radius 1.2412 (nodes removed 0 64)
Info    : It. 70500 - 70436 nodes created - worst tet radius 1.23818 (nodes removed 0 64)
Info    : It. 71000 - 70936 nodes created - worst tet radius 1.23531 (nodes removed 0 64)
Info    : It. 71500 - 71436 nodes created - worst tet radius 1.23256 (nodes removed 0 64)
Info    : It. 72000 - 71936 nodes created - worst tet radius 1.22976 (nodes removed 0 64)
Info    : It. 72500 - 72436 nodes created - worst tet radius 1.54925 (nodes removed 0 64)
Info    : It. 73000 - 72936 nodes created - worst tet radius 1.22437 (nodes removed 0 64)
Info    : It. 73500 - 73436 nodes created - worst tet radius 1.22181 (nodes removed 0 64)
Info    : It. 74000 - 73936 nodes created - worst tet radius 1.21936 (nodes removed 0 64)
Info    : It. 74500 - 74436 nodes created - worst tet radius 1.28087 (nodes removed 0 64)
Info    : It. 75000 - 74936 nodes created - worst tet radius 1.2337 (nodes removed 0 64)
Info    : It. 75500 - 75436 nodes created - worst tet radius 1.21163 (nodes removed 0 64)
Info    : It. 76000 - 75936 nodes created - worst tet radius 1.20886 (nodes removed 0 64)
Info    : It. 76500 - 76436 nodes created - worst tet radius 1.20673 (nodes removed 0 64)
Info    : It. 77000 - 76936 nodes created - worst tet radius 1.29559 (nodes removed 0 64)
Info    : It. 77500 - 77436 nodes created - worst tet radius 1.20198 (nodes removed 0 64)
Info    : It. 78000 - 77936 nodes created - worst tet radius 1.34327 (nodes removed 0 64)
Info    : It. 78500 - 78436 nodes created - worst tet radius 1.19699 (nodes removed 0 64)
Info    : It. 79000 - 78936 nodes created - worst tet radius 1.19446 (nodes removed 0 64)
Info    : It. 79500 - 79436 nodes created - worst tet radius 1.2012 (nodes removed 0 64)
Info    : It. 80000 - 79936 nodes created - worst tet radius 1.18945 (nodes removed 0 64)
Info    : It. 80500 - 80436 nodes created - worst tet radius 1.32363 (nodes removed 0 64)
Info    : It. 81000 - 80936 nodes created - worst tet radius 1.18499 (nodes removed 0 64)
Info    : It. 81500 - 81436 nodes created - worst tet radius 1.18272 (nodes removed 0 64)
Info    : It. 82000 - 81936 nodes created - worst tet radius 1.27448 (nodes removed 0 64)
Info    : It. 82500 - 82436 nodes created - worst tet radius 1.43907 (nodes removed 0 64)
Info    : It. 83000 - 82936 nodes created - worst tet radius 1.17619 (nodes removed 0 64)
Info    : It. 83500 - 83436 nodes created - worst tet radius 1.17399 (nodes removed 0 64)
Info    : It. 84000 - 83936 nodes created - worst tet radius 1.36405 (nodes removed 0 64)
Info    : It. 84500 - 84436 nodes created - worst tet radius 1.17473 (nodes removed 0 64)
Info    : It. 85000 - 84936 nodes created - worst tet radius 1.40345 (nodes removed 0 64)
Info    : It. 85500 - 85436 nodes created - worst tet radius 1.1912 (nodes removed 0 64)
Info    : It. 86000 - 85936 nodes created - worst tet radius 1.16369 (nodes removed 0 64)
Info    : It. 86500 - 86436 nodes created - worst tet radius 1.16173 (nodes removed 0 64)
Info    : It. 87000 - 86936 nodes created - worst tet radius 1.1596 (nodes removed 0 64)
Info    : It. 87500 - 87436 nodes created - worst tet radius 1.15761 (nodes removed 0 64)
Info    : It. 88000 - 87936 nodes created - worst tet radius 1.16393 (nodes removed 0 64)
Info    : It. 88500 - 88436 nodes created - worst tet radius 1.15328 (nodes removed 0 64)
Info    : It. 89000 - 88936 nodes created - worst tet radius 1.15102 (nodes removed 0 64)
Info    : It. 89500 - 89436 nodes created - worst tet radius 1.20795 (nodes removed 0 64)
Info    : It. 90000 - 89936 nodes created - worst tet radius 1.14705 (nodes removed 0 64)
Info    : It. 90500 - 90436 nodes created - worst tet radius 1.14519 (nodes removed 0 64)
Info    : It. 91000 - 90936 nodes created - worst tet radius 1.14335 (nodes removed 0 64)
Info    : It. 91500 - 91436 nodes created - worst tet radius 1.14123 (nodes removed 0 64)
Info    : It. 92000 - 91936 nodes created - worst tet radius 1.13938 (nodes removed 0 64)
Info    : It. 92500 - 92436 nodes created - worst tet radius 1.13754 (nodes removed 0 64)
Info    : It. 93000 - 92936 nodes created - worst tet radius 1.13569 (nodes removed 0 64)
Info    : It. 93500 - 93436 nodes created - worst tet radius 1.13378 (nodes removed 0 64)
Info    : It. 94000 - 93936 nodes created - worst tet radius 1.13184 (nodes removed 0 64)
Info    : It. 94500 - 94436 nodes created - worst tet radius 1.12988 (nodes removed 0 64)
Info    : It. 95000 - 94936 nodes created - worst tet radius 1.35613 (nodes removed 0 64)
Info    : It. 95500 - 95436 nodes created - worst tet radius 1.12611 (nodes removed 0 64)
Info    : It. 96000 - 95936 nodes created - worst tet radius 1.12426 (nodes removed 0 64)
Info    : It. 96500 - 96436 nodes created - worst tet radius 1.12253 (nodes removed 0 64)
Info    : It. 97000 - 96936 nodes created - worst tet radius 1.12081 (nodes removed 0 64)
Info    : It. 97500 - 97436 nodes created - worst tet radius 1.36153 (nodes removed 0 64)
Info    : It. 98000 - 97936 nodes created - worst tet radius 1.1174 (nodes removed 0 64)
Info    : It. 98500 - 98436 nodes created - worst tet radius 1.53606 (nodes removed 0 64)
Info    : It. 99000 - 98936 nodes created - worst tet radius 1.11395 (nodes removed 0 64)
Info    : It. 99500 - 99436 nodes created - worst tet radius 1.11242 (nodes removed 0 64)
Info    : It. 100000 - 99936 nodes created - worst tet radius 1.21789 (nodes removed 0 64)
Info    : It. 100500 - 100436 nodes created - worst tet radius 1.10915 (nodes removed 0 64)
Info    : It. 101000 - 100936 nodes created - worst tet radius 1.10743 (nodes removed 0 64)
Info    : It. 101500 - 101436 nodes created - worst tet radius 1.10589 (nodes removed 0 64)
Info    : It. 102000 - 101936 nodes created - worst tet radius 1.10427 (nodes removed 0 64)
Info    : It. 102500 - 102436 nodes created - worst tet radius 1.10264 (nodes removed 0 64)
Info    : It. 103000 - 102936 nodes created - worst tet radius 1.101 (nodes removed 0 64)
Info    : It. 103500 - 103436 nodes created - worst tet radius 1.10919 (nodes removed 0 64)
Info    : It. 104000 - 103936 nodes created - worst tet radius 1.09811 (nodes removed 0 64)
Info    : It. 104500 - 104436 nodes created - worst tet radius 1.09641 (nodes removed 0 64)
Info    : It. 105000 - 104936 nodes created - worst tet radius 1.15697 (nodes removed 0 64)
Info    : It. 105500 - 105435 nodes created - worst tet radius 1.09325 (nodes removed 0 65)
Info    : It. 106000 - 105935 nodes created - worst tet radius 1.09177 (nodes removed 0 65)
Info    : It. 106500 - 106435 nodes created - worst tet radius 1.09026 (nodes removed 0 65)
Info    : It. 107000 - 106935 nodes created - worst tet radius 1.08869 (nodes removed 0 65)
Info    : It. 107500 - 107435 nodes created - worst tet radius 1.08718 (nodes removed 0 65)
Info    : It. 108000 - 107935 nodes created - worst tet radius 1.08569 (nodes removed 0 65)
Info    : It. 108500 - 108435 nodes created - worst tet radius 1.08434 (nodes removed 0 65)
Info    : It. 109000 - 108935 nodes created - worst tet radius 1.08302 (nodes removed 0 65)
Info    : It. 109500 - 109435 nodes created - worst tet radius 1.08161 (nodes removed 0 65)
Info    : It. 110000 - 109935 nodes created - worst tet radius 1.08018 (nodes removed 0 65)
Info    : It. 110500 - 110435 nodes created - worst tet radius 1.07867 (nodes removed 0 65)
Info    : It. 111000 - 110935 nodes created - worst tet radius 1.07731 (nodes removed 0 65)
Info    : It. 111500 - 111435 nodes created - worst tet radius 1.07591 (nodes removed 0 65)
Info    : It. 112000 - 111935 nodes created - worst tet radius 1.07457 (nodes removed 0 65)
Info    : It. 112500 - 112435 nodes created - worst tet radius 1.07306 (nodes removed 0 65)
Info    : It. 113000 - 112935 nodes created - worst tet radius 1.18785 (nodes removed 0 65)
Info    : It. 113500 - 113435 nodes created - worst tet radius 1.07032 (nodes removed 0 65)
Info    : It. 114000 - 113935 nodes created - worst tet radius 1.06898 (nodes removed 0 65)
Info    : It. 114500 - 114435 nodes created - worst tet radius 1.06751 (nodes removed 0 65)
Info    : It. 115000 - 114935 nodes created - worst tet radius 1.06614 (nodes removed 0 65)
Info    : It. 115500 - 115435 nodes created - worst tet radius 1.06479 (nodes removed 0 65)
Info    : It. 116000 - 115935 nodes created - worst tet radius 1.06346 (nodes removed 0 65)
Info    : It. 116500 - 116435 nodes created - worst tet radius 1.06195 (nodes removed 0 65)
Info    : It. 117000 - 116935 nodes created - worst tet radius 1.06056 (nodes removed 0 65)
Info    : It. 117500 - 117435 nodes created - worst tet radius 1.05936 (nodes removed 0 65)
Info    : It. 118000 - 117935 nodes created - worst tet radius 1.05797 (nodes removed 0 65)
Info    : It. 118500 - 118435 nodes created - worst tet radius 1.05661 (nodes removed 0 65)
Info    : It. 119000 - 118935 nodes created - worst tet radius 1.05515 (nodes removed 0 65)
Info    : It. 119500 - 119435 nodes created - worst tet radius 1.05981 (nodes removed 0 65)
Info    : It. 120000 - 119935 nodes created - worst tet radius 1.05249 (nodes removed 0 65)
Info    : It. 120500 - 120435 nodes created - worst tet radius 1.05115 (nodes removed 0 65)
Info    : It. 121000 - 120935 nodes created - worst tet radius 1.04989 (nodes removed 0 65)
Info    : It. 121500 - 121435 nodes created - worst tet radius 1.04845 (nodes removed 0 65)
Info    : It. 122000 - 121935 nodes created - worst tet radius 1.04717 (nodes removed 0 65)
Info    : It. 122500 - 122435 nodes created - worst tet radius 1.04584 (nodes removed 0 65)
Info    : It. 123000 - 122935 nodes created - worst tet radius 1.04444 (nodes removed 0 65)
Info    : It. 123500 - 123435 nodes created - worst tet radius 1.04311 (nodes removed 0 65)
Info    : It. 124000 - 123935 nodes created - worst tet radius 1.08035 (nodes removed 0 65)
Info    : It. 124500 - 124435 nodes created - worst tet radius 1.14564 (nodes removed 0 65)
Info    : It. 125000 - 124935 nodes created - worst tet radius 1.03932 (nodes removed 0 65)
Info    : It. 125500 - 125435 nodes created - worst tet radius 1.03796 (nodes removed 0 65)
Info    : It. 126000 - 125935 nodes created - worst tet radius 1.03666 (nodes removed 0 65)
Info    : It. 126500 - 126435 nodes created - worst tet radius 1.03544 (nodes removed 0 65)
Info    : It. 127000 - 126935 nodes created - worst tet radius 1.03409 (nodes removed 0 65)
Info    : It. 127500 - 127435 nodes created - worst tet radius 1.3923 (nodes removed 0 65)
Info    : It. 128000 - 127935 nodes created - worst tet radius 1.03156 (nodes removed 0 65)
Info    : It. 128500 - 128435 nodes created - worst tet radius 1.03042 (nodes removed 0 65)
Info    : It. 129000 - 128935 nodes created - worst tet radius 1.02922 (nodes removed 0 65)
Info    : It. 129500 - 129435 nodes created - worst tet radius 1.02798 (nodes removed 0 65)
Info    : It. 130000 - 129935 nodes created - worst tet radius 1.02686 (nodes removed 0 65)
Info    : It. 130500 - 130435 nodes created - worst tet radius 1.02569 (nodes removed 0 65)
Info    : It. 131000 - 130935 nodes created - worst tet radius 1.08995 (nodes removed 0 65)
Info    : It. 131500 - 131435 nodes created - worst tet radius 1.02345 (nodes removed 0 65)
Info    : It. 132000 - 131935 nodes created - worst tet radius 1.02209 (nodes removed 0 65)
Info    : It. 132500 - 132434 nodes created - worst tet radius 1.16453 (nodes removed 0 66)
Info    : It. 133000 - 132934 nodes created - worst tet radius 1.0198 (nodes removed 0 66)
Info    : It. 133500 - 133434 nodes created - worst tet radius 1.01871 (nodes removed 0 66)
Info    : It. 134000 - 133934 nodes created - worst tet radius 1.01748 (nodes removed 0 66)
Info    : It. 134500 - 134434 nodes created - worst tet radius 1.01627 (nodes removed 0 66)
Info    : It. 135000 - 134934 nodes created - worst tet radius 1.01503 (nodes removed 0 66)
Info    : It. 135500 - 135434 nodes created - worst tet radius 1.01377 (nodes removed 0 66)
Info    : It. 136000 - 135934 nodes created - worst tet radius 1.01264 (nodes removed 0 66)
Info    : It. 136500 - 136434 nodes created - worst tet radius 1.01149 (nodes removed 0 66)
Info    : It. 137000 - 136934 nodes created - worst tet radius 1.01041 (nodes removed 0 66)
Info    : It. 137500 - 137434 nodes created - worst tet radius 1.00925 (nodes removed 0 66)
Info    : It. 138000 - 137934 nodes created - worst tet radius 1.00811 (nodes removed 0 66)
Info    : It. 138500 - 138434 nodes created - worst tet radius 1.00705 (nodes removed 0 66)
Info    : It. 139000 - 138934 nodes created - worst tet radius 1.00598 (nodes removed 0 66)
Info    : It. 139500 - 139434 nodes created - worst tet radius 1.00485 (nodes removed 0 66)
Info    : It. 140000 - 139934 nodes created - worst tet radius 1.00371 (nodes removed 0 66)
Info    : It. 140500 - 140434 nodes created - worst tet radius 1.00271 (nodes removed 0 66)
Info    : It. 141000 - 140934 nodes created - worst tet radius 1.00165 (nodes removed 0 66)
Info    : It. 141500 - 141434 nodes created - worst tet radius 1.00052 (nodes removed 0 66)
Info    : 3D refinement terminated (213534 nodes total):
Info    :  - 28 Delaunay cavities modified for star shapeness
Info    :  - 66 nodes could not be inserted
Info    :  - 1334841 tetrahedra created in 13.1561 sec. (101461 tets/s)
Info    : Done meshing 3D (Wall 18.9726s, CPU 18.8501s)
Info    : Optimizing mesh...
Info    : Optimizing volume 10001
Info    : Optimization starts (volume = 6.6e-06) with worst = 0.0237529 / average = 0.766401:
Info    : 0.00 < quality < 0.10 :         4 elements
Info    : 0.10 < quality < 0.20 :        41 elements
Info    : 0.20 < quality < 0.30 :        40 elements
Info    : 0.30 < quality < 0.40 :        71 elements
Info    : 0.40 < quality < 0.50 :       115 elements
Info    : 0.50 < quality < 0.60 :       189 elements
Info    : 0.60 < quality < 0.70 :       626 elements
Info    : 0.70 < quality < 0.80 :      1122 elements
Info    : 0.80 < quality < 0.90 :      1384 elements
Info    : 0.90 < quality < 1.00 :       684 elements
Info    : 83 edge swaps, 8 node relocations (volume = 6.6e-06): worst = 0.283397 / average = 0.778402 (Wall 0.00106663s, CPU 0.001065s)
Info    : 84 edge swaps, 8 node relocations (volume = 6.6e-06): worst = 0.300297 / average = 0.778563 (Wall 0.00125838s, CPU 0.001256s)
Info    : No ill-shaped tets in the mesh :-)
Info    : 0.00 < quality < 0.10 :         0 elements
Info    : 0.10 < quality < 0.20 :         0 elements
Info    : 0.20 < quality < 0.30 :         0 elements
Info    : 0.30 < quality < 0.40 :        70 elements
Info    : 0.40 < quality < 0.50 :       110 elements
Info    : 0.50 < quality < 0.60 :       194 elements
Info    : 0.60 < quality < 0.70 :       629 elements
Info    : 0.70 < quality < 0.80 :      1106 elements
Info    : 0.80 < quality < 0.90 :      1409 elements
Info    : 0.90 < quality < 1.00 :       685 elements
Info    : Optimizing volume 10002
Info    : Optimization starts (volume = 6.6e-06) with worst = 0.022596 / average = 0.769209:
Info    : 0.00 < quality < 0.10 :        11 elements
Info    : 0.10 < quality < 0.20 :        37 elements
Info    : 0.20 < quality < 0.30 :        39 elements
Info    : 0.30 < quality < 0.40 :        56 elements
Info    : 0.40 < quality < 0.50 :       112 elements
Info    : 0.50 < quality < 0.60 :       200 elements
Info    : 0.60 < quality < 0.70 :       595 elements
Info    : 0.70 < quality < 0.80 :      1128 elements
Info    : 0.80 < quality < 0.90 :      1431 elements
Info    : 0.90 < quality < 1.00 :       711 elements
Info    : 84 edge swaps, 4 node relocations (volume = 6.6e-06): worst = 0.121423 / average = 0.782324 (Wall 0.00194287s, CPU 0.00194s)
Info    : 86 edge swaps, 4 node relocations (volume = 6.6e-06): worst = 0.30023 / average = 0.782644 (Wall 0.00212794s, CPU 0.002125s)
Info    : No ill-shaped tets in the mesh :-)
Info    : 0.00 < quality < 0.10 :         0 elements
Info    : 0.10 < quality < 0.20 :         0 elements
Info    : 0.20 < quality < 0.30 :         0 elements
Info    : 0.30 < quality < 0.40 :        54 elements
Info    : 0.40 < quality < 0.50 :       108 elements
Info    : 0.50 < quality < 0.60 :       191 elements
Info    : 0.60 < quality < 0.70 :       596 elements
Info    : 0.70 < quality < 0.80 :      1123 elements
Info    : 0.80 < quality < 0.90 :      1455 elements
Info    : 0.90 < quality < 1.00 :       712 elements
Info    : Optimizing volume 10003
Info    : Optimization starts (volume = 1.056e-05) with worst = 0.0364979 / average = 0.769862:
Info    : 0.00 < quality < 0.10 :        16 elements
Info    : 0.10 < quality < 0.20 :        45 elements
Info    : 0.20 < quality < 0.30 :        85 elements
Info    : 0.30 < quality < 0.40 :       110 elements
Info    : 0.40 < quality < 0.50 :       163 elements
Info    : 0.50 < quality < 0.60 :       288 elements
Info    : 0.60 < quality < 0.70 :       885 elements
Info    : 0.70 < quality < 0.80 :      1551 elements
Info    : 0.80 < quality < 0.90 :      2247 elements
Info    : 0.90 < quality < 1.00 :      1112 elements
Info    : 146 edge swaps, 6 node relocations (volume = 1.056e-05): worst = 0.211696 / average = 0.78359 (Wall 0.00364654s, CPU 0.00364s)
Info    : 148 edge swaps, 6 node relocations (volume = 1.056e-05): worst = 0.300192 / average = 0.783796 (Wall 0.00395091s, CPU 0.003945s)
Info    : No ill-shaped tets in the mesh :-)
Info    : 0.00 < quality < 0.10 :         0 elements
Info    : 0.10 < quality < 0.20 :         0 elements
Info    : 0.20 < quality < 0.30 :         0 elements
Info    : 0.30 < quality < 0.40 :       108 elements
Info    : 0.40 < quality < 0.50 :       152 elements
Info    : 0.50 < quality < 0.60 :       292 elements
Info    : 0.60 < quality < 0.70 :       879 elements
Info    : 0.70 < quality < 0.80 :      1561 elements
Info    : 0.80 < quality < 0.90 :      2270 elements
Info    : 0.90 < quality < 1.00 :      1111 elements
Info    : Optimizing volume 10004
Info    : Optimization starts (volume = 1.056e-05) with worst = 0.0109246 / average = 0.769086:
Info    : 0.00 < quality < 0.10 :        20 elements
Info    : 0.10 < quality < 0.20 :        48 elements
Info    : 0.20 < quality < 0.30 :        66 elements
Info    : 0.30 < quality < 0.40 :        97 elements
Info    : 0.40 < quality < 0.50 :       146 elements
Info    : 0.50 < quality < 0.60 :       282 elements
Info    : 0.60 < quality < 0.70 :       927 elements
Info    : 0.70 < quality < 0.80 :      1581 elements
Info    : 0.80 < quality < 0.90 :      2163 elements
Info    : 0.90 < quality < 1.00 :      1040 elements
Info    : 133 edge swaps, 2 node relocations (volume = 1.056e-05): worst = 0.272588 / average = 0.782953 (Wall 0.00128095s, CPU 0.001278s)
Info    : 136 edge swaps, 2 node relocations (volume = 1.056e-05): worst = 0.300724 / average = 0.783304 (Wall 0.00159142s, CPU 0.001589s)
Info    : No ill-shaped tets in the mesh :-)
Info    : 0.00 < quality < 0.10 :         0 elements
Info    : 0.10 < quality < 0.20 :         0 elements
Info    : 0.20 < quality < 0.30 :         0 elements
Info    : 0.30 < quality < 0.40 :        87 elements
Info    : 0.40 < quality < 0.50 :       136 elements
Info    : 0.50 < quality < 0.60 :       275 elements
Info    : 0.60 < quality < 0.70 :       931 elements
Info    : 0.70 < quality < 0.80 :      1586 elements
Info    : 0.80 < quality < 0.90 :      2188 elements
Info    : 0.90 < quality < 1.00 :      1041 elements
Info    : Optimizing volume 10005
Info    : Optimization starts (volume = 6.6e-06) with worst = 0.0108145 / average = 0.763039:
Info    : 0.00 < quality < 0.10 :        10 elements
Info    : 0.10 < quality < 0.20 :        33 elements
Info    : 0.20 < quality < 0.30 :        51 elements
Info    : 0.30 < quality < 0.40 :        78 elements
Info    : 0.40 < quality < 0.50 :       100 elements
Info    : 0.50 < quality < 0.60 :       196 elements
Info    : 0.60 < quality < 0.70 :       664 elements
Info    : 0.70 < quality < 0.80 :      1090 elements
Info    : 0.80 < quality < 0.90 :      1447 elements
Info    : 0.90 < quality < 1.00 :       640 elements
Info    : 93 edge swaps, 0 node relocations (volume = 6.6e-06): worst = 0.279078 / average = 0.776743 (Wall 0.00081516s, CPU 0.000814s)
Info    : 94 edge swaps, 0 node relocations (volume = 6.6e-06): worst = 0.302106 / average = 0.776669 (Wall 0.000995135s, CPU 0.000994s)
Info    : No ill-shaped tets in the mesh :-)
Info    : 0.00 < quality < 0.10 :         0 elements
Info    : 0.10 < quality < 0.20 :         0 elements
Info    : 0.20 < quality < 0.30 :         0 elements
Info    : 0.30 < quality < 0.40 :        73 elements
Info    : 0.40 < quality < 0.50 :        96 elements
Info    : 0.50 < quality < 0.60 :       189 elements
Info    : 0.60 < quality < 0.70 :       671 elements
Info    : 0.70 < quality < 0.80 :      1093 elements
Info    : 0.80 < quality < 0.90 :      1464 elements
Info    : 0.90 < quality < 1.00 :       637 elements
Info    : Optimizing volume 10006
Info    : Optimization starts (volume = 6.6e-06) with worst = 0.034872 / average = 0.76729:
Info    : 0.00 < quality < 0.10 :        10 elements
Info    : 0.10 < quality < 0.20 :        29 elements
Info    : 0.20 < quality < 0.30 :        42 elements
Info    : 0.30 < quality < 0.40 :        81 elements
Info    : 0.40 < quality < 0.50 :       113 elements
Info    : 0.50 < quality < 0.60 :       186 elements
Info    : 0.60 < quality < 0.70 :       654 elements
Info    : 0.70 < quality < 0.80 :      1065 elements
Info    : 0.80 < quality < 0.90 :      1420 elements
Info    : 0.90 < quality < 1.00 :       712 elements
Info    : 80 edge swaps, 3 node relocations (volume = 6.6e-06): worst = 0.258321 / average = 0.779186 (Wall 0.000780053s, CPU 0.000779s)
Info    : 82 edge swaps, 3 node relocations (volume = 6.6e-06): worst = 0.300865 / average = 0.779448 (Wall 0.000958134s, CPU 0.000957s)
Info    : No ill-shaped tets in the mesh :-)
Info    : 0.00 < quality < 0.10 :         0 elements
Info    : 0.10 < quality < 0.20 :         0 elements
Info    : 0.20 < quality < 0.30 :         0 elements
Info    : 0.30 < quality < 0.40 :        76 elements
Info    : 0.40 < quality < 0.50 :       110 elements
Info    : 0.50 < quality < 0.60 :       187 elements
Info    : 0.60 < quality < 0.70 :       652 elements
Info    : 0.70 < quality < 0.80 :      1059 elements
Info    : 0.80 < quality < 0.90 :      1436 elements
Info    : 0.90 < quality < 1.00 :       717 elements
Info    : Optimizing volume 10007
Info    : Optimization starts (volume = 1.056e-05) with worst = 0.0147126 / average = 0.769589:
Info    : 0.00 < quality < 0.10 :        21 elements
Info    : 0.10 < quality < 0.20 :        57 elements
Info    : 0.20 < quality < 0.30 :        56 elements
Info    : 0.30 < quality < 0.40 :       118 elements
Info    : 0.40 < quality < 0.50 :       157 elements
Info    : 0.50 < quality < 0.60 :       289 elements
Info    : 0.60 < quality < 0.70 :       849 elements
Info    : 0.70 < quality < 0.80 :      1622 elements
Info    : 0.80 < quality < 0.90 :      2261 elements
Info    : 0.90 < quality < 1.00 :      1064 elements
Info    : 134 edge swaps, 0 node relocations (volume = 1.056e-05): worst = 0.276974 / average = 0.782441 (Wall 0.00125304s, CPU 0.001249s)
Info    : 135 edge swaps, 0 node relocations (volume = 1.056e-05): worst = 0.300627 / average = 0.782547 (Wall 0.00153872s, CPU 0.001535s)
Info    : No ill-shaped tets in the mesh :-)
Info    : 0.00 < quality < 0.10 :         0 elements
Info    : 0.10 < quality < 0.20 :         0 elements
Info    : 0.20 < quality < 0.30 :         0 elements
Info    : 0.30 < quality < 0.40 :       116 elements
Info    : 0.40 < quality < 0.50 :       151 elements
Info    : 0.50 < quality < 0.60 :       288 elements
Info    : 0.60 < quality < 0.70 :       850 elements
Info    : 0.70 < quality < 0.80 :      1623 elements
Info    : 0.80 < quality < 0.90 :      2286 elements
Info    : 0.90 < quality < 1.00 :      1059 elements
Info    : Optimizing volume 10008
Info    : Optimization starts (volume = 1.056e-05) with worst = 0.0160443 / average = 0.768476:
Info    : 0.00 < quality < 0.10 :        12 elements
Info    : 0.10 < quality < 0.20 :        55 elements
Info    : 0.20 < quality < 0.30 :        59 elements
Info    : 0.30 < quality < 0.40 :       117 elements
Info    : 0.40 < quality < 0.50 :       178 elements
Info    : 0.50 < quality < 0.60 :       297 elements
Info    : 0.60 < quality < 0.70 :       826 elements
Info    : 0.70 < quality < 0.80 :      1623 elements
Info    : 0.80 < quality < 0.90 :      2258 elements
Info    : 0.90 < quality < 1.00 :       993 elements
Info    : 123 edge swaps, 4 node relocations (volume = 1.056e-05): worst = 0.182602 / average = 0.780784 (Wall 0.00120419s, CPU 0.001201s)
Info    : 125 edge swaps, 4 node relocations (volume = 1.056e-05): worst = 0.300236 / average = 0.780996 (Wall 0.00150654s, CPU 0.001503s)
Info    : No ill-shaped tets in the mesh :-)
Info    : 0.00 < quality < 0.10 :         0 elements
Info    : 0.10 < quality < 0.20 :         0 elements
Info    : 0.20 < quality < 0.30 :         0 elements
Info    : 0.30 < quality < 0.40 :       120 elements
Info    : 0.40 < quality < 0.50 :       168 elements
Info    : 0.50 < quality < 0.60 :       288 elements
Info    : 0.60 < quality < 0.70 :       825 elements
Info    : 0.70 < quality < 0.80 :      1626 elements
Info    : 0.80 < quality < 0.90 :      2283 elements
Info    : 0.90 < quality < 1.00 :       996 elements
Info    : Optimizing volume 10009
Info    : Optimization starts (volume = 6.6e-06) with worst = 0.0112812 / average = 0.769279:
Info    : 0.00 < quality < 0.10 :        14 elements
Info    : 0.10 < quality < 0.20 :        38 elements
Info    : 0.20 < quality < 0.30 :        41 elements
Info    : 0.30 < quality < 0.40 :        53 elements
Info    : 0.40 < quality < 0.50 :       114 elements
Info    : 0.50 < quality < 0.60 :       210 elements
Info    : 0.60 < quality < 0.70 :       576 elements
Info    : 0.70 < quality < 0.80 :      1124 elements
Info    : 0.80 < quality < 0.90 :      1473 elements
Info    : 0.90 < quality < 1.00 :       713 elements
Info    : 93 edge swaps, 5 node relocations (volume = 6.6e-06): worst = 0.300541 / average = 0.782542 (Wall 0.00084649s, CPU 0.000845s)
Info    : No ill-shaped tets in the mesh :-)
Info    : 0.00 < quality < 0.10 :         0 elements
Info    : 0.10 < quality < 0.20 :         0 elements
Info    : 0.20 < quality < 0.30 :         0 elements
Info    : 0.30 < quality < 0.40 :        55 elements
Info    : 0.40 < quality < 0.50 :       110 elements
Info    : 0.50 < quality < 0.60 :       214 elements
Info    : 0.60 < quality < 0.70 :       570 elements
Info    : 0.70 < quality < 0.80 :      1117 elements
Info    : 0.80 < quality < 0.90 :      1494 elements
Info    : 0.90 < quality < 1.00 :       715 elements
Info    : Optimizing volume 10010
Info    : Optimization starts (volume = 6.6e-06) with worst = 0.0430723 / average = 0.767699:
Info    : 0.00 < quality < 0.10 :        12 elements
Info    : 0.10 < quality < 0.20 :        40 elements
Info    : 0.20 < quality < 0.30 :        31 elements
Info    : 0.30 < quality < 0.40 :        77 elements
Info    : 0.40 < quality < 0.50 :       107 elements
Info    : 0.50 < quality < 0.60 :       203 elements
Info    : 0.60 < quality < 0.70 :       619 elements
Info    : 0.70 < quality < 0.80 :      1087 elements
Info    : 0.80 < quality < 0.90 :      1497 elements
Info    : 0.90 < quality < 1.00 :       689 elements
Info    : 83 edge swaps, 6 node relocations (volume = 6.6e-06): worst = 0.300815 / average = 0.779856 (Wall 0.000798939s, CPU 0.000798s)
Info    : No ill-shaped tets in the mesh :-)
Info    : 0.00 < quality < 0.10 :         0 elements
Info    : 0.10 < quality < 0.20 :         0 elements
Info    : 0.20 < quality < 0.30 :         0 elements
Info    : 0.30 < quality < 0.40 :        78 elements
Info    : 0.40 < quality < 0.50 :       104 elements
Info    : 0.50 < quality < 0.60 :       203 elements
Info    : 0.60 < quality < 0.70 :       606 elements
Info    : 0.70 < quality < 0.80 :      1103 elements
Info    : 0.80 < quality < 0.90 :      1504 elements
Info    : 0.90 < quality < 1.00 :       690 elements
Info    : Optimizing volume 10011
Info    : Optimization starts (volume = 1.056e-05) with worst = 0.014267 / average = 0.769307:
Info    : 0.00 < quality < 0.10 :        21 elements
Info    : 0.10 < quality < 0.20 :        36 elements
Info    : 0.20 < quality < 0.30 :        70 elements
Info    : 0.30 < quality < 0.40 :        94 elements
Info    : 0.40 < quality < 0.50 :       170 elements
Info    : 0.50 < quality < 0.60 :       304 elements
Info    : 0.60 < quality < 0.70 :       885 elements
Info    : 0.70 < quality < 0.80 :      1566 elements
Info    : 0.80 < quality < 0.90 :      2217 elements
Info    : 0.90 < quality < 1.00 :      1033 elements
Info    : 126 edge swaps, 3 node relocations (volume = 1.056e-05): worst = 0.233334 / average = 0.781509 (Wall 0.00120753s, CPU 0.001206s)
Info    : 128 edge swaps, 3 node relocations (volume = 1.056e-05): worst = 0.233334 / average = 0.781708 (Wall 0.00151803s, CPU 0.001517s)
Info    : No ill-shaped tets in the mesh :-)
Info    : 0.00 < quality < 0.10 :         0 elements
Info    : 0.10 < quality < 0.20 :         0 elements
Info    : 0.20 < quality < 0.30 :         1 elements
Info    : 0.30 < quality < 0.40 :        92 elements
Info    : 0.40 < quality < 0.50 :       164 elements
Info    : 0.50 < quality < 0.60 :       304 elements
Info    : 0.60 < quality < 0.70 :       866 elements
Info    : 0.70 < quality < 0.80 :      1580 elements
Info    : 0.80 < quality < 0.90 :      2243 elements
Info    : 0.90 < quality < 1.00 :      1033 elements
Info    : Optimizing volume 10012
Info    : Optimization starts (volume = 1.056e-05) with worst = 0.013782 / average = 0.771038:
Info    : 0.00 < quality < 0.10 :        17 elements
Info    : 0.10 < quality < 0.20 :        54 elements
Info    : 0.20 < quality < 0.30 :        71 elements
Info    : 0.30 < quality < 0.40 :        92 elements
Info    : 0.40 < quality < 0.50 :       167 elements
Info    : 0.50 < quality < 0.60 :       308 elements
Info    : 0.60 < quality < 0.70 :       841 elements
Info    : 0.70 < quality < 0.80 :      1678 elements
Info    : 0.80 < quality < 0.90 :      2209 elements
Info    : 0.90 < quality < 1.00 :      1130 elements
Info    : 140 edge swaps, 3 node relocations (volume = 1.056e-05): worst = 0.262063 / average = 0.784665 (Wall 0.00129225s, CPU 0.001291s)
Info    : 141 edge swaps, 3 node relocations (volume = 1.056e-05): worst = 0.262063 / average = 0.784778 (Wall 0.00161416s, CPU 0.001612s)
Info    : No ill-shaped tets in the mesh :-)
Info    : 0.00 < quality < 0.10 :         0 elements
Info    : 0.10 < quality < 0.20 :         0 elements
Info    : 0.20 < quality < 0.30 :         2 elements
Info    : 0.30 < quality < 0.40 :        90 elements
Info    : 0.40 < quality < 0.50 :       161 elements
Info    : 0.50 < quality < 0.60 :       314 elements
Info    : 0.60 < quality < 0.70 :       823 elements
Info    : 0.70 < quality < 0.80 :      1667 elements
Info    : 0.80 < quality < 0.90 :      2252 elements
Info    : 0.90 < quality < 1.00 :      1131 elements
Info    : Optimizing volume 10013
Info    : Optimization starts (volume = 6.6e-06) with worst = 0.00443651 / average = 0.77062:
Info    : 0.00 < quality < 0.10 :        19 elements
Info    : 0.10 < quality < 0.20 :        29 elements
Info    : 0.20 < quality < 0.30 :        35 elements
Info    : 0.30 < quality < 0.40 :        65 elements
Info    : 0.40 < quality < 0.50 :       102 elements
Info    : 0.50 < quality < 0.60 :       175 elements
Info    : 0.60 < quality < 0.70 :       578 elements
Info    : 0.70 < quality < 0.80 :      1155 elements
Info    : 0.80 < quality < 0.90 :      1460 elements
Info    : 0.90 < quality < 1.00 :       654 elements
Info    : 83 edge swaps, 0 node relocations (volume = 6.6e-06): worst = 0.30128 / average = 0.783509 (Wall 0.000771497s, CPU 0.00077s)
Info    : No ill-shaped tets in the mesh :-)
Info    : 0.00 < quality < 0.10 :         0 elements
Info    : 0.10 < quality < 0.20 :         0 elements
Info    : 0.20 < quality < 0.30 :         0 elements
Info    : 0.30 < quality < 0.40 :        64 elements
Info    : 0.40 < quality < 0.50 :        98 elements
Info    : 0.50 < quality < 0.60 :       170 elements
Info    : 0.60 < quality < 0.70 :       573 elements
Info    : 0.70 < quality < 0.80 :      1150 elements
Info    : 0.80 < quality < 0.90 :      1485 elements
Info    : 0.90 < quality < 1.00 :       653 elements
Info    : Optimizing volume 10014
Info    : Optimization starts (volume = 6.6e-06) with worst = 0.0210669 / average = 0.770414:
Info    : 0.00 < quality < 0.10 :        13 elements
Info    : 0.10 < quality < 0.20 :        29 elements
Info    : 0.20 < quality < 0.30 :        47 elements
Info    : 0.30 < quality < 0.40 :        59 elements
Info    : 0.40 < quality < 0.50 :        90 elements
Info    : 0.50 < quality < 0.60 :       177 elements
Info    : 0.60 < quality < 0.70 :       588 elements
Info    : 0.70 < quality < 0.80 :      1123 elements
Info    : 0.80 < quality < 0.90 :      1451 elements
Info    : 0.90 < quality < 1.00 :       658 elements
Info    : 88 edge swaps, 3 node relocations (volume = 6.6e-06): worst = 0.304658 / average = 0.782961 (Wall 0.000791886s, CPU 0.000792s)
Info    : No ill-shaped tets in the mesh :-)
Info    : 0.00 < quality < 0.10 :         0 elements
Info    : 0.10 < quality < 0.20 :         0 elements
Info    : 0.20 < quality < 0.30 :         0 elements
Info    : 0.30 < quality < 0.40 :        59 elements
Info    : 0.40 < quality < 0.50 :        87 elements
Info    : 0.50 < quality < 0.60 :       181 elements
Info    : 0.60 < quality < 0.70 :       583 elements
Info    : 0.70 < quality < 0.80 :      1127 elements
Info    : 0.80 < quality < 0.90 :      1471 elements
Info    : 0.90 < quality < 1.00 :       651 elements
Info    : Optimizing volume 10015
Info    : Optimization starts (volume = 1.056e-05) with worst = 0.0111046 / average = 0.765408:
Info    : 0.00 < quality < 0.10 :        20 elements
Info    : 0.10 < quality < 0.20 :        45 elements
Info    : 0.20 < quality < 0.30 :        76 elements
Info    : 0.30 < quality < 0.40 :       131 elements
Info    : 0.40 < quality < 0.50 :       171 elements
Info    : 0.50 < quality < 0.60 :       336 elements
Info    : 0.60 < quality < 0.70 :       870 elements
Info    : 0.70 < quality < 0.80 :      1604 elements
Info    : 0.80 < quality < 0.90 :      2219 elements
Info    : 0.90 < quality < 1.00 :      1055 elements
Info    : 139 edge swaps, 14 node relocations (volume = 1.056e-05): worst = 0.257839 / average = 0.777894 (Wall 0.00130433s, CPU 0.001303s)
Info    : 141 edge swaps, 16 node relocations (volume = 1.056e-05): worst = 0.299416 / average = 0.777959 (Wall 0.00161372s, CPU 0.001612s)
Info    : No ill-shaped tets in the mesh :-)
Info    : 0.00 < quality < 0.10 :         0 elements
Info    : 0.10 < quality < 0.20 :         0 elements
Info    : 0.20 < quality < 0.30 :         1 elements
Info    : 0.30 < quality < 0.40 :       136 elements
Info    : 0.40 < quality < 0.50 :       169 elements
Info    : 0.50 < quality < 0.60 :       332 elements
Info    : 0.60 < quality < 0.70 :       869 elements
Info    : 0.70 < quality < 0.80 :      1605 elements
Info    : 0.80 < quality < 0.90 :      2235 elements
Info    : 0.90 < quality < 1.00 :      1063 elements
Info    : Optimizing volume 10016
Info    : Optimization starts (volume = 1.056e-05) with worst = 0.0293175 / average = 0.76974:
Info    : 0.00 < quality < 0.10 :        19 elements
Info    : 0.10 < quality < 0.20 :        43 elements
Info    : 0.20 < quality < 0.30 :        72 elements
Info    : 0.30 < quality < 0.40 :        94 elements
Info    : 0.40 < quality < 0.50 :       176 elements
Info    : 0.50 < quality < 0.60 :       328 elements
Info    : 0.60 < quality < 0.70 :       855 elements
Info    : 0.70 < quality < 0.80 :      1625 elements
Info    : 0.80 < quality < 0.90 :      2165 elements
Info    : 0.90 < quality < 1.00 :      1126 elements
Info    : 134 edge swaps, 6 node relocations (volume = 1.056e-05): worst = 0.230928 / average = 0.782312 (Wall 0.0013103s, CPU 0.001309s)
Info    : 137 edge swaps, 7 node relocations (volume = 1.056e-05): worst = 0.243526 / average = 0.782638 (Wall 0.00162815s, CPU 0.001627s)
Info    : 138 edge swaps, 7 node relocations (volume = 1.056e-05): worst = 0.301555 / average = 0.78276 (Wall 0.00191561s, CPU 0.001913s)
Info    : No ill-shaped tets in the mesh :-)
Info    : 0.00 < quality < 0.10 :         0 elements
Info    : 0.10 < quality < 0.20 :         0 elements
Info    : 0.20 < quality < 0.30 :         0 elements
Info    : 0.30 < quality < 0.40 :        98 elements
Info    : 0.40 < quality < 0.50 :       167 elements
Info    : 0.50 < quality < 0.60 :       336 elements
Info    : 0.60 < quality < 0.70 :       840 elements
Info    : 0.70 < quality < 0.80 :      1614 elements
Info    : 0.80 < quality < 0.90 :      2190 elements
Info    : 0.90 < quality < 1.00 :      1137 elements
Info    : Optimizing volume 10017
Info    : Optimization starts (volume = 6.6e-06) with worst = 0.0284099 / average = 0.770382:
Info    : 0.00 < quality < 0.10 :        13 elements
Info    : 0.10 < quality < 0.20 :        29 elements
Info    : 0.20 < quality < 0.30 :        35 elements
Info    : 0.30 < quality < 0.40 :        76 elements
Info    : 0.40 < quality < 0.50 :        99 elements
Info    : 0.50 < quality < 0.60 :       167 elements
Info    : 0.60 < quality < 0.70 :       593 elements
Info    : 0.70 < quality < 0.80 :      1184 elements
Info    : 0.80 < quality < 0.90 :      1459 elements
Info    : 0.90 < quality < 1.00 :       652 elements
Info    : 76 edge swaps, 4 node relocations (volume = 6.6e-06): worst = 0.231843 / average = 0.781448 (Wall 0.000747541s, CPU 0.000747s)
Info    : 79 edge swaps, 4 node relocations (volume = 6.6e-06): worst = 0.307216 / average = 0.78187 (Wall 0.000941913s, CPU 0.000941s)
Info    : No ill-shaped tets in the mesh :-)
Info    : 0.00 < quality < 0.10 :         0 elements
Info    : 0.10 < quality < 0.20 :         0 elements
Info    : 0.20 < quality < 0.30 :         0 elements
Info    : 0.30 < quality < 0.40 :        70 elements
Info    : 0.40 < quality < 0.50 :        96 elements
Info    : 0.50 < quality < 0.60 :       170 elements
Info    : 0.60 < quality < 0.70 :       597 elements
Info    : 0.70 < quality < 0.80 :      1184 elements
Info    : 0.80 < quality < 0.90 :      1462 elements
Info    : 0.90 < quality < 1.00 :       658 elements
Info    : Optimizing volume 10018
Info    : Optimization starts (volume = 6.6e-06) with worst = 0.0161091 / average = 0.763387:
Info    : 0.00 < quality < 0.10 :        15 elements
Info    : 0.10 < quality < 0.20 :        37 elements
Info    : 0.20 < quality < 0.30 :        52 elements
Info    : 0.30 < quality < 0.40 :        83 elements
Info    : 0.40 < quality < 0.50 :        94 elements
Info    : 0.50 < quality < 0.60 :       210 elements
Info    : 0.60 < quality < 0.70 :       626 elements
Info    : 0.70 < quality < 0.80 :      1130 elements
Info    : 0.80 < quality < 0.90 :      1426 elements
Info    : 0.90 < quality < 1.00 :       672 elements
Info    : 104 edge swaps, 7 node relocations (volume = 6.6e-06): worst = 0.244967 / average = 0.779302 (Wall 0.000902939s, CPU 0.000903s)
Info    : 106 edge swaps, 7 node relocations (volume = 6.6e-06): worst = 0.300253 / average = 0.779618 (Wall 0.00110412s, CPU 0.001103s)
Info    : No ill-shaped tets in the mesh :-)
Info    : 0.00 < quality < 0.10 :         0 elements
Info    : 0.10 < quality < 0.20 :         0 elements
Info    : 0.20 < quality < 0.30 :         0 elements
Info    : 0.30 < quality < 0.40 :        81 elements
Info    : 0.40 < quality < 0.50 :        76 elements
Info    : 0.50 < quality < 0.60 :       206 elements
Info    : 0.60 < quality < 0.70 :       631 elements
Info    : 0.70 < quality < 0.80 :      1134 elements
Info    : 0.80 < quality < 0.90 :      1437 elements
Info    : 0.90 < quality < 1.00 :       683 elements
Info    : Optimizing volume 10019
Info    : Optimization starts (volume = 1.056e-05) with worst = 0.00841689 / average = 0.76807:
Info    : 0.00 < quality < 0.10 :        19 elements
Info    : 0.10 < quality < 0.20 :        34 elements
Info    : 0.20 < quality < 0.30 :        77 elements
Info    : 0.30 < quality < 0.40 :       104 elements
Info    : 0.40 < quality < 0.50 :       167 elements
Info    : 0.50 < quality < 0.60 :       300 elements
Info    : 0.60 < quality < 0.70 :       885 elements
Info    : 0.70 < quality < 0.80 :      1632 elements
Info    : 0.80 < quality < 0.90 :      2234 elements
Info    : 0.90 < quality < 1.00 :      1010 elements
Info    : 130 edge swaps, 1 node relocations (volume = 1.056e-05): worst = 0.280427 / average = 0.78064 (Wall 0.00121854s, CPU 0.001216s)
Info    : No ill-shaped tets in the mesh :-)
Info    : 0.00 < quality < 0.10 :         0 elements
Info    : 0.10 < quality < 0.20 :         0 elements
Info    : 0.20 < quality < 0.30 :         1 elements
Info    : 0.30 < quality < 0.40 :       100 elements
Info    : 0.40 < quality < 0.50 :       165 elements
Info    : 0.50 < quality < 0.60 :       306 elements
Info    : 0.60 < quality < 0.70 :       865 elements
Info    : 0.70 < quality < 0.80 :      1640 elements
Info    : 0.80 < quality < 0.90 :      2251 elements
Info    : 0.90 < quality < 1.00 :      1016 elements
Info    : Optimizing volume 10020
Info    : Optimization starts (volume = 1.056e-05) with worst = 0.0143799 / average = 0.770703:
Info    : 0.00 < quality < 0.10 :        17 elements
Info    : 0.10 < quality < 0.20 :        30 elements
Info    : 0.20 < quality < 0.30 :        72 elements
Info    : 0.30 < quality < 0.40 :        89 elements
Info    : 0.40 < quality < 0.50 :       190 elements
Info    : 0.50 < quality < 0.60 :       276 elements
Info    : 0.60 < quality < 0.70 :       902 elements
Info    : 0.70 < quality < 0.80 :      1643 elements
Info    : 0.80 < quality < 0.90 :      2198 elements
Info    : 0.90 < quality < 1.00 :      1051 elements
Info    : 118 edge swaps, 2 node relocations (volume = 1.056e-05): worst = 0.276797 / average = 0.7809 (Wall 0.00120929s, CPU 0.001207s)
Info    : 119 edge swaps, 2 node relocations (volume = 1.056e-05): worst = 0.303644 / average = 0.781024 (Wall 0.00148991s, CPU 0.001488s)
Info    : No ill-shaped tets in the mesh :-)
Info    : 0.00 < quality < 0.10 :         0 elements
Info    : 0.10 < quality < 0.20 :         0 elements
Info    : 0.20 < quality < 0.30 :         0 elements
Info    : 0.30 < quality < 0.40 :        90 elements
Info    : 0.40 < quality < 0.50 :       192 elements
Info    : 0.50 < quality < 0.60 :       275 elements
Info    : 0.60 < quality < 0.70 :       907 elements
Info    : 0.70 < quality < 0.80 :      1650 elements
Info    : 0.80 < quality < 0.90 :      2206 elements
Info    : 0.90 < quality < 1.00 :      1051 elements
Info    : Optimizing volume 10021
Info    : Optimization starts (volume = 6.6e-06) with worst = 0.0195895 / average = 0.771214:
Info    : 0.00 < quality < 0.10 :        12 elements
Info    : 0.10 < quality < 0.20 :        31 elements
Info    : 0.20 < quality < 0.30 :        43 elements
Info    : 0.30 < quality < 0.40 :        59 elements
Info    : 0.40 < quality < 0.50 :       104 elements
Info    : 0.50 < quality < 0.60 :       184 elements
Info    : 0.60 < quality < 0.70 :       559 elements
Info    : 0.70 < quality < 0.80 :      1129 elements
Info    : 0.80 < quality < 0.90 :      1447 elements
Info    : 0.90 < quality < 1.00 :       689 elements
Info    : 85 edge swaps, 5 node relocations (volume = 6.6e-06): worst = 0.301103 / average = 0.784734 (Wall 0.000764713s, CPU 0.000763s)
Info    : No ill-shaped tets in the mesh :-)
Info    : 0.00 < quality < 0.10 :         0 elements
Info    : 0.10 < quality < 0.20 :         0 elements
Info    : 0.20 < quality < 0.30 :         0 elements
Info    : 0.30 < quality < 0.40 :        57 elements
Info    : 0.40 < quality < 0.50 :        99 elements
Info    : 0.50 < quality < 0.60 :       177 elements
Info    : 0.60 < quality < 0.70 :       568 elements
Info    : 0.70 < quality < 0.80 :      1108 elements
Info    : 0.80 < quality < 0.90 :      1476 elements
Info    : 0.90 < quality < 1.00 :       693 elements
Info    : Optimizing volume 10022
Info    : Optimization starts (volume = 6.6e-06) with worst = 0.0308135 / average = 0.766609:
Info    : 0.00 < quality < 0.10 :         9 elements
Info    : 0.10 < quality < 0.20 :        31 elements
Info    : 0.20 < quality < 0.30 :        57 elements
Info    : 0.30 < quality < 0.40 :        59 elements
Info    : 0.40 < quality < 0.50 :       127 elements
Info    : 0.50 < quality < 0.60 :       164 elements
Info    : 0.60 < quality < 0.70 :       628 elements
Info    : 0.70 < quality < 0.80 :      1139 elements
Info    : 0.80 < quality < 0.90 :      1450 elements
Info    : 0.90 < quality < 1.00 :       656 elements
Info    : 96 edge swaps, 4 node relocations (volume = 6.6e-06): worst = 0.300763 / average = 0.781448 (Wall 0.00085638s, CPU 0.000855s)
Info    : No ill-shaped tets in the mesh :-)
Info    : 0.00 < quality < 0.10 :         0 elements
Info    : 0.10 < quality < 0.20 :         0 elements
Info    : 0.20 < quality < 0.30 :         0 elements
Info    : 0.30 < quality < 0.40 :        53 elements
Info    : 0.40 < quality < 0.50 :       121 elements
Info    : 0.50 < quality < 0.60 :       165 elements
Info    : 0.60 < quality < 0.70 :       614 elements
Info    : 0.70 < quality < 0.80 :      1145 elements
Info    : 0.80 < quality < 0.90 :      1473 elements
Info    : 0.90 < quality < 1.00 :       658 elements
Info    : Optimizing volume 10023
Info    : Optimization starts (volume = 1.056e-05) with worst = 0.0276614 / average = 0.768238:
Info    : 0.00 < quality < 0.10 :        18 elements
Info    : 0.10 < quality < 0.20 :        54 elements
Info    : 0.20 < quality < 0.30 :        70 elements
Info    : 0.30 < quality < 0.40 :       100 elements
Info    : 0.40 < quality < 0.50 :       165 elements
Info    : 0.50 < quality < 0.60 :       298 elements
Info    : 0.60 < quality < 0.70 :       860 elements
Info    : 0.70 < quality < 0.80 :      1673 elements
Info    : 0.80 < quality < 0.90 :      2142 elements
Info    : 0.90 < quality < 1.00 :      1060 elements
Info    : 141 edge swaps, 2 node relocations (volume = 1.056e-05): worst = 0.224829 / average = 0.781337 (Wall 0.00131391s, CPU 0.001312s)
Info    : 142 edge swaps, 2 node relocations (volume = 1.056e-05): worst = 0.302204 / average = 0.781305 (Wall 0.00160272s, CPU 0.001601s)
Info    : No ill-shaped tets in the mesh :-)
Info    : 0.00 < quality < 0.10 :         0 elements
Info    : 0.10 < quality < 0.20 :         0 elements
Info    : 0.20 < quality < 0.30 :         0 elements
Info    : 0.30 < quality < 0.40 :       106 elements
Info    : 0.40 < quality < 0.50 :       155 elements
Info    : 0.50 < quality < 0.60 :       297 elements
Info    : 0.60 < quality < 0.70 :       858 elements
Info    : 0.70 < quality < 0.80 :      1678 elements
Info    : 0.80 < quality < 0.90 :      2173 elements
Info    : 0.90 < quality < 1.00 :      1053 elements
Info    : Optimizing volume 10024
Info    : Optimization starts (volume = 1.056e-05) with worst = 0.0243368 / average = 0.774981:
Info    : 0.00 < quality < 0.10 :        18 elements
Info    : 0.10 < quality < 0.20 :        41 elements
Info    : 0.20 < quality < 0.30 :        64 elements
Info    : 0.30 < quality < 0.40 :       119 elements
Info    : 0.40 < quality < 0.50 :       147 elements
Info    : 0.50 < quality < 0.60 :       276 elements
Info    : 0.60 < quality < 0.70 :       838 elements
Info    : 0.70 < quality < 0.80 :      1605 elements
Info    : 0.80 < quality < 0.90 :      2174 elements
Info    : 0.90 < quality < 1.00 :      1187 elements
Info    : 122 edge swaps, 0 node relocations (volume = 1.056e-05): worst = 0.300027 / average = 0.787529 (Wall 0.00114642s, CPU 0.001145s)
Info    : No ill-shaped tets in the mesh :-)
Info    : 0.00 < quality < 0.10 :         0 elements
Info    : 0.10 < quality < 0.20 :         0 elements
Info    : 0.20 < quality < 0.30 :         0 elements
Info    : 0.30 < quality < 0.40 :       113 elements
Info    : 0.40 < quality < 0.50 :       140 elements
Info    : 0.50 < quality < 0.60 :       270 elements
Info    : 0.60 < quality < 0.70 :       829 elements
Info    : 0.70 < quality < 0.80 :      1623 elements
Info    : 0.80 < quality < 0.90 :      2196 elements
Info    : 0.90 < quality < 1.00 :      1183 elements
Info    : Optimizing volume 10025
Info    : Optimization starts (volume = 6.6e-06) with worst = 0.0415952 / average = 0.766239:
Info    : 0.00 < quality < 0.10 :        13 elements
Info    : 0.10 < quality < 0.20 :        33 elements
Info    : 0.20 < quality < 0.30 :        52 elements
Info    : 0.30 < quality < 0.40 :        68 elements
Info    : 0.40 < quality < 0.50 :       104 elements
Info    : 0.50 < quality < 0.60 :       177 elements
Info    : 0.60 < quality < 0.70 :       595 elements
Info    : 0.70 < quality < 0.80 :      1123 elements
Info    : 0.80 < quality < 0.90 :      1390 elements
Info    : 0.90 < quality < 1.00 :       679 elements
Info    : 97 edge swaps, 2 node relocations (volume = 6.6e-06): worst = 0.300377 / average = 0.781311 (Wall 0.000837393s, CPU 0.000836s)
Info    : No ill-shaped tets in the mesh :-)
Info    : 0.00 < quality < 0.10 :         0 elements
Info    : 0.10 < quality < 0.20 :         0 elements
Info    : 0.20 < quality < 0.30 :         0 elements
Info    : 0.30 < quality < 0.40 :        71 elements
Info    : 0.40 < quality < 0.50 :        93 elements
Info    : 0.50 < quality < 0.60 :       167 elements
Info    : 0.60 < quality < 0.70 :       601 elements
Info    : 0.70 < quality < 0.80 :      1117 elements
Info    : 0.80 < quality < 0.90 :      1410 elements
Info    : 0.90 < quality < 1.00 :       683 elements
Info    : Optimizing volume 10026
Info    : Optimization starts (volume = 6.6e-06) with worst = 0.0304057 / average = 0.772714:
Info    : 0.00 < quality < 0.10 :         7 elements
Info    : 0.10 < quality < 0.20 :        29 elements
Info    : 0.20 < quality < 0.30 :        43 elements
Info    : 0.30 < quality < 0.40 :        55 elements
Info    : 0.40 < quality < 0.50 :       110 elements
Info    : 0.50 < quality < 0.60 :       193 elements
Info    : 0.60 < quality < 0.70 :       583 elements
Info    : 0.70 < quality < 0.80 :      1134 elements
Info    : 0.80 < quality < 0.90 :      1498 elements
Info    : 0.90 < quality < 1.00 :       704 elements
Info    : 79 edge swaps, 4 node relocations (volume = 6.6e-06): worst = 0.26559 / average = 0.784493 (Wall 0.000797607s, CPU 0.000796s)
Info    : 81 edge swaps, 4 node relocations (volume = 6.6e-06): worst = 0.300823 / average = 0.784611 (Wall 0.000986839s, CPU 0.000985s)
Info    : No ill-shaped tets in the mesh :-)
Info    : 0.00 < quality < 0.10 :         0 elements
Info    : 0.10 < quality < 0.20 :         0 elements
Info    : 0.20 < quality < 0.30 :         0 elements
Info    : 0.30 < quality < 0.40 :        56 elements
Info    : 0.40 < quality < 0.50 :        97 elements
Info    : 0.50 < quality < 0.60 :       188 elements
Info    : 0.60 < quality < 0.70 :       577 elements
Info    : 0.70 < quality < 0.80 :      1152 elements
Info    : 0.80 < quality < 0.90 :      1505 elements
Info    : 0.90 < quality < 1.00 :       709 elements
Info    : Optimizing volume 10027
Info    : Optimization starts (volume = 1.056e-05) with worst = 0.0137983 / average = 0.767683:
Info    : 0.00 < quality < 0.10 :        13 elements
Info    : 0.10 < quality < 0.20 :        48 elements
Info    : 0.20 < quality < 0.30 :        79 elements
Info    : 0.30 < quality < 0.40 :       132 elements
Info    : 0.40 < quality < 0.50 :       168 elements
Info    : 0.50 < quality < 0.60 :       313 elements
Info    : 0.60 < quality < 0.70 :       876 elements
Info    : 0.70 < quality < 0.80 :      1552 elements
Info    : 0.80 < quality < 0.90 :      2254 elements
Info    : 0.90 < quality < 1.00 :      1099 elements
Info    : 138 edge swaps, 4 node relocations (volume = 1.056e-05): worst = 0.245423 / average = 0.78124 (Wall 0.00130281s, CPU 0.001301s)
Info    : 139 edge swaps, 5 node relocations (volume = 1.056e-05): worst = 0.252026 / average = 0.781329 (Wall 0.00160204s, CPU 0.001598s)
Info    : 140 edge swaps, 5 node relocations (volume = 1.056e-05): worst = 0.300522 / average = 0.781415 (Wall 0.00188069s, CPU 0.001877s)
Info    : No ill-shaped tets in the mesh :-)
Info    : 0.00 < quality < 0.10 :         0 elements
Info    : 0.10 < quality < 0.20 :         0 elements
Info    : 0.20 < quality < 0.30 :         0 elements
Info    : 0.30 < quality < 0.40 :       129 elements
Info    : 0.40 < quality < 0.50 :       159 elements
Info    : 0.50 < quality < 0.60 :       315 elements
Info    : 0.60 < quality < 0.70 :       864 elements
Info    : 0.70 < quality < 0.80 :      1557 elements
Info    : 0.80 < quality < 0.90 :      2289 elements
Info    : 0.90 < quality < 1.00 :      1095 elements
Info    : Optimizing volume 10028
Info    : Optimization starts (volume = 1.056e-05) with worst = 0.0077444 / average = 0.765439:
Info    : 0.00 < quality < 0.10 :        19 elements
Info    : 0.10 < quality < 0.20 :        52 elements
Info    : 0.20 < quality < 0.30 :        72 elements
Info    : 0.30 < quality < 0.40 :       118 elements
Info    : 0.40 < quality < 0.50 :       165 elements
Info    : 0.50 < quality < 0.60 :       318 elements
Info    : 0.60 < quality < 0.70 :       922 elements
Info    : 0.70 < quality < 0.80 :      1543 elements
Info    : 0.80 < quality < 0.90 :      2245 elements
Info    : 0.90 < quality < 1.00 :      1025 elements
Info    : 142 edge swaps, 8 node relocations (volume = 1.056e-05): worst = 0.195065 / average = 0.778987 (Wall 0.00132018s, CPU 0.001318s)
Info    : 144 edge swaps, 9 node relocations (volume = 1.056e-05): worst = 0.278921 / average = 0.779137 (Wall 0.00162339s, CPU 0.001621s)
Info    : 145 edge swaps, 9 node relocations (volume = 1.056e-05): worst = 0.30021 / average = 0.779264 (Wall 0.00190233s, CPU 0.0019s)
Info    : No ill-shaped tets in the mesh :-)
Info    : 0.00 < quality < 0.10 :         0 elements
Info    : 0.10 < quality < 0.20 :         0 elements
Info    : 0.20 < quality < 0.30 :         0 elements
Info    : 0.30 < quality < 0.40 :       118 elements
Info    : 0.40 < quality < 0.50 :       161 elements
Info    : 0.50 < quality < 0.60 :       312 elements
Info    : 0.60 < quality < 0.70 :       910 elements
Info    : 0.70 < quality < 0.80 :      1547 elements
Info    : 0.80 < quality < 0.90 :      2285 elements
Info    : 0.90 < quality < 1.00 :      1020 elements
Info    : Optimizing volume 10029
Info    : Optimization starts (volume = 6.6e-06) with worst = 0.0276553 / average = 0.771254:
Info    : 0.00 < quality < 0.10 :         5 elements
Info    : 0.10 < quality < 0.20 :        31 elements
Info    : 0.20 < quality < 0.30 :        45 elements
Info    : 0.30 < quality < 0.40 :        64 elements
Info    : 0.40 < quality < 0.50 :       109 elements
Info    : 0.50 < quality < 0.60 :       183 elements
Info    : 0.60 < quality < 0.70 :       602 elements
Info    : 0.70 < quality < 0.80 :      1056 elements
Info    : 0.80 < quality < 0.90 :      1456 elements
Info    : 0.90 < quality < 1.00 :       701 elements
Info    : 80 edge swaps, 6 node relocations (volume = 6.6e-06): worst = 0.200989 / average = 0.782334 (Wall 0.000761407s, CPU 0.00076s)
Info    : 81 edge swaps, 6 node relocations (volume = 6.6e-06): worst = 0.302184 / average = 0.782513 (Wall 0.000938175s, CPU 0.000937s)
Info    : No ill-shaped tets in the mesh :-)
Info    : 0.00 < quality < 0.10 :         0 elements
Info    : 0.10 < quality < 0.20 :         0 elements
Info    : 0.20 < quality < 0.30 :         0 elements
Info    : 0.30 < quality < 0.40 :        65 elements
Info    : 0.40 < quality < 0.50 :       108 elements
Info    : 0.50 < quality < 0.60 :       198 elements
Info    : 0.60 < quality < 0.70 :       583 elements
Info    : 0.70 < quality < 0.80 :      1050 elements
Info    : 0.80 < quality < 0.90 :      1475 elements
Info    : 0.90 < quality < 1.00 :       704 elements
Info    : Optimizing volume 10030
Info    : Optimization starts (volume = 6.6e-06) with worst = 0.0261771 / average = 0.768457:
Info    : 0.00 < quality < 0.10 :        11 elements
Info    : 0.10 < quality < 0.20 :        27 elements
Info    : 0.20 < quality < 0.30 :        35 elements
Info    : 0.30 < quality < 0.40 :        72 elements
Info    : 0.40 < quality < 0.50 :       103 elements
Info    : 0.50 < quality < 0.60 :       178 elements
Info    : 0.60 < quality < 0.70 :       617 elements
Info    : 0.70 < quality < 0.80 :      1145 elements
Info    : 0.80 < quality < 0.90 :      1428 elements
Info    : 0.90 < quality < 1.00 :       659 elements
Info    : 72 edge swaps, 3 node relocations (volume = 6.6e-06): worst = 0.106375 / average = 0.779511 (Wall 0.000752551s, CPU 0.000751s)
Info    : 73 edge swaps, 3 node relocations (volume = 6.6e-06): worst = 0.300167 / average = 0.779658 (Wall 0.000931904s, CPU 0.00093s)
Info    : No ill-shaped tets in the mesh :-)
Info    : 0.00 < quality < 0.10 :         0 elements
Info    : 0.10 < quality < 0.20 :         0 elements
Info    : 0.20 < quality < 0.30 :         0 elements
Info    : 0.30 < quality < 0.40 :        69 elements
Info    : 0.40 < quality < 0.50 :        93 elements
Info    : 0.50 < quality < 0.60 :       173 elements
Info    : 0.60 < quality < 0.70 :       633 elements
Info    : 0.70 < quality < 0.80 :      1139 elements
Info    : 0.80 < quality < 0.90 :      1438 elements
Info    : 0.90 < quality < 1.00 :       663 elements
Info    : Optimizing volume 10031
Info    : Optimization starts (volume = 1.056e-05) with worst = 0.0252489 / average = 0.763178:
Info    : 0.00 < quality < 0.10 :        17 elements
Info    : 0.10 < quality < 0.20 :        47 elements
Info    : 0.20 < quality < 0.30 :        79 elements
Info    : 0.30 < quality < 0.40 :       109 elements
Info    : 0.40 < quality < 0.50 :       190 elements
Info    : 0.50 < quality < 0.60 :       350 elements
Info    : 0.60 < quality < 0.70 :       916 elements
Info    : 0.70 < quality < 0.80 :      1636 elements
Info    : 0.80 < quality < 0.90 :      2175 elements
Info    : 0.90 < quality < 1.00 :      1018 elements
Info    : 140 edge swaps, 2 node relocations (volume = 1.056e-05): worst = 0.248427 / average = 0.776913 (Wall 0.00127323s, CPU 0.001271s)
Info    : 141 edge swaps, 2 node relocations (volume = 1.056e-05): worst = 0.300194 / average = 0.777027 (Wall 0.00156296s, CPU 0.00156s)
Info    : No ill-shaped tets in the mesh :-)
Info    : 0.00 < quality < 0.10 :         0 elements
Info    : 0.10 < quality < 0.20 :         0 elements
Info    : 0.20 < quality < 0.30 :         0 elements
Info    : 0.30 < quality < 0.40 :       107 elements
Info    : 0.40 < quality < 0.50 :       190 elements
Info    : 0.50 < quality < 0.60 :       337 elements
Info    : 0.60 < quality < 0.70 :       916 elements
Info    : 0.70 < quality < 0.80 :      1631 elements
Info    : 0.80 < quality < 0.90 :      2205 elements
Info    : 0.90 < quality < 1.00 :      1022 elements
Info    : Optimizing volume 10032
Info    : Optimization starts (volume = 1.056e-05) with worst = 0.00748318 / average = 0.769384:
Info    : 0.00 < quality < 0.10 :        14 elements
Info    : 0.10 < quality < 0.20 :        39 elements
Info    : 0.20 < quality < 0.30 :        69 elements
Info    : 0.30 < quality < 0.40 :       112 elements
Info    : 0.40 < quality < 0.50 :       162 elements
Info    : 0.50 < quality < 0.60 :       298 elements
Info    : 0.60 < quality < 0.70 :       907 elements
Info    : 0.70 < quality < 0.80 :      1621 elements
Info    : 0.80 < quality < 0.90 :      2239 elements
Info    : 0.90 < quality < 1.00 :      1036 elements
Info    : 122 edge swaps, 4 node relocations (volume = 1.056e-05): worst = 0.282375 / average = 0.780376 (Wall 0.00121804s, CPU 0.001217s)
Info    : 123 edge swaps, 4 node relocations (volume = 1.056e-05): worst = 0.282375 / average = 0.780374 (Wall 0.00151973s, CPU 0.001517s)
Info    : No ill-shaped tets in the mesh :-)
Info    : 0.00 < quality < 0.10 :         0 elements
Info    : 0.10 < quality < 0.20 :         0 elements
Info    : 0.20 < quality < 0.30 :         1 elements
Info    : 0.30 < quality < 0.40 :       115 elements
Info    : 0.40 < quality < 0.50 :       167 elements
Info    : 0.50 < quality < 0.60 :       299 elements
Info    : 0.60 < quality < 0.70 :       874 elements
Info    : 0.70 < quality < 0.80 :      1619 elements
Info    : 0.80 < quality < 0.90 :      2287 elements
Info    : 0.90 < quality < 1.00 :      1028 elements
Info    : Optimizing volume 10033
Info    : Optimization starts (volume = 6.6e-06) with worst = 0.0279428 / average = 0.769541:
Info    : 0.00 < quality < 0.10 :        13 elements
Info    : 0.10 < quality < 0.20 :        32 elements
Info    : 0.20 < quality < 0.30 :        38 elements
Info    : 0.30 < quality < 0.40 :        65 elements
Info    : 0.40 < quality < 0.50 :       107 elements
Info    : 0.50 < quality < 0.60 :       186 elements
Info    : 0.60 < quality < 0.70 :       615 elements
Info    : 0.70 < quality < 0.80 :      1099 elements
Info    : 0.80 < quality < 0.90 :      1439 elements
Info    : 0.90 < quality < 1.00 :       715 elements
Info    : 81 edge swaps, 2 node relocations (volume = 6.6e-06): worst = 0.270552 / average = 0.781349 (Wall 0.000772499s, CPU 0.000773s)
Info    : No ill-shaped tets in the mesh :-)
Info    : 0.00 < quality < 0.10 :         0 elements
Info    : 0.10 < quality < 0.20 :         0 elements
Info    : 0.20 < quality < 0.30 :         1 elements
Info    : 0.30 < quality < 0.40 :        66 elements
Info    : 0.40 < quality < 0.50 :       107 elements
Info    : 0.50 < quality < 0.60 :       193 elements
Info    : 0.60 < quality < 0.70 :       599 elements
Info    : 0.70 < quality < 0.80 :      1097 elements
Info    : 0.80 < quality < 0.90 :      1456 elements
Info    : 0.90 < quality < 1.00 :       718 elements
Info    : Optimizing volume 10034
Info    : Optimization starts (volume = 6.6e-06) with worst = 0.0331668 / average = 0.769962:
Info    : 0.00 < quality < 0.10 :        10 elements
Info    : 0.10 < quality < 0.20 :        37 elements
Info    : 0.20 < quality < 0.30 :        34 elements
Info    : 0.30 < quality < 0.40 :        62 elements
Info    : 0.40 < quality < 0.50 :        93 elements
Info    : 0.50 < quality < 0.60 :       161 elements
Info    : 0.60 < quality < 0.70 :       636 elements
Info    : 0.70 < quality < 0.80 :      1124 elements
Info    : 0.80 < quality < 0.90 :      1413 elements
Info    : 0.90 < quality < 1.00 :       669 elements
Info    : 80 edge swaps, 0 node relocations (volume = 6.6e-06): worst = 0.300646 / average = 0.782209 (Wall 0.000744084s, CPU 0.000743s)
Info    : No ill-shaped tets in the mesh :-)
Info    : 0.00 < quality < 0.10 :         0 elements
Info    : 0.10 < quality < 0.20 :         0 elements
Info    : 0.20 < quality < 0.30 :         0 elements
Info    : 0.30 < quality < 0.40 :        55 elements
Info    : 0.40 < quality < 0.50 :        95 elements
Info    : 0.50 < quality < 0.60 :       164 elements
Info    : 0.60 < quality < 0.70 :       623 elements
Info    : 0.70 < quality < 0.80 :      1134 elements
Info    : 0.80 < quality < 0.90 :      1426 elements
Info    : 0.90 < quality < 1.00 :       668 elements
Info    : Optimizing volume 10035
Info    : Optimization starts (volume = 1.056e-05) with worst = 0.022528 / average = 0.768431:
Info    : 0.00 < quality < 0.10 :        27 elements
Info    : 0.10 < quality < 0.20 :        37 elements
Info    : 0.20 < quality < 0.30 :        58 elements
Info    : 0.30 < quality < 0.40 :       114 elements
Info    : 0.40 < quality < 0.50 :       191 elements
Info    : 0.50 < quality < 0.60 :       303 elements
Info    : 0.60 < quality < 0.70 :       856 elements
Info    : 0.70 < quality < 0.80 :      1548 elements
Info    : 0.80 < quality < 0.90 :      2220 elements
Info    : 0.90 < quality < 1.00 :      1067 elements
Info    : 121 edge swaps, 3 node relocations (volume = 1.056e-05): worst = 0.301065 / average = 0.780364 (Wall 0.00118832s, CPU 0.001187s)
Info    : No ill-shaped tets in the mesh :-)
Info    : 0.00 < quality < 0.10 :         0 elements
Info    : 0.10 < quality < 0.20 :         0 elements
Info    : 0.20 < quality < 0.30 :         0 elements
Info    : 0.30 < quality < 0.40 :       113 elements
Info    : 0.40 < quality < 0.50 :       187 elements
Info    : 0.50 < quality < 0.60 :       303 elements
Info    : 0.60 < quality < 0.70 :       855 elements
Info    : 0.70 < quality < 0.80 :      1553 elements
Info    : 0.80 < quality < 0.90 :      2233 elements
Info    : 0.90 < quality < 1.00 :      1069 elements
Info    : Optimizing volume 10036
Info    : Optimization starts (volume = 1.056e-05) with worst = 0.0185449 / average = 0.766476:
Info    : 0.00 < quality < 0.10 :        19 elements
Info    : 0.10 < quality < 0.20 :        38 elements
Info    : 0.20 < quality < 0.30 :        77 elements
Info    : 0.30 < quality < 0.40 :       112 elements
Info    : 0.40 < quality < 0.50 :       181 elements
Info    : 0.50 < quality < 0.60 :       319 elements
Info    : 0.60 < quality < 0.70 :       891 elements
Info    : 0.70 < quality < 0.80 :      1666 elements
Info    : 0.80 < quality < 0.90 :      2303 elements
Info    : 0.90 < quality < 1.00 :       995 elements
Info    : 133 edge swaps, 6 node relocations (volume = 1.056e-05): worst = 0.297516 / average = 0.778593 (Wall 0.00127989s, CPU 0.001279s)
Info    : 134 edge swaps, 6 node relocations (volume = 1.056e-05): worst = 0.300515 / average = 0.778669 (Wall 0.00157433s, CPU 0.001573s)
Info    : No ill-shaped tets in the mesh :-)
Info    : 0.00 < quality < 0.10 :         0 elements
Info    : 0.10 < quality < 0.20 :         0 elements
Info    : 0.20 < quality < 0.30 :         0 elements
Info    : 0.30 < quality < 0.40 :       113 elements
Info    : 0.40 < quality < 0.50 :       178 elements
Info    : 0.50 < quality < 0.60 :       324 elements
Info    : 0.60 < quality < 0.70 :       867 elements
Info    : 0.70 < quality < 0.80 :      1687 elements
Info    : 0.80 < quality < 0.90 :      2331 elements
Info    : 0.90 < quality < 1.00 :       986 elements
Info    : Optimizing volume 20001
Info    : Optimization starts (volume = 4.864e-06) with worst = 0.0285511 / average = 0.760265:
Info    : 0.00 < quality < 0.10 :        12 elements
Info    : 0.10 < quality < 0.20 :        39 elements
Info    : 0.20 < quality < 0.30 :        34 elements
Info    : 0.30 < quality < 0.40 :        51 elements
Info    : 0.40 < quality < 0.50 :        79 elements
Info    : 0.50 < quality < 0.60 :       168 elements
Info    : 0.60 < quality < 0.70 :       542 elements
Info    : 0.70 < quality < 0.80 :       798 elements
Info    : 0.80 < quality < 0.90 :      1052 elements
Info    : 0.90 < quality < 1.00 :       532 elements
Info    : 84 edge swaps, 1 node relocations (volume = 4.864e-06): worst = 0.288893 / average = 0.776528 (Wall 0.00068396s, CPU 0.000682s)
Info    : 85 edge swaps, 1 node relocations (volume = 4.864e-06): worst = 0.303438 / average = 0.77677 (Wall 0.000815351s, CPU 0.000814s)
Info    : No ill-shaped tets in the mesh :-)
Info    : 0.00 < quality < 0.10 :         0 elements
Info    : 0.10 < quality < 0.20 :         0 elements
Info    : 0.20 < quality < 0.30 :         0 elements
Info    : 0.30 < quality < 0.40 :        51 elements
Info    : 0.40 < quality < 0.50 :        76 elements
Info    : 0.50 < quality < 0.60 :       166 elements
Info    : 0.60 < quality < 0.70 :       531 elements
Info    : 0.70 < quality < 0.80 :       803 elements
Info    : 0.80 < quality < 0.90 :      1068 elements
Info    : 0.90 < quality < 1.00 :       534 elements
Info    : Optimizing volume 20002
Info    : Optimization starts (volume = 4.864e-06) with worst = 0.0210021 / average = 0.765329:
Info    : 0.00 < quality < 0.10 :         9 elements
Info    : 0.10 < quality < 0.20 :        28 elements
Info    : 0.20 < quality < 0.30 :        27 elements
Info    : 0.30 < quality < 0.40 :        57 elements
Info    : 0.40 < quality < 0.50 :        63 elements
Info    : 0.50 < quality < 0.60 :       148 elements
Info    : 0.60 < quality < 0.70 :       521 elements
Info    : 0.70 < quality < 0.80 :       824 elements
Info    : 0.80 < quality < 0.90 :      1097 elements
Info    : 0.90 < quality < 1.00 :       482 elements
Info    : 64 edge swaps, 0 node relocations (volume = 4.864e-06): worst = 0.160382 / average = 0.778229 (Wall 0.000608064s, CPU 0.000608s)
Info    : 65 edge swaps, 0 node relocations (volume = 4.864e-06): worst = 0.300392 / average = 0.778436 (Wall 0.000743243s, CPU 0.000742s)
Info    : No ill-shaped tets in the mesh :-)
Info    : 0.00 < quality < 0.10 :         0 elements
Info    : 0.10 < quality < 0.20 :         0 elements
Info    : 0.20 < quality < 0.30 :         0 elements
Info    : 0.30 < quality < 0.40 :        55 elements
Info    : 0.40 < quality < 0.50 :        61 elements
Info    : 0.50 < quality < 0.60 :       147 elements
Info    : 0.60 < quality < 0.70 :       511 elements
Info    : 0.70 < quality < 0.80 :       822 elements
Info    : 0.80 < quality < 0.90 :      1117 elements
Info    : 0.90 < quality < 1.00 :       481 elements
Info    : Optimizing volume 20003
Info    : Optimization starts (volume = 6.688e-06) with worst = 0.0193564 / average = 0.775367:
Info    : 0.00 < quality < 0.10 :        12 elements
Info    : 0.10 < quality < 0.20 :        29 elements
Info    : 0.20 < quality < 0.30 :        38 elements
Info    : 0.30 < quality < 0.40 :        61 elements
Info    : 0.40 < quality < 0.50 :        83 elements
Info    : 0.50 < quality < 0.60 :       162 elements
Info    : 0.60 < quality < 0.70 :       584 elements
Info    : 0.70 < quality < 0.80 :      1160 elements
Info    : 0.80 < quality < 0.90 :      1492 elements
Info    : 0.90 < quality < 1.00 :       719 elements
Info    : 78 edge swaps, 3 node relocations (volume = 6.688e-06): worst = 0.230713 / average = 0.786627 (Wall 0.000797758s, CPU 0.000797s)
Info    : 83 edge swaps, 3 node relocations (volume = 6.688e-06): worst = 0.303638 / average = 0.787367 (Wall 0.0010107s, CPU 0.001009s)
Info    : No ill-shaped tets in the mesh :-)
Info    : 0.00 < quality < 0.10 :         0 elements
Info    : 0.10 < quality < 0.20 :         0 elements
Info    : 0.20 < quality < 0.30 :         0 elements
Info    : 0.30 < quality < 0.40 :        61 elements
Info    : 0.40 < quality < 0.50 :        79 elements
Info    : 0.50 < quality < 0.60 :       166 elements
Info    : 0.60 < quality < 0.70 :       562 elements
Info    : 0.70 < quality < 0.80 :      1157 elements
Info    : 0.80 < quality < 0.90 :      1521 elements
Info    : 0.90 < quality < 1.00 :       720 elements
Info    : Optimizing volume 20004
Info    : Optimization starts (volume = 6.688e-06) with worst = 0.030892 / average = 0.771255:
Info    : 0.00 < quality < 0.10 :         6 elements
Info    : 0.10 < quality < 0.20 :        32 elements
Info    : 0.20 < quality < 0.30 :        55 elements
Info    : 0.30 < quality < 0.40 :        57 elements
Info    : 0.40 < quality < 0.50 :       102 elements
Info    : 0.50 < quality < 0.60 :       187 elements
Info    : 0.60 < quality < 0.70 :       603 elements
Info    : 0.70 < quality < 0.80 :      1102 elements
Info    : 0.80 < quality < 0.90 :      1472 elements
Info    : 0.90 < quality < 1.00 :       723 elements
Info    : 90 edge swaps, 1 node relocations (volume = 6.688e-06): worst = 0.300741 / average = 0.784298 (Wall 0.000845739s, CPU 0.000837s)
Info    : No ill-shaped tets in the mesh :-)
Info    : 0.00 < quality < 0.10 :         0 elements
Info    : 0.10 < quality < 0.20 :         0 elements
Info    : 0.20 < quality < 0.30 :         0 elements
Info    : 0.30 < quality < 0.40 :        60 elements
Info    : 0.40 < quality < 0.50 :        97 elements
Info    : 0.50 < quality < 0.60 :       187 elements
Info    : 0.60 < quality < 0.70 :       582 elements
Info    : 0.70 < quality < 0.80 :      1129 elements
Info    : 0.80 < quality < 0.90 :      1485 elements
Info    : 0.90 < quality < 1.00 :       719 elements
Info    : Optimizing volume 20005
Info    : Optimization starts (volume = 4.864e-06) with worst = 0.024738 / average = 0.768896:
Info    : 0.00 < quality < 0.10 :        11 elements
Info    : 0.10 < quality < 0.20 :        27 elements
Info    : 0.20 < quality < 0.30 :        29 elements
Info    : 0.30 < quality < 0.40 :        38 elements
Info    : 0.40 < quality < 0.50 :        63 elements
Info    : 0.50 < quality < 0.60 :       120 elements
Info    : 0.60 < quality < 0.70 :       520 elements
Info    : 0.70 < quality < 0.80 :       859 elements
Info    : 0.80 < quality < 0.90 :      1068 elements
Info    : 0.90 < quality < 1.00 :       497 elements
Info    : 67 edge swaps, 2 node relocations (volume = 4.864e-06): worst = 0.188797 / average = 0.782332 (Wall 0.000620337s, CPU 0.000619s)
Info    : 70 edge swaps, 2 node relocations (volume = 4.864e-06): worst = 0.304133 / average = 0.782741 (Wall 0.000777819s, CPU 0.000776s)
Info    : No ill-shaped tets in the mesh :-)
Info    : 0.00 < quality < 0.10 :         0 elements
Info    : 0.10 < quality < 0.20 :         0 elements
Info    : 0.20 < quality < 0.30 :         0 elements
Info    : 0.30 < quality < 0.40 :        35 elements
Info    : 0.40 < quality < 0.50 :        64 elements
Info    : 0.50 < quality < 0.60 :       113 elements
Info    : 0.60 < quality < 0.70 :       517 elements
Info    : 0.70 < quality < 0.80 :       864 elements
Info    : 0.80 < quality < 0.90 :      1075 elements
Info    : 0.90 < quality < 1.00 :       500 elements
Info    : Optimizing volume 20006
Info    : Optimization starts (volume = 4.864e-06) with worst = 0.01296 / average = 0.764461:
Info    : 0.00 < quality < 0.10 :        20 elements
Info    : 0.10 < quality < 0.20 :        28 elements
Info    : 0.20 < quality < 0.30 :        31 elements
Info    : 0.30 < quality < 0.40 :        40 elements
Info    : 0.40 < quality < 0.50 :        72 elements
Info    : 0.50 < quality < 0.60 :       160 elements
Info    : 0.60 < quality < 0.70 :       518 elements
Info    : 0.70 < quality < 0.80 :       817 elements
Info    : 0.80 < quality < 0.90 :      1111 elements
Info    : 0.90 < quality < 1.00 :       507 elements
Info    : 78 edge swaps, 2 node relocations (volume = 4.864e-06): worst = 0.276749 / average = 0.780914 (Wall 0.000670804s, CPU 0.00067s)
Info    : 79 edge swaps, 2 node relocations (volume = 4.864e-06): worst = 0.276749 / average = 0.780789 (Wall 0.000816673s, CPU 0.000816s)
Info    : No ill-shaped tets in the mesh :-)
Info    : 0.00 < quality < 0.10 :         0 elements
Info    : 0.10 < quality < 0.20 :         0 elements
Info    : 0.20 < quality < 0.30 :         1 elements
Info    : 0.30 < quality < 0.40 :        40 elements
Info    : 0.40 < quality < 0.50 :        66 elements
Info    : 0.50 < quality < 0.60 :       153 elements
Info    : 0.60 < quality < 0.70 :       504 elements
Info    : 0.70 < quality < 0.80 :       825 elements
Info    : 0.80 < quality < 0.90 :      1125 elements
Info    : 0.90 < quality < 1.00 :       512 elements
Info    : Optimizing volume 20007
Info    : Optimization starts (volume = 6.688e-06) with worst = 0.0500259 / average = 0.776062:
Info    : 0.00 < quality < 0.10 :        11 elements
Info    : 0.10 < quality < 0.20 :        39 elements
Info    : 0.20 < quality < 0.30 :        33 elements
Info    : 0.30 < quality < 0.40 :        56 elements
Info    : 0.40 < quality < 0.50 :        92 elements
Info    : 0.50 < quality < 0.60 :       183 elements
Info    : 0.60 < quality < 0.70 :       572 elements
Info    : 0.70 < quality < 0.80 :      1065 elements
Info    : 0.80 < quality < 0.90 :      1563 elements
Info    : 0.90 < quality < 1.00 :       731 elements
Info    : 83 edge swaps, 1 node relocations (volume = 6.688e-06): worst = 0.277276 / average = 0.789352 (Wall 0.000737242s, CPU 0.000737s)
Info    : 84 edge swaps, 1 node relocations (volume = 6.688e-06): worst = 0.305661 / average = 0.789487 (Wall 0.000922016s, CPU 0.00092s)
Info    : No ill-shaped tets in the mesh :-)
Info    : 0.00 < quality < 0.10 :         0 elements
Info    : 0.10 < quality < 0.20 :         0 elements
Info    : 0.20 < quality < 0.30 :         0 elements
Info    : 0.30 < quality < 0.40 :        56 elements
Info    : 0.40 < quality < 0.50 :        84 elements
Info    : 0.50 < quality < 0.60 :       167 elements
Info    : 0.60 < quality < 0.70 :       573 elements
Info    : 0.70 < quality < 0.80 :      1067 elements
Info    : 0.80 < quality < 0.90 :      1581 elements
Info    : 0.90 < quality < 1.00 :       736 elements
Info    : Optimizing volume 20008
Info    : Optimization starts (volume = 6.688e-06) with worst = 0.019385 / average = 0.771127:
Info    : 0.00 < quality < 0.10 :        17 elements
Info    : 0.10 < quality < 0.20 :        22 elements
Info    : 0.20 < quality < 0.30 :        39 elements
Info    : 0.30 < quality < 0.40 :        85 elements
Info    : 0.40 < quality < 0.50 :        79 elements
Info    : 0.50 < quality < 0.60 :       166 elements
Info    : 0.60 < quality < 0.70 :       610 elements
Info    : 0.70 < quality < 0.80 :      1160 elements
Info    : 0.80 < quality < 0.90 :      1481 elements
Info    : 0.90 < quality < 1.00 :       682 elements
Info    : 78 edge swaps, 0 node relocations (volume = 6.688e-06): worst = 0.300285 / average = 0.783284 (Wall 0.000719918s, CPU 0.000719s)
Info    : No ill-shaped tets in the mesh :-)
Info    : 0.00 < quality < 0.10 :         0 elements
Info    : 0.10 < quality < 0.20 :         0 elements
Info    : 0.20 < quality < 0.30 :         0 elements
Info    : 0.30 < quality < 0.40 :        82 elements
Info    : 0.40 < quality < 0.50 :        76 elements
Info    : 0.50 < quality < 0.60 :       157 elements
Info    : 0.60 < quality < 0.70 :       601 elements
Info    : 0.70 < quality < 0.80 :      1176 elements
Info    : 0.80 < quality < 0.90 :      1494 elements
Info    : 0.90 < quality < 1.00 :       681 elements
Info    : Optimizing volume 20009
Info    : Optimization starts (volume = 4.864e-06) with worst = 0.0250785 / average = 0.768258:
Info    : 0.00 < quality < 0.10 :        14 elements
Info    : 0.10 < quality < 0.20 :        24 elements
Info    : 0.20 < quality < 0.30 :        32 elements
Info    : 0.30 < quality < 0.40 :        43 elements
Info    : 0.40 < quality < 0.50 :        68 elements
Info    : 0.50 < quality < 0.60 :       163 elements
Info    : 0.60 < quality < 0.70 :       493 elements
Info    : 0.70 < quality < 0.80 :       815 elements
Info    : 0.80 < quality < 0.90 :      1120 elements
Info    : 0.90 < quality < 1.00 :       527 elements
Info    : 70 edge swaps, 2 node relocations (volume = 4.864e-06): worst = 0.297616 / average = 0.782345 (Wall 0.000574089s, CPU 0.000571s)
Info    : 71 edge swaps, 2 node relocations (volume = 4.864e-06): worst = 0.303588 / average = 0.782528 (Wall 0.000702285s, CPU 0.0007s)
Info    : No ill-shaped tets in the mesh :-)
Info    : 0.00 < quality < 0.10 :         0 elements
Info    : 0.10 < quality < 0.20 :         0 elements
Info    : 0.20 < quality < 0.30 :         0 elements
Info    : 0.30 < quality < 0.40 :        42 elements
Info    : 0.40 < quality < 0.50 :        65 elements
Info    : 0.50 < quality < 0.60 :       156 elements
Info    : 0.60 < quality < 0.70 :       478 elements
Info    : 0.70 < quality < 0.80 :       838 elements
Info    : 0.80 < quality < 0.90 :      1124 elements
Info    : 0.90 < quality < 1.00 :       529 elements
Info    : Optimizing volume 20010
Info    : Optimization starts (volume = 4.864e-06) with worst = 0.0298598 / average = 0.765223:
Info    : 0.00 < quality < 0.10 :        11 elements
Info    : 0.10 < quality < 0.20 :        28 elements
Info    : 0.20 < quality < 0.30 :        28 elements
Info    : 0.30 < quality < 0.40 :        36 elements
Info    : 0.40 < quality < 0.50 :        78 elements
Info    : 0.50 < quality < 0.60 :       140 elements
Info    : 0.60 < quality < 0.70 :       520 elements
Info    : 0.70 < quality < 0.80 :       878 elements
Info    : 0.80 < quality < 0.90 :      1053 elements
Info    : 0.90 < quality < 1.00 :       477 elements
Info    : 65 edge swaps, 0 node relocations (volume = 4.864e-06): worst = 0.169039 / average = 0.778388 (Wall 0.000554371s, CPU 0.000553s)
Info    : 66 edge swaps, 0 node relocations (volume = 4.864e-06): worst = 0.301684 / average = 0.778592 (Wall 0.000681565s, CPU 0.00068s)
Info    : No ill-shaped tets in the mesh :-)
Info    : 0.00 < quality < 0.10 :         0 elements
Info    : 0.10 < quality < 0.20 :         0 elements
Info    : 0.20 < quality < 0.30 :         0 elements
Info    : 0.30 < quality < 0.40 :        34 elements
Info    : 0.40 < quality < 0.50 :        70 elements
Info    : 0.50 < quality < 0.60 :       139 elements
Info    : 0.60 < quality < 0.70 :       520 elements
Info    : 0.70 < quality < 0.80 :       884 elements
Info    : 0.80 < quality < 0.90 :      1066 elements
Info    : 0.90 < quality < 1.00 :       475 elements
Info    : Optimizing volume 20011
Info    : Optimization starts (volume = 6.688e-06) with worst = 0.00836911 / average = 0.777019:
Info    : 0.00 < quality < 0.10 :        13 elements
Info    : 0.10 < quality < 0.20 :        37 elements
Info    : 0.20 < quality < 0.30 :        34 elements
Info    : 0.30 < quality < 0.40 :        48 elements
Info    : 0.40 < quality < 0.50 :        90 elements
Info    : 0.50 < quality < 0.60 :       188 elements
Info    : 0.60 < quality < 0.70 :       565 elements
Info    : 0.70 < quality < 0.80 :      1082 elements
Info    : 0.80 < quality < 0.90 :      1545 elements
Info    : 0.90 < quality < 1.00 :       750 elements
Info    : 83 edge swaps, 1 node relocations (volume = 6.688e-06): worst = 0.236606 / average = 0.790208 (Wall 0.000760095s, CPU 0.00076s)
Info    : 85 edge swaps, 1 node relocations (volume = 6.688e-06): worst = 0.310216 / average = 0.790358 (Wall 0.000948345s, CPU 0.000949s)
Info    : No ill-shaped tets in the mesh :-)
Info    : 0.00 < quality < 0.10 :         0 elements
Info    : 0.10 < quality < 0.20 :         0 elements
Info    : 0.20 < quality < 0.30 :         0 elements
Info    : 0.30 < quality < 0.40 :        47 elements
Info    : 0.40 < quality < 0.50 :        80 elements
Info    : 0.50 < quality < 0.60 :       182 elements
Info    : 0.60 < quality < 0.70 :       557 elements
Info    : 0.70 < quality < 0.80 :      1083 elements
Info    : 0.80 < quality < 0.90 :      1572 elements
Info    : 0.90 < quality < 1.00 :       750 elements
Info    : Optimizing volume 20012
Info    : Optimization starts (volume = 6.688e-06) with worst = 0.0127312 / average = 0.766475:
Info    : 0.00 < quality < 0.10 :        13 elements
Info    : 0.10 < quality < 0.20 :        44 elements
Info    : 0.20 < quality < 0.30 :        49 elements
Info    : 0.30 < quality < 0.40 :        52 elements
Info    : 0.40 < quality < 0.50 :       100 elements
Info    : 0.50 < quality < 0.60 :       184 elements
Info    : 0.60 < quality < 0.70 :       624 elements
Info    : 0.70 < quality < 0.80 :      1146 elements
Info    : 0.80 < quality < 0.90 :      1476 elements
Info    : 0.90 < quality < 1.00 :       648 elements
Info    : 105 edge swaps, 0 node relocations (volume = 6.688e-06): worst = 0.306212 / average = 0.782262 (Wall 0.000849236s, CPU 0.000847s)
Info    : No ill-shaped tets in the mesh :-)
Info    : 0.00 < quality < 0.10 :         0 elements
Info    : 0.10 < quality < 0.20 :         0 elements
Info    : 0.20 < quality < 0.30 :         0 elements
Info    : 0.30 < quality < 0.40 :        53 elements
Info    : 0.40 < quality < 0.50 :        91 elements
Info    : 0.50 < quality < 0.60 :       180 elements
Info    : 0.60 < quality < 0.70 :       607 elements
Info    : 0.70 < quality < 0.80 :      1167 elements
Info    : 0.80 < quality < 0.90 :      1492 elements
Info    : 0.90 < quality < 1.00 :       648 elements
Info    : Optimizing volume 20013
Info    : Optimization starts (volume = 4.864e-06) with worst = 0.0173183 / average = 0.77173:
Info    : 0.00 < quality < 0.10 :        12 elements
Info    : 0.10 < quality < 0.20 :        30 elements
Info    : 0.20 < quality < 0.30 :        21 elements
Info    : 0.30 < quality < 0.40 :        43 elements
Info    : 0.40 < quality < 0.50 :        59 elements
Info    : 0.50 < quality < 0.60 :       136 elements
Info    : 0.60 < quality < 0.70 :       448 elements
Info    : 0.70 < quality < 0.80 :       878 elements
Info    : 0.80 < quality < 0.90 :      1085 elements
Info    : 0.90 < quality < 1.00 :       502 elements
Info    : 63 edge swaps, 2 node relocations (volume = 4.864e-06): worst = 0.303092 / average = 0.784196 (Wall 0.000573768s, CPU 0.000572s)
Info    : No ill-shaped tets in the mesh :-)
Info    : 0.00 < quality < 0.10 :         0 elements
Info    : 0.10 < quality < 0.20 :         0 elements
Info    : 0.20 < quality < 0.30 :         0 elements
Info    : 0.30 < quality < 0.40 :        43 elements
Info    : 0.40 < quality < 0.50 :        55 elements
Info    : 0.50 < quality < 0.60 :       139 elements
Info    : 0.60 < quality < 0.70 :       448 elements
Info    : 0.70 < quality < 0.80 :       874 elements
Info    : 0.80 < quality < 0.90 :      1094 elements
Info    : 0.90 < quality < 1.00 :       505 elements
Info    : Optimizing volume 20014
Info    : Optimization starts (volume = 4.864e-06) with worst = 0.0192602 / average = 0.767742:
Info    : 0.00 < quality < 0.10 :         4 elements
Info    : 0.10 < quality < 0.20 :        20 elements
Info    : 0.20 < quality < 0.30 :        33 elements
Info    : 0.30 < quality < 0.40 :        53 elements
Info    : 0.40 < quality < 0.50 :        78 elements
Info    : 0.50 < quality < 0.60 :       157 elements
Info    : 0.60 < quality < 0.70 :       507 elements
Info    : 0.70 < quality < 0.80 :       830 elements
Info    : 0.80 < quality < 0.90 :      1068 elements
Info    : 0.90 < quality < 1.00 :       535 elements
Info    : 57 edge swaps, 0 node relocations (volume = 4.864e-06): worst = 0.303788 / average = 0.778625 (Wall 0.00050676s, CPU 0.000505s)
Info    : No ill-shaped tets in the mesh :-)
Info    : 0.00 < quality < 0.10 :         0 elements
Info    : 0.10 < quality < 0.20 :         0 elements
Info    : 0.20 < quality < 0.30 :         0 elements
Info    : 0.30 < quality < 0.40 :        50 elements
Info    : 0.40 < quality < 0.50 :        72 elements
Info    : 0.50 < quality < 0.60 :       158 elements
Info    : 0.60 < quality < 0.70 :       503 elements
Info    : 0.70 < quality < 0.80 :       850 elements
Info    : 0.80 < quality < 0.90 :      1067 elements
Info    : 0.90 < quality < 1.00 :       534 elements
Info    : Optimizing volume 20015
Info    : Optimization starts (volume = 6.688e-06) with worst = 0.0149794 / average = 0.774525:
Info    : 0.00 < quality < 0.10 :        13 elements
Info    : 0.10 < quality < 0.20 :        37 elements
Info    : 0.20 < quality < 0.30 :        39 elements
Info    : 0.30 < quality < 0.40 :        65 elements
Info    : 0.40 < quality < 0.50 :       106 elements
Info    : 0.50 < quality < 0.60 :       171 elements
Info    : 0.60 < quality < 0.70 :       554 elements
Info    : 0.70 < quality < 0.80 :      1069 elements
Info    : 0.80 < quality < 0.90 :      1527 elements
Info    : 0.90 < quality < 1.00 :       758 elements
Info    : 88 edge swaps, 5 node relocations (volume = 6.688e-06): worst = 0.227955 / average = 0.78835 (Wall 0.000816864s, CPU 0.000816s)
Info    : 89 edge swaps, 5 node relocations (volume = 6.688e-06): worst = 0.302873 / average = 0.788455 (Wall 0.000995195s, CPU 0.000994s)
Info    : No ill-shaped tets in the mesh :-)
Info    : 0.00 < quality < 0.10 :         0 elements
Info    : 0.10 < quality < 0.20 :         0 elements
Info    : 0.20 < quality < 0.30 :         0 elements
Info    : 0.30 < quality < 0.40 :        63 elements
Info    : 0.40 < quality < 0.50 :       102 elements
Info    : 0.50 < quality < 0.60 :       164 elements
Info    : 0.60 < quality < 0.70 :       547 elements
Info    : 0.70 < quality < 0.80 :      1069 elements
Info    : 0.80 < quality < 0.90 :      1551 elements
Info    : 0.90 < quality < 1.00 :       761 elements
Info    : Optimizing volume 20016
Info    : Optimization starts (volume = 6.688e-06) with worst = 0.017534 / average = 0.775144:
Info    : 0.00 < quality < 0.10 :        13 elements
Info    : 0.10 < quality < 0.20 :        27 elements
Info    : 0.20 < quality < 0.30 :        42 elements
Info    : 0.30 < quality < 0.40 :        63 elements
Info    : 0.40 < quality < 0.50 :        83 elements
Info    : 0.50 < quality < 0.60 :       146 elements
Info    : 0.60 < quality < 0.70 :       603 elements
Info    : 0.70 < quality < 0.80 :      1127 elements
Info    : 0.80 < quality < 0.90 :      1501 elements
Info    : 0.90 < quality < 1.00 :       720 elements
Info    : 81 edge swaps, 1 node relocations (volume = 6.688e-06): worst = 0.301368 / average = 0.787624 (Wall 0.000768061s, CPU 0.000767s)
Info    : No ill-shaped tets in the mesh :-)
Info    : 0.00 < quality < 0.10 :         0 elements
Info    : 0.10 < quality < 0.20 :         0 elements
Info    : 0.20 < quality < 0.30 :         0 elements
Info    : 0.30 < quality < 0.40 :        63 elements
Info    : 0.40 < quality < 0.50 :        76 elements
Info    : 0.50 < quality < 0.60 :       137 elements
Info    : 0.60 < quality < 0.70 :       600 elements
Info    : 0.70 < quality < 0.80 :      1149 elements
Info    : 0.80 < quality < 0.90 :      1508 elements
Info    : 0.90 < quality < 1.00 :       717 elements
Info    : Optimizing volume 20017
Info    : Optimization starts (volume = 4.864e-06) with worst = 0.0269393 / average = 0.766524:
Info    : 0.00 < quality < 0.10 :        13 elements
Info    : 0.10 < quality < 0.20 :        21 elements
Info    : 0.20 < quality < 0.30 :        34 elements
Info    : 0.30 < quality < 0.40 :        51 elements
Info    : 0.40 < quality < 0.50 :        70 elements
Info    : 0.50 < quality < 0.60 :       161 elements
Info    : 0.60 < quality < 0.70 :       526 elements
Info    : 0.70 < quality < 0.80 :       822 elements
Info    : 0.80 < quality < 0.90 :      1078 elements
Info    : 0.90 < quality < 1.00 :       539 elements
Info    : 68 edge swaps, 0 node relocations (volume = 4.864e-06): worst = 0.302458 / average = 0.779273 (Wall 0.000580792s, CPU 0.00058s)
Info    : No ill-shaped tets in the mesh :-)
Info    : 0.00 < quality < 0.10 :         0 elements
Info    : 0.10 < quality < 0.20 :         0 elements
Info    : 0.20 < quality < 0.30 :         0 elements
Info    : 0.30 < quality < 0.40 :        48 elements
Info    : 0.40 < quality < 0.50 :        70 elements
Info    : 0.50 < quality < 0.60 :       158 elements
Info    : 0.60 < quality < 0.70 :       527 elements
Info    : 0.70 < quality < 0.80 :       818 elements
Info    : 0.80 < quality < 0.90 :      1096 elements
Info    : 0.90 < quality < 1.00 :       537 elements
Info    : Optimizing volume 20018
Info    : Optimization starts (volume = 4.864e-06) with worst = 0.0144095 / average = 0.761518:
Info    : 0.00 < quality < 0.10 :        13 elements
Info    : 0.10 < quality < 0.20 :        28 elements
Info    : 0.20 < quality < 0.30 :        41 elements
Info    : 0.30 < quality < 0.40 :        52 elements
Info    : 0.40 < quality < 0.50 :        66 elements
Info    : 0.50 < quality < 0.60 :       140 elements
Info    : 0.60 < quality < 0.70 :       544 elements
Info    : 0.70 < quality < 0.80 :       873 elements
Info    : 0.80 < quality < 0.90 :      1047 elements
Info    : 0.90 < quality < 1.00 :       505 elements
Info    : 82 edge swaps, 0 node relocations (volume = 4.864e-06): worst = 0.230951 / average = 0.776382 (Wall 0.000669432s, CPU 0.000668s)
Info    : 83 edge swaps, 0 node relocations (volume = 4.864e-06): worst = 0.300254 / average = 0.776615 (Wall 0.000803438s, CPU 0.000802s)
Info    : No ill-shaped tets in the mesh :-)
Info    : 0.00 < quality < 0.10 :         0 elements
Info    : 0.10 < quality < 0.20 :         0 elements
Info    : 0.20 < quality < 0.30 :         0 elements
Info    : 0.30 < quality < 0.40 :        50 elements
Info    : 0.40 < quality < 0.50 :        66 elements
Info    : 0.50 < quality < 0.60 :       143 elements
Info    : 0.60 < quality < 0.70 :       542 elements
Info    : 0.70 < quality < 0.80 :       868 elements
Info    : 0.80 < quality < 0.90 :      1059 elements
Info    : 0.90 < quality < 1.00 :       509 elements
Info    : Optimizing volume 20019
Info    : Optimization starts (volume = 6.688e-06) with worst = 0.0368264 / average = 0.780286:
Info    : 0.00 < quality < 0.10 :         9 elements
Info    : 0.10 < quality < 0.20 :        29 elements
Info    : 0.20 < quality < 0.30 :        36 elements
Info    : 0.30 < quality < 0.40 :        43 elements
Info    : 0.40 < quality < 0.50 :        66 elements
Info    : 0.50 < quality < 0.60 :       165 elements
Info    : 0.60 < quality < 0.70 :       594 elements
Info    : 0.70 < quality < 0.80 :      1074 elements
Info    : 0.80 < quality < 0.90 :      1479 elements
Info    : 0.90 < quality < 1.00 :       766 elements
Info    : 71 edge swaps, 0 node relocations (volume = 6.688e-06): worst = 0.302212 / average = 0.791885 (Wall 0.000676375s, CPU 0.000675s)
Info    : No ill-shaped tets in the mesh :-)
Info    : 0.00 < quality < 0.10 :         0 elements
Info    : 0.10 < quality < 0.20 :         0 elements
Info    : 0.20 < quality < 0.30 :         0 elements
Info    : 0.30 < quality < 0.40 :        43 elements
Info    : 0.40 < quality < 0.50 :        60 elements
Info    : 0.50 < quality < 0.60 :       164 elements
Info    : 0.60 < quality < 0.70 :       585 elements
Info    : 0.70 < quality < 0.80 :      1080 elements
Info    : 0.80 < quality < 0.90 :      1492 elements
Info    : 0.90 < quality < 1.00 :       768 elements
Info    : Optimizing volume 20020
Info    : Optimization starts (volume = 6.688e-06) with worst = 0.0249578 / average = 0.769004:
Info    : 0.00 < quality < 0.10 :        10 elements
Info    : 0.10 < quality < 0.20 :        37 elements
Info    : 0.20 < quality < 0.30 :        53 elements
Info    : 0.30 < quality < 0.40 :        65 elements
Info    : 0.40 < quality < 0.50 :        91 elements
Info    : 0.50 < quality < 0.60 :       185 elements
Info    : 0.60 < quality < 0.70 :       662 elements
Info    : 0.70 < quality < 0.80 :      1089 elements
Info    : 0.80 < quality < 0.90 :      1407 elements
Info    : 0.90 < quality < 1.00 :       736 elements
Info    : 100 edge swaps, 0 node relocations (volume = 6.688e-06): worst = 0.301788 / average = 0.784284 (Wall 0.000829799s, CPU 0.000828s)
Info    : No ill-shaped tets in the mesh :-)
Info    : 0.00 < quality < 0.10 :         0 elements
Info    : 0.10 < quality < 0.20 :         0 elements
Info    : 0.20 < quality < 0.30 :         0 elements
Info    : 0.30 < quality < 0.40 :        60 elements
Info    : 0.40 < quality < 0.50 :        80 elements
Info    : 0.50 < quality < 0.60 :       180 elements
Info    : 0.60 < quality < 0.70 :       647 elements
Info    : 0.70 < quality < 0.80 :      1113 elements
Info    : 0.80 < quality < 0.90 :      1425 elements
Info    : 0.90 < quality < 1.00 :       736 elements
Info    : Optimizing volume 20021
Info    : Optimization starts (volume = 4.864e-06) with worst = 0.0249862 / average = 0.759503:
Info    : 0.00 < quality < 0.10 :        13 elements
Info    : 0.10 < quality < 0.20 :        33 elements
Info    : 0.20 < quality < 0.30 :        38 elements
Info    : 0.30 < quality < 0.40 :        52 elements
Info    : 0.40 < quality < 0.50 :        69 elements
Info    : 0.50 < quality < 0.60 :       162 elements
Info    : 0.60 < quality < 0.70 :       529 elements
Info    : 0.70 < quality < 0.80 :       847 elements
Info    : 0.80 < quality < 0.90 :       991 elements
Info    : 0.90 < quality < 1.00 :       512 elements
Info    : 82 edge swaps, 1 node relocations (volume = 4.864e-06): worst = 0.2406 / average = 0.776675 (Wall 0.000642279s, CPU 0.000641s)
Info    : 83 edge swaps, 1 node relocations (volume = 4.864e-06): worst = 0.30086 / average = 0.776838 (Wall 0.000771166s, CPU 0.00077s)
Info    : No ill-shaped tets in the mesh :-)
Info    : 0.00 < quality < 0.10 :         0 elements
Info    : 0.10 < quality < 0.20 :         0 elements
Info    : 0.20 < quality < 0.30 :         0 elements
Info    : 0.30 < quality < 0.40 :        47 elements
Info    : 0.40 < quality < 0.50 :        64 elements
Info    : 0.50 < quality < 0.60 :       159 elements
Info    : 0.60 < quality < 0.70 :       526 elements
Info    : 0.70 < quality < 0.80 :       848 elements
Info    : 0.80 < quality < 0.90 :      1010 elements
Info    : 0.90 < quality < 1.00 :       513 elements
Info    : Optimizing volume 20022
Info    : Optimization starts (volume = 4.864e-06) with worst = 0.0144338 / average = 0.767438:
Info    : 0.00 < quality < 0.10 :        16 elements
Info    : 0.10 < quality < 0.20 :        16 elements
Info    : 0.20 < quality < 0.30 :        29 elements
Info    : 0.30 < quality < 0.40 :        34 elements
Info    : 0.40 < quality < 0.50 :        78 elements
Info    : 0.50 < quality < 0.60 :       137 elements
Info    : 0.60 < quality < 0.70 :       511 elements
Info    : 0.70 < quality < 0.80 :       881 elements
Info    : 0.80 < quality < 0.90 :      1002 elements
Info    : 0.90 < quality < 1.00 :       508 elements
Info    : 59 edge swaps, 2 node relocations (volume = 4.864e-06): worst = 0.303268 / average = 0.779744 (Wall 0.000525776s, CPU 0.000525s)
Info    : No ill-shaped tets in the mesh :-)
Info    : 0.00 < quality < 0.10 :         0 elements
Info    : 0.10 < quality < 0.20 :         0 elements
Info    : 0.20 < quality < 0.30 :         0 elements
Info    : 0.30 < quality < 0.40 :        34 elements
Info    : 0.40 < quality < 0.50 :        76 elements
Info    : 0.50 < quality < 0.60 :       133 elements
Info    : 0.60 < quality < 0.70 :       507 elements
Info    : 0.70 < quality < 0.80 :       880 elements
Info    : 0.80 < quality < 0.90 :      1015 elements
Info    : 0.90 < quality < 1.00 :       512 elements
Info    : Optimizing volume 20023
Info    : Optimization starts (volume = 6.688e-06) with worst = 0.022898 / average = 0.770423:
Info    : 0.00 < quality < 0.10 :        15 elements
Info    : 0.10 < quality < 0.20 :        40 elements
Info    : 0.20 < quality < 0.30 :        34 elements
Info    : 0.30 < quality < 0.40 :        72 elements
Info    : 0.40 < quality < 0.50 :       111 elements
Info    : 0.50 < quality < 0.60 :       157 elements
Info    : 0.60 < quality < 0.70 :       568 elements
Info    : 0.70 < quality < 0.80 :      1102 elements
Info    : 0.80 < quality < 0.90 :      1503 elements
Info    : 0.90 < quality < 1.00 :       703 elements
Info    : 87 edge swaps, 0 node relocations (volume = 6.688e-06): worst = 0.300688 / average = 0.784237 (Wall 0.000760476s, CPU 0.000759s)
Info    : No ill-shaped tets in the mesh :-)
Info    : 0.00 < quality < 0.10 :         0 elements
Info    : 0.10 < quality < 0.20 :         0 elements
Info    : 0.20 < quality < 0.30 :         0 elements
Info    : 0.30 < quality < 0.40 :        72 elements
Info    : 0.40 < quality < 0.50 :       101 elements
Info    : 0.50 < quality < 0.60 :       157 elements
Info    : 0.60 < quality < 0.70 :       559 elements
Info    : 0.70 < quality < 0.80 :      1109 elements
Info    : 0.80 < quality < 0.90 :      1523 elements
Info    : 0.90 < quality < 1.00 :       701 elements
Info    : Optimizing volume 20024
Info    : Optimization starts (volume = 6.688e-06) with worst = 0.0229139 / average = 0.772565:
Info    : 0.00 < quality < 0.10 :        18 elements
Info    : 0.10 < quality < 0.20 :        33 elements
Info    : 0.20 < quality < 0.30 :        44 elements
Info    : 0.30 < quality < 0.40 :        56 elements
Info    : 0.40 < quality < 0.50 :        75 elements
Info    : 0.50 < quality < 0.60 :       190 elements
Info    : 0.60 < quality < 0.70 :       579 elements
Info    : 0.70 < quality < 0.80 :      1142 elements
Info    : 0.80 < quality < 0.90 :      1491 elements
Info    : 0.90 < quality < 1.00 :       693 elements
Info    : 95 edge swaps, 3 node relocations (volume = 6.688e-06): worst = 0.300091 / average = 0.786632 (Wall 0.000804009s, CPU 0.000804s)
Info    : No ill-shaped tets in the mesh :-)
Info    : 0.00 < quality < 0.10 :         0 elements
Info    : 0.10 < quality < 0.20 :         0 elements
Info    : 0.20 < quality < 0.30 :         0 elements
Info    : 0.30 < quality < 0.40 :        58 elements
Info    : 0.40 < quality < 0.50 :        71 elements
Info    : 0.50 < quality < 0.60 :       185 elements
Info    : 0.60 < quality < 0.70 :       579 elements
Info    : 0.70 < quality < 0.80 :      1140 elements
Info    : 0.80 < quality < 0.90 :      1504 elements
Info    : 0.90 < quality < 1.00 :       699 elements
Info    : Optimizing volume 20025
Info    : Optimization starts (volume = 4.864e-06) with worst = 0.0130727 / average = 0.75727:
Info    : 0.00 < quality < 0.10 :        11 elements
Info    : 0.10 < quality < 0.20 :        35 elements
Info    : 0.20 < quality < 0.30 :        36 elements
Info    : 0.30 < quality < 0.40 :        51 elements
Info    : 0.40 < quality < 0.50 :        65 elements
Info    : 0.50 < quality < 0.60 :       168 elements
Info    : 0.60 < quality < 0.70 :       559 elements
Info    : 0.70 < quality < 0.80 :       850 elements
Info    : 0.80 < quality < 0.90 :       988 elements
Info    : 0.90 < quality < 1.00 :       493 elements
Info    : 82 edge swaps, 1 node relocations (volume = 4.864e-06): worst = 0.191424 / average = 0.77364 (Wall 0.000674431s, CPU 0.000674s)
Info    : 84 edge swaps, 1 node relocations (volume = 4.864e-06): worst = 0.300644 / average = 0.774076 (Wall 0.000812706s, CPU 0.000811s)
Info    : No ill-shaped tets in the mesh :-)
Info    : 0.00 < quality < 0.10 :         0 elements
Info    : 0.10 < quality < 0.20 :         0 elements
Info    : 0.20 < quality < 0.30 :         0 elements
Info    : 0.30 < quality < 0.40 :        47 elements
Info    : 0.40 < quality < 0.50 :        64 elements
Info    : 0.50 < quality < 0.60 :       160 elements
Info    : 0.60 < quality < 0.70 :       563 elements
Info    : 0.70 < quality < 0.80 :       840 elements
Info    : 0.80 < quality < 0.90 :      1013 elements
Info    : 0.90 < quality < 1.00 :       491 elements
Info    : Optimizing volume 20026
Info    : Optimization starts (volume = 4.864e-06) with worst = 0.021015 / average = 0.762932:
Info    : 0.00 < quality < 0.10 :        16 elements
Info    : 0.10 < quality < 0.20 :        19 elements
Info    : 0.20 < quality < 0.30 :        29 elements
Info    : 0.30 < quality < 0.40 :        57 elements
Info    : 0.40 < quality < 0.50 :        78 elements
Info    : 0.50 < quality < 0.60 :       153 elements
Info    : 0.60 < quality < 0.70 :       516 elements
Info    : 0.70 < quality < 0.80 :       833 elements
Info    : 0.80 < quality < 0.90 :      1015 elements
Info    : 0.90 < quality < 1.00 :       507 elements
Info    : 64 edge swaps, 0 node relocations (volume = 4.864e-06): worst = 0.30425 / average = 0.776191 (Wall 0.000572285s, CPU 0.000573s)
Info    : No ill-shaped tets in the mesh :-)
Info    : 0.00 < quality < 0.10 :         0 elements
Info    : 0.10 < quality < 0.20 :         0 elements
Info    : 0.20 < quality < 0.30 :         0 elements
Info    : 0.30 < quality < 0.40 :        52 elements
Info    : 0.40 < quality < 0.50 :        79 elements
Info    : 0.50 < quality < 0.60 :       152 elements
Info    : 0.60 < quality < 0.70 :       499 elements
Info    : 0.70 < quality < 0.80 :       845 elements
Info    : 0.80 < quality < 0.90 :      1026 elements
Info    : 0.90 < quality < 1.00 :       509 elements
Info    : Optimizing volume 20027
Info    : Optimization starts (volume = 6.688e-06) with worst = 0.0200421 / average = 0.773944:
Info    : 0.00 < quality < 0.10 :        15 elements
Info    : 0.10 < quality < 0.20 :        40 elements
Info    : 0.20 < quality < 0.30 :        29 elements
Info    : 0.30 < quality < 0.40 :        59 elements
Info    : 0.40 < quality < 0.50 :        86 elements
Info    : 0.50 < quality < 0.60 :       166 elements
Info    : 0.60 < quality < 0.70 :       587 elements
Info    : 0.70 < quality < 0.80 :      1158 elements
Info    : 0.80 < quality < 0.90 :      1437 elements
Info    : 0.90 < quality < 1.00 :       753 elements
Info    : 84 edge swaps, 4 node relocations (volume = 6.688e-06): worst = 0.179651 / average = 0.786471 (Wall 0.000782288s, CPU 0.000781s)
Info    : 88 edge swaps, 4 node relocations (volume = 6.688e-06): worst = 0.301582 / average = 0.787091 (Wall 0.00099236s, CPU 0.000991s)
Info    : No ill-shaped tets in the mesh :-)
Info    : 0.00 < quality < 0.10 :         0 elements
Info    : 0.10 < quality < 0.20 :         0 elements
Info    : 0.20 < quality < 0.30 :         0 elements
Info    : 0.30 < quality < 0.40 :        63 elements
Info    : 0.40 < quality < 0.50 :        75 elements
Info    : 0.50 < quality < 0.60 :       162 elements
Info    : 0.60 < quality < 0.70 :       584 elements
Info    : 0.70 < quality < 0.80 :      1154 elements
Info    : 0.80 < quality < 0.90 :      1457 elements
Info    : 0.90 < quality < 1.00 :       756 elements
Info    : Optimizing volume 20028
Info    : Optimization starts (volume = 6.688e-06) with worst = 0.0128549 / average = 0.777085:
Info    : 0.00 < quality < 0.10 :        11 elements
Info    : 0.10 < quality < 0.20 :        36 elements
Info    : 0.20 < quality < 0.30 :        37 elements
Info    : 0.30 < quality < 0.40 :        52 elements
Info    : 0.40 < quality < 0.50 :        80 elements
Info    : 0.50 < quality < 0.60 :       172 elements
Info    : 0.60 < quality < 0.70 :       585 elements
Info    : 0.70 < quality < 0.80 :      1080 elements
Info    : 0.80 < quality < 0.90 :      1499 elements
Info    : 0.90 < quality < 1.00 :       753 elements
Info    : 82 edge swaps, 1 node relocations (volume = 6.688e-06): worst = 0.302009 / average = 0.790292 (Wall 0.000739255s, CPU 0.000739s)
Info    : No ill-shaped tets in the mesh :-)
Info    : 0.00 < quality < 0.10 :         0 elements
Info    : 0.10 < quality < 0.20 :         0 elements
Info    : 0.20 < quality < 0.30 :         0 elements
Info    : 0.30 < quality < 0.40 :        53 elements
Info    : 0.40 < quality < 0.50 :        75 elements
Info    : 0.50 < quality < 0.60 :       169 elements
Info    : 0.60 < quality < 0.70 :       570 elements
Info    : 0.70 < quality < 0.80 :      1078 elements
Info    : 0.80 < quality < 0.90 :      1531 elements
Info    : 0.90 < quality < 1.00 :       750 elements
Info    : Optimizing volume 20029
Info    : Optimization starts (volume = 4.864e-06) with worst = 0.0170202 / average = 0.758297:
Info    : 0.00 < quality < 0.10 :        13 elements
Info    : 0.10 < quality < 0.20 :        34 elements
Info    : 0.20 < quality < 0.30 :        37 elements
Info    : 0.30 < quality < 0.40 :        53 elements
Info    : 0.40 < quality < 0.50 :        87 elements
Info    : 0.50 < quality < 0.60 :       171 elements
Info    : 0.60 < quality < 0.70 :       541 elements
Info    : 0.70 < quality < 0.80 :       844 elements
Info    : 0.80 < quality < 0.90 :       999 elements
Info    : 0.90 < quality < 1.00 :       535 elements
Info    : 84 edge swaps, 2 node relocations (volume = 4.864e-06): worst = 0.269111 / average = 0.774996 (Wall 0.000665574s, CPU 0.000666s)
Info    : 85 edge swaps, 2 node relocations (volume = 4.864e-06): worst = 0.300334 / average = 0.775194 (Wall 0.000797807s, CPU 0.000798s)
Info    : No ill-shaped tets in the mesh :-)
Info    : 0.00 < quality < 0.10 :         0 elements
Info    : 0.10 < quality < 0.20 :         0 elements
Info    : 0.20 < quality < 0.30 :         0 elements
Info    : 0.30 < quality < 0.40 :        51 elements
Info    : 0.40 < quality < 0.50 :        81 elements
Info    : 0.50 < quality < 0.60 :       170 elements
Info    : 0.60 < quality < 0.70 :       530 elements
Info    : 0.70 < quality < 0.80 :       844 elements
Info    : 0.80 < quality < 0.90 :      1019 elements
Info    : 0.90 < quality < 1.00 :       540 elements
Info    : Optimizing volume 20030
Info    : Optimization starts (volume = 4.864e-06) with worst = 0.0256773 / average = 0.765956:
Info    : 0.00 < quality < 0.10 :         9 elements
Info    : 0.10 < quality < 0.20 :        29 elements
Info    : 0.20 < quality < 0.30 :        44 elements
Info    : 0.30 < quality < 0.40 :        30 elements
Info    : 0.40 < quality < 0.50 :        75 elements
Info    : 0.50 < quality < 0.60 :       140 elements
Info    : 0.60 < quality < 0.70 :       499 elements
Info    : 0.70 < quality < 0.80 :       862 elements
Info    : 0.80 < quality < 0.90 :      1080 elements
Info    : 0.90 < quality < 1.00 :       504 elements
Info    : 80 edge swaps, 2 node relocations (volume = 4.864e-06): worst = 0.304495 / average = 0.781599 (Wall 0.000631769s, CPU 0.000631s)
Info    : No ill-shaped tets in the mesh :-)
Info    : 0.00 < quality < 0.10 :         0 elements
Info    : 0.10 < quality < 0.20 :         0 elements
Info    : 0.20 < quality < 0.30 :         0 elements
Info    : 0.30 < quality < 0.40 :        31 elements
Info    : 0.40 < quality < 0.50 :        71 elements
Info    : 0.50 < quality < 0.60 :       138 elements
Info    : 0.60 < quality < 0.70 :       494 elements
Info    : 0.70 < quality < 0.80 :       860 elements
Info    : 0.80 < quality < 0.90 :      1100 elements
Info    : 0.90 < quality < 1.00 :       505 elements
Info    : Optimizing volume 20031
Info    : Optimization starts (volume = 6.688e-06) with worst = 0.0102357 / average = 0.774034:
Info    : 0.00 < quality < 0.10 :        18 elements
Info    : 0.10 < quality < 0.20 :        27 elements
Info    : 0.20 < quality < 0.30 :        29 elements
Info    : 0.30 < quality < 0.40 :        65 elements
Info    : 0.40 < quality < 0.50 :        69 elements
Info    : 0.50 < quality < 0.60 :       178 elements
Info    : 0.60 < quality < 0.70 :       612 elements
Info    : 0.70 < quality < 0.80 :      1107 elements
Info    : 0.80 < quality < 0.90 :      1469 elements
Info    : 0.90 < quality < 1.00 :       705 elements
Info    : 74 edge swaps, 2 node relocations (volume = 6.688e-06): worst = 0.231084 / average = 0.785543 (Wall 0.000692686s, CPU 0.000692s)
Info    : 77 edge swaps, 3 node relocations (volume = 6.688e-06): worst = 0.268484 / average = 0.785784 (Wall 0.000895284s, CPU 0.000894s)
Info    : 78 edge swaps, 3 node relocations (volume = 6.688e-06): worst = 0.303169 / average = 0.785905 (Wall 0.0010682s, CPU 0.001067s)
Info    : No ill-shaped tets in the mesh :-)
Info    : 0.00 < quality < 0.10 :         0 elements
Info    : 0.10 < quality < 0.20 :         0 elements
Info    : 0.20 < quality < 0.30 :         0 elements
Info    : 0.30 < quality < 0.40 :        61 elements
Info    : 0.40 < quality < 0.50 :        70 elements
Info    : 0.50 < quality < 0.60 :       170 elements
Info    : 0.60 < quality < 0.70 :       602 elements
Info    : 0.70 < quality < 0.80 :      1122 elements
Info    : 0.80 < quality < 0.90 :      1489 elements
Info    : 0.90 < quality < 1.00 :       696 elements
Info    : Optimizing volume 20032
Info    : Optimization starts (volume = 6.688e-06) with worst = 0.0148608 / average = 0.771375:
Info    : 0.00 < quality < 0.10 :        13 elements
Info    : 0.10 < quality < 0.20 :        42 elements
Info    : 0.20 < quality < 0.30 :        42 elements
Info    : 0.30 < quality < 0.40 :        60 elements
Info    : 0.40 < quality < 0.50 :        81 elements
Info    : 0.50 < quality < 0.60 :       178 elements
Info    : 0.60 < quality < 0.70 :       597 elements
Info    : 0.70 < quality < 0.80 :      1078 elements
Info    : 0.80 < quality < 0.90 :      1462 elements
Info    : 0.90 < quality < 1.00 :       705 elements
Info    : 96 edge swaps, 1 node relocations (volume = 6.688e-06): worst = 0.296365 / average = 0.786515 (Wall 0.000832694s, CPU 0.000831s)
Info    : 97 edge swaps, 1 node relocations (volume = 6.688e-06): worst = 0.302271 / average = 0.786678 (Wall 0.0010121s, CPU 0.001011s)
Info    : No ill-shaped tets in the mesh :-)
Info    : 0.00 < quality < 0.10 :         0 elements
Info    : 0.10 < quality < 0.20 :         0 elements
Info    : 0.20 < quality < 0.30 :         0 elements
Info    : 0.30 < quality < 0.40 :        57 elements
Info    : 0.40 < quality < 0.50 :        78 elements
Info    : 0.50 < quality < 0.60 :       165 elements
Info    : 0.60 < quality < 0.70 :       584 elements
Info    : 0.70 < quality < 0.80 :      1097 elements
Info    : 0.80 < quality < 0.90 :      1474 elements
Info    : 0.90 < quality < 1.00 :       710 elements
Info    : Optimizing volume 20033
Info    : Optimization starts (volume = 4.864e-06) with worst = 0.0256711 / average = 0.764194:
Info    : 0.00 < quality < 0.10 :        13 elements
Info    : 0.10 < quality < 0.20 :        24 elements
Info    : 0.20 < quality < 0.30 :        28 elements
Info    : 0.30 < quality < 0.40 :        50 elements
Info    : 0.40 < quality < 0.50 :        69 elements
Info    : 0.50 < quality < 0.60 :       158 elements
Info    : 0.60 < quality < 0.70 :       497 elements
Info    : 0.70 < quality < 0.80 :       889 elements
Info    : 0.80 < quality < 0.90 :      1074 elements
Info    : 0.90 < quality < 1.00 :       470 elements
Info    : 65 edge swaps, 0 node relocations (volume = 4.864e-06): worst = 0.303777 / average = 0.778318 (Wall 0.000571604s, CPU 0.00057s)
Info    : No ill-shaped tets in the mesh :-)
Info    : 0.00 < quality < 0.10 :         0 elements
Info    : 0.10 < quality < 0.20 :         0 elements
Info    : 0.20 < quality < 0.30 :         0 elements
Info    : 0.30 < quality < 0.40 :        49 elements
Info    : 0.40 < quality < 0.50 :        64 elements
Info    : 0.50 < quality < 0.60 :       148 elements
Info    : 0.60 < quality < 0.70 :       485 elements
Info    : 0.70 < quality < 0.80 :       901 elements
Info    : 0.80 < quality < 0.90 :      1090 elements
Info    : 0.90 < quality < 1.00 :       470 elements
Info    : Optimizing volume 20034
Info    : Optimization starts (volume = 4.864e-06) with worst = 0.0151353 / average = 0.765704:
Info    : 0.00 < quality < 0.10 :        13 elements
Info    : 0.10 < quality < 0.20 :        24 elements
Info    : 0.20 < quality < 0.30 :        25 elements
Info    : 0.30 < quality < 0.40 :        54 elements
Info    : 0.40 < quality < 0.50 :        78 elements
Info    : 0.50 < quality < 0.60 :       138 elements
Info    : 0.60 < quality < 0.70 :       517 elements
Info    : 0.70 < quality < 0.80 :       823 elements
Info    : 0.80 < quality < 0.90 :      1051 elements
Info    : 0.90 < quality < 1.00 :       513 elements
Info    : 62 edge swaps, 0 node relocations (volume = 4.864e-06): worst = 0.300001 / average = 0.778035 (Wall 0.000545064s, CPU 0.000545s)
Info    : No ill-shaped tets in the mesh :-)
Info    : 0.00 < quality < 0.10 :         0 elements
Info    : 0.10 < quality < 0.20 :         0 elements
Info    : 0.20 < quality < 0.30 :         0 elements
Info    : 0.30 < quality < 0.40 :        53 elements
Info    : 0.40 < quality < 0.50 :        76 elements
Info    : 0.50 < quality < 0.60 :       136 elements
Info    : 0.60 < quality < 0.70 :       520 elements
Info    : 0.70 < quality < 0.80 :       819 elements
Info    : 0.80 < quality < 0.90 :      1058 elements
Info    : 0.90 < quality < 1.00 :       517 elements
Info    : Optimizing volume 20035
Info    : Optimization starts (volume = 6.688e-06) with worst = 0.0193564 / average = 0.772518:
Info    : 0.00 < quality < 0.10 :        17 elements
Info    : 0.10 < quality < 0.20 :        37 elements
Info    : 0.20 < quality < 0.30 :        38 elements
Info    : 0.30 < quality < 0.40 :        63 elements
Info    : 0.40 < quality < 0.50 :        77 elements
Info    : 0.50 < quality < 0.60 :       171 elements
Info    : 0.60 < quality < 0.70 :       616 elements
Info    : 0.70 < quality < 0.80 :      1117 elements
Info    : 0.80 < quality < 0.90 :      1458 elements
Info    : 0.90 < quality < 1.00 :       756 elements
Info    : 92 edge swaps, 2 node relocations (volume = 6.688e-06): worst = 0.218983 / average = 0.786971 (Wall 0.00081463s, CPU 0.000813s)
Info    : 93 edge swaps, 2 node relocations (volume = 6.688e-06): worst = 0.302768 / average = 0.787149 (Wall 0.000994655s, CPU 0.000993s)
Info    : No ill-shaped tets in the mesh :-)
Info    : 0.00 < quality < 0.10 :         0 elements
Info    : 0.10 < quality < 0.20 :         0 elements
Info    : 0.20 < quality < 0.30 :         0 elements
Info    : 0.30 < quality < 0.40 :        58 elements
Info    : 0.40 < quality < 0.50 :        77 elements
Info    : 0.50 < quality < 0.60 :       157 elements
Info    : 0.60 < quality < 0.70 :       611 elements
Info    : 0.70 < quality < 0.80 :      1124 elements
Info    : 0.80 < quality < 0.90 :      1477 elements
Info    : 0.90 < quality < 1.00 :       758 elements
Info    : Optimizing volume 20036
Info    : Optimization starts (volume = 6.688e-06) with worst = 0.0205728 / average = 0.775201:
Info    : 0.00 < quality < 0.10 :        10 elements
Info    : 0.10 < quality < 0.20 :        33 elements
Info    : 0.20 < quality < 0.30 :        51 elements
Info    : 0.30 < quality < 0.40 :        54 elements
Info    : 0.40 < quality < 0.50 :        82 elements
Info    : 0.50 < quality < 0.60 :       175 elements
Info    : 0.60 < quality < 0.70 :       580 elements
Info    : 0.70 < quality < 0.80 :      1048 elements
Info    : 0.80 < quality < 0.90 :      1524 elements
Info    : 0.90 < quality < 1.00 :       728 elements
Info    : 92 edge swaps, 0 node relocations (volume = 6.688e-06): worst = 0.222283 / average = 0.788655 (Wall 0.000804531s, CPU 0.000803s)
Info    : 93 edge swaps, 0 node relocations (volume = 6.688e-06): worst = 0.30139 / average = 0.788812 (Wall 0.000982361s, CPU 0.000981s)
Info    : No ill-shaped tets in the mesh :-)
Info    : 0.00 < quality < 0.10 :         0 elements
Info    : 0.10 < quality < 0.20 :         0 elements
Info    : 0.20 < quality < 0.30 :         0 elements
Info    : 0.30 < quality < 0.40 :        58 elements
Info    : 0.40 < quality < 0.50 :        75 elements
Info    : 0.50 < quality < 0.60 :       174 elements
Info    : 0.60 < quality < 0.70 :       574 elements
Info    : 0.70 < quality < 0.80 :      1056 elements
Info    : 0.80 < quality < 0.90 :      1539 elements
Info    : 0.90 < quality < 1.00 :       726 elements
Info    : Optimizing volume 30001
Info    : Optimization starts (volume = 4.8e-06) with worst = 0.0103548 / average = 0.772843:
Info    : 0.00 < quality < 0.10 :        11 elements
Info    : 0.10 < quality < 0.20 :        21 elements
Info    : 0.20 < quality < 0.30 :        35 elements
Info    : 0.30 < quality < 0.40 :        44 elements
Info    : 0.40 < quality < 0.50 :        67 elements
Info    : 0.50 < quality < 0.60 :       110 elements
Info    : 0.60 < quality < 0.70 :       492 elements
Info    : 0.70 < quality < 0.80 :       781 elements
Info    : 0.80 < quality < 0.90 :      1093 elements
Info    : 0.90 < quality < 1.00 :       531 elements
Info    : 66 edge swaps, 0 node relocations (volume = 4.8e-06): worst = 0.301314 / average = 0.786613 (Wall 0.000547688s, CPU 0.000548s)
Info    : No ill-shaped tets in the mesh :-)
Info    : 0.00 < quality < 0.10 :         0 elements
Info    : 0.10 < quality < 0.20 :         0 elements
Info    : 0.20 < quality < 0.30 :         0 elements
Info    : 0.30 < quality < 0.40 :        44 elements
Info    : 0.40 < quality < 0.50 :        64 elements
Info    : 0.50 < quality < 0.60 :       106 elements
Info    : 0.60 < quality < 0.70 :       490 elements
Info    : 0.70 < quality < 0.80 :       779 elements
Info    : 0.80 < quality < 0.90 :      1105 elements
Info    : 0.90 < quality < 1.00 :       535 elements
Info    : Optimizing volume 30002
Info    : Optimization starts (volume = 4.8e-06) with worst = 0.0169969 / average = 0.76445:
Info    : 0.00 < quality < 0.10 :        14 elements
Info    : 0.10 < quality < 0.20 :        29 elements
Info    : 0.20 < quality < 0.30 :        31 elements
Info    : 0.30 < quality < 0.40 :        47 elements
Info    : 0.40 < quality < 0.50 :        63 elements
Info    : 0.50 < quality < 0.60 :       147 elements
Info    : 0.60 < quality < 0.70 :       497 elements
Info    : 0.70 < quality < 0.80 :       846 elements
Info    : 0.80 < quality < 0.90 :      1023 elements
Info    : 0.90 < quality < 1.00 :       503 elements
Info    : 74 edge swaps, 2 node relocations (volume = 4.8e-06): worst = 0.303823 / average = 0.779749 (Wall 0.000622151s, CPU 0.000621s)
Info    : No ill-shaped tets in the mesh :-)
Info    : 0.00 < quality < 0.10 :         0 elements
Info    : 0.10 < quality < 0.20 :         0 elements
Info    : 0.20 < quality < 0.30 :         0 elements
Info    : 0.30 < quality < 0.40 :        49 elements
Info    : 0.40 < quality < 0.50 :        59 elements
Info    : 0.50 < quality < 0.60 :       143 elements
Info    : 0.60 < quality < 0.70 :       484 elements
Info    : 0.70 < quality < 0.80 :       865 elements
Info    : 0.80 < quality < 0.90 :      1022 elements
Info    : 0.90 < quality < 1.00 :       509 elements
Info    : Optimizing volume 30003
Info    : Optimization starts (volume = 7.2e-06) with worst = 0.0213106 / average = 0.774159:
Info    : 0.00 < quality < 0.10 :        15 elements
Info    : 0.10 < quality < 0.20 :        29 elements
Info    : 0.20 < quality < 0.30 :        55 elements
Info    : 0.30 < quality < 0.40 :        67 elements
Info    : 0.40 < quality < 0.50 :       127 elements
Info    : 0.50 < quality < 0.60 :       180 elements
Info    : 0.60 < quality < 0.70 :       595 elements
Info    : 0.70 < quality < 0.80 :      1141 elements
Info    : 0.80 < quality < 0.90 :      1631 elements
Info    : 0.90 < quality < 1.00 :       789 elements
Info    : 99 edge swaps, 1 node relocations (volume = 7.2e-06): worst = 0.216663 / average = 0.787573 (Wall 0.000915743s, CPU 0.000914s)
Info    : 100 edge swaps, 1 node relocations (volume = 7.2e-06): worst = 0.301804 / average = 0.787712 (Wall 0.00111352s, CPU 0.001112s)
Info    : No ill-shaped tets in the mesh :-)
Info    : 0.00 < quality < 0.10 :         0 elements
Info    : 0.10 < quality < 0.20 :         0 elements
Info    : 0.20 < quality < 0.30 :         0 elements
Info    : 0.30 < quality < 0.40 :        69 elements
Info    : 0.40 < quality < 0.50 :       117 elements
Info    : 0.50 < quality < 0.60 :       173 elements
Info    : 0.60 < quality < 0.70 :       597 elements
Info    : 0.70 < quality < 0.80 :      1151 elements
Info    : 0.80 < quality < 0.90 :      1645 elements
Info    : 0.90 < quality < 1.00 :       787 elements
Info    : Optimizing volume 30004
Info    : Optimization starts (volume = 7.2e-06) with worst = 0.0156545 / average = 0.776724:
Info    : 0.00 < quality < 0.10 :         8 elements
Info    : 0.10 < quality < 0.20 :        31 elements
Info    : 0.20 < quality < 0.30 :        42 elements
Info    : 0.30 < quality < 0.40 :        73 elements
Info    : 0.40 < quality < 0.50 :       104 elements
Info    : 0.50 < quality < 0.60 :       206 elements
Info    : 0.60 < quality < 0.70 :       608 elements
Info    : 0.70 < quality < 0.80 :      1149 elements
Info    : 0.80 < quality < 0.90 :      1637 elements
Info    : 0.90 < quality < 1.00 :       823 elements
Info    : 80 edge swaps, 2 node relocations (volume = 7.2e-06): worst = 0.300421 / average = 0.787318 (Wall 0.00080989s, CPU 0.000809s)
Info    : No ill-shaped tets in the mesh :-)
Info    : 0.00 < quality < 0.10 :         0 elements
Info    : 0.10 < quality < 0.20 :         0 elements
Info    : 0.20 < quality < 0.30 :         0 elements
Info    : 0.30 < quality < 0.40 :        73 elements
Info    : 0.40 < quality < 0.50 :       103 elements
Info    : 0.50 < quality < 0.60 :       206 elements
Info    : 0.60 < quality < 0.70 :       602 elements
Info    : 0.70 < quality < 0.80 :      1159 elements
Info    : 0.80 < quality < 0.90 :      1641 elements
Info    : 0.90 < quality < 1.00 :       826 elements
Info    : Optimizing volume 30005
Info    : Optimization starts (volume = 4.8e-06) with worst = 0.0177886 / average = 0.773555:
Info    : 0.00 < quality < 0.10 :        15 elements
Info    : 0.10 < quality < 0.20 :        22 elements
Info    : 0.20 < quality < 0.30 :        25 elements
Info    : 0.30 < quality < 0.40 :        34 elements
Info    : 0.40 < quality < 0.50 :        67 elements
Info    : 0.50 < quality < 0.60 :       117 elements
Info    : 0.60 < quality < 0.70 :       472 elements
Info    : 0.70 < quality < 0.80 :       830 elements
Info    : 0.80 < quality < 0.90 :      1060 elements
Info    : 0.90 < quality < 1.00 :       531 elements
Info    : 61 edge swaps, 2 node relocations (volume = 4.8e-06): worst = 0.305485 / average = 0.786779 (Wall 0.000544683s, CPU 0.000544s)
Info    : No ill-shaped tets in the mesh :-)
Info    : 0.00 < quality < 0.10 :         0 elements
Info    : 0.10 < quality < 0.20 :         0 elements
Info    : 0.20 < quality < 0.30 :         0 elements
Info    : 0.30 < quality < 0.40 :        34 elements
Info    : 0.40 < quality < 0.50 :        60 elements
Info    : 0.50 < quality < 0.60 :       113 elements
Info    : 0.60 < quality < 0.70 :       476 elements
Info    : 0.70 < quality < 0.80 :       834 elements
Info    : 0.80 < quality < 0.90 :      1068 elements
Info    : 0.90 < quality < 1.00 :       531 elements
Info    : Optimizing volume 30006
Info    : Optimization starts (volume = 4.8e-06) with worst = 0.0175193 / average = 0.770929:
Info    : 0.00 < quality < 0.10 :        11 elements
Info    : 0.10 < quality < 0.20 :        24 elements
Info    : 0.20 < quality < 0.30 :        36 elements
Info    : 0.30 < quality < 0.40 :        41 elements
Info    : 0.40 < quality < 0.50 :        73 elements
Info    : 0.50 < quality < 0.60 :       118 elements
Info    : 0.60 < quality < 0.70 :       443 elements
Info    : 0.70 < quality < 0.80 :       832 elements
Info    : 0.80 < quality < 0.90 :      1030 elements
Info    : 0.90 < quality < 1.00 :       538 elements
Info    : 71 edge swaps, 0 node relocations (volume = 4.8e-06): worst = 0.302901 / average = 0.78579 (Wall 0.000604437s, CPU 0.000604s)
Info    : No ill-shaped tets in the mesh :-)
Info    : 0.00 < quality < 0.10 :         0 elements
Info    : 0.10 < quality < 0.20 :         0 elements
Info    : 0.20 < quality < 0.30 :         0 elements
Info    : 0.30 < quality < 0.40 :        40 elements
Info    : 0.40 < quality < 0.50 :        67 elements
Info    : 0.50 < quality < 0.60 :       113 elements
Info    : 0.60 < quality < 0.70 :       438 elements
Info    : 0.70 < quality < 0.80 :       852 elements
Info    : 0.80 < quality < 0.90 :      1039 elements
Info    : 0.90 < quality < 1.00 :       531 elements
Info    : Optimizing volume 30007
Info    : Optimization starts (volume = 7.2e-06) with worst = 0.00450283 / average = 0.774878:
Info    : 0.00 < quality < 0.10 :        13 elements
Info    : 0.10 < quality < 0.20 :        30 elements
Info    : 0.20 < quality < 0.30 :        57 elements
Info    : 0.30 < quality < 0.40 :        61 elements
Info    : 0.40 < quality < 0.50 :       107 elements
Info    : 0.50 < quality < 0.60 :       170 elements
Info    : 0.60 < quality < 0.70 :       625 elements
Info    : 0.70 < quality < 0.80 :      1166 elements
Info    : 0.80 < quality < 0.90 :      1618 elements
Info    : 0.90 < quality < 1.00 :       789 elements
Info    : 100 edge swaps, 4 node relocations (volume = 7.2e-06): worst = 0.302533 / average = 0.788891 (Wall 0.00090388s, CPU 0.000903s)
Info    : No ill-shaped tets in the mesh :-)
Info    : 0.00 < quality < 0.10 :         0 elements
Info    : 0.10 < quality < 0.20 :         0 elements
Info    : 0.20 < quality < 0.30 :         0 elements
Info    : 0.30 < quality < 0.40 :        58 elements
Info    : 0.40 < quality < 0.50 :        99 elements
Info    : 0.50 < quality < 0.60 :       172 elements
Info    : 0.60 < quality < 0.70 :       625 elements
Info    : 0.70 < quality < 0.80 :      1158 elements
Info    : 0.80 < quality < 0.90 :      1642 elements
Info    : 0.90 < quality < 1.00 :       791 elements
Info    : Optimizing volume 30008
Info    : Optimization starts (volume = 7.2e-06) with worst = 0.0196901 / average = 0.78001:
Info    : 0.00 < quality < 0.10 :        10 elements
Info    : 0.10 < quality < 0.20 :        32 elements
Info    : 0.20 < quality < 0.30 :        51 elements
Info    : 0.30 < quality < 0.40 :        58 elements
Info    : 0.40 < quality < 0.50 :       101 elements
Info    : 0.50 < quality < 0.60 :       151 elements
Info    : 0.60 < quality < 0.70 :       579 elements
Info    : 0.70 < quality < 0.80 :      1183 elements
Info    : 0.80 < quality < 0.90 :      1657 elements
Info    : 0.90 < quality < 1.00 :       818 elements
Info    : 93 edge swaps, 2 node relocations (volume = 7.2e-06): worst = 0.281327 / average = 0.792907 (Wall 0.000858905s, CPU 0.000857s)
Info    : No ill-shaped tets in the mesh :-)
Info    : 0.00 < quality < 0.10 :         0 elements
Info    : 0.10 < quality < 0.20 :         0 elements
Info    : 0.20 < quality < 0.30 :         1 elements
Info    : 0.30 < quality < 0.40 :        58 elements
Info    : 0.40 < quality < 0.50 :        98 elements
Info    : 0.50 < quality < 0.60 :       147 elements
Info    : 0.60 < quality < 0.70 :       568 elements
Info    : 0.70 < quality < 0.80 :      1191 elements
Info    : 0.80 < quality < 0.90 :      1672 elements
Info    : 0.90 < quality < 1.00 :       819 elements
Info    : Optimizing volume 30009
Info    : Optimization starts (volume = 4.8e-06) with worst = 0.0239233 / average = 0.769057:
Info    : 0.00 < quality < 0.10 :         8 elements
Info    : 0.10 < quality < 0.20 :        22 elements
Info    : 0.20 < quality < 0.30 :        39 elements
Info    : 0.30 < quality < 0.40 :        54 elements
Info    : 0.40 < quality < 0.50 :        57 elements
Info    : 0.50 < quality < 0.60 :       126 elements
Info    : 0.60 < quality < 0.70 :       474 elements
Info    : 0.70 < quality < 0.80 :       829 elements
Info    : 0.80 < quality < 0.90 :      1075 elements
Info    : 0.90 < quality < 1.00 :       490 elements
Info    : 69 edge swaps, 1 node relocations (volume = 4.8e-06): worst = 0.300588 / average = 0.783003 (Wall 0.000622792s, CPU 0.000608s)
Info    : No ill-shaped tets in the mesh :-)
Info    : 0.00 < quality < 0.10 :         0 elements
Info    : 0.10 < quality < 0.20 :         0 elements
Info    : 0.20 < quality < 0.30 :         0 elements
Info    : 0.30 < quality < 0.40 :        52 elements
Info    : 0.40 < quality < 0.50 :        56 elements
Info    : 0.50 < quality < 0.60 :       118 elements
Info    : 0.60 < quality < 0.70 :       476 elements
Info    : 0.70 < quality < 0.80 :       829 elements
Info    : 0.80 < quality < 0.90 :      1086 elements
Info    : 0.90 < quality < 1.00 :       495 elements
Info    : Optimizing volume 30010
Info    : Optimization starts (volume = 4.8e-06) with worst = 0.014291 / average = 0.772628:
Info    : 0.00 < quality < 0.10 :        11 elements
Info    : 0.10 < quality < 0.20 :        20 elements
Info    : 0.20 < quality < 0.30 :        32 elements
Info    : 0.30 < quality < 0.40 :        41 elements
Info    : 0.40 < quality < 0.50 :        67 elements
Info    : 0.50 < quality < 0.60 :       132 elements
Info    : 0.60 < quality < 0.70 :       463 elements
Info    : 0.70 < quality < 0.80 :       774 elements
Info    : 0.80 < quality < 0.90 :      1097 elements
Info    : 0.90 < quality < 1.00 :       518 elements
Info    : 63 edge swaps, 0 node relocations (volume = 4.8e-06): worst = 0.302516 / average = 0.784321 (Wall 0.000570101s, CPU 0.000569s)
Info    : No ill-shaped tets in the mesh :-)
Info    : 0.00 < quality < 0.10 :         0 elements
Info    : 0.10 < quality < 0.20 :         0 elements
Info    : 0.20 < quality < 0.30 :         0 elements
Info    : 0.30 < quality < 0.40 :        43 elements
Info    : 0.40 < quality < 0.50 :        61 elements
Info    : 0.50 < quality < 0.60 :       139 elements
Info    : 0.60 < quality < 0.70 :       469 elements
Info    : 0.70 < quality < 0.80 :       776 elements
Info    : 0.80 < quality < 0.90 :      1094 elements
Info    : 0.90 < quality < 1.00 :       520 elements
Info    : Optimizing volume 30011
Info    : Optimization starts (volume = 7.2e-06) with worst = 0.0157336 / average = 0.778446:
Info    : 0.00 < quality < 0.10 :         9 elements
Info    : 0.10 < quality < 0.20 :        33 elements
Info    : 0.20 < quality < 0.30 :        43 elements
Info    : 0.30 < quality < 0.40 :        76 elements
Info    : 0.40 < quality < 0.50 :       114 elements
Info    : 0.50 < quality < 0.60 :       174 elements
Info    : 0.60 < quality < 0.70 :       633 elements
Info    : 0.70 < quality < 0.80 :      1045 elements
Info    : 0.80 < quality < 0.90 :      1693 elements
Info    : 0.90 < quality < 1.00 :       836 elements
Info    : 83 edge swaps, 3 node relocations (volume = 7.2e-06): worst = 0.22955 / average = 0.7905 (Wall 0.000770054s, CPU 0.000769s)
Info    : 84 edge swaps, 5 node relocations (volume = 7.2e-06): worst = 0.262576 / average = 0.79054 (Wall 0.000994354s, CPU 0.000993s)
Info    : No ill-shaped tets in the mesh :-)
Info    : 0.00 < quality < 0.10 :         0 elements
Info    : 0.10 < quality < 0.20 :         0 elements
Info    : 0.20 < quality < 0.30 :         1 elements
Info    : 0.30 < quality < 0.40 :        74 elements
Info    : 0.40 < quality < 0.50 :       107 elements
Info    : 0.50 < quality < 0.60 :       169 elements
Info    : 0.60 < quality < 0.70 :       620 elements
Info    : 0.70 < quality < 0.80 :      1065 elements
Info    : 0.80 < quality < 0.90 :      1699 elements
Info    : 0.90 < quality < 1.00 :       842 elements
Info    : Optimizing volume 30012
Info    : Optimization starts (volume = 7.2e-06) with worst = 0.012654 / average = 0.779949:
Info    : 0.00 < quality < 0.10 :        15 elements
Info    : 0.10 < quality < 0.20 :        37 elements
Info    : 0.20 < quality < 0.30 :        37 elements
Info    : 0.30 < quality < 0.40 :        75 elements
Info    : 0.40 < quality < 0.50 :        89 elements
Info    : 0.50 < quality < 0.60 :       192 elements
Info    : 0.60 < quality < 0.70 :       581 elements
Info    : 0.70 < quality < 0.80 :      1121 elements
Info    : 0.80 < quality < 0.90 :      1647 elements
Info    : 0.90 < quality < 1.00 :       871 elements
Info    : 89 edge swaps, 2 node relocations (volume = 7.2e-06): worst = 0.300641 / average = 0.792341 (Wall 0.000859466s, CPU 0.00086s)
Info    : No ill-shaped tets in the mesh :-)
Info    : 0.00 < quality < 0.10 :         0 elements
Info    : 0.10 < quality < 0.20 :         0 elements
Info    : 0.20 < quality < 0.30 :         0 elements
Info    : 0.30 < quality < 0.40 :        69 elements
Info    : 0.40 < quality < 0.50 :        89 elements
Info    : 0.50 < quality < 0.60 :       191 elements
Info    : 0.60 < quality < 0.70 :       574 elements
Info    : 0.70 < quality < 0.80 :      1133 elements
Info    : 0.80 < quality < 0.90 :      1657 elements
Info    : 0.90 < quality < 1.00 :       872 elements
Info    : Optimizing volume 40001
Info    : Optimization starts (volume = 3.04e-06) with worst = 0.0250934 / average = 0.775763:
Info    : 0.00 < quality < 0.10 :         4 elements
Info    : 0.10 < quality < 0.20 :        16 elements
Info    : 0.20 < quality < 0.30 :        13 elements
Info    : 0.30 < quality < 0.40 :        16 elements
Info    : 0.40 < quality < 0.50 :        33 elements
Info    : 0.50 < quality < 0.60 :        69 elements
Info    : 0.60 < quality < 0.70 :       360 elements
Info    : 0.70 < quality < 0.80 :       544 elements
Info    : 0.80 < quality < 0.90 :       701 elements
Info    : 0.90 < quality < 1.00 :       322 elements
Info    : 33 edge swaps, 0 node relocations (volume = 3.04e-06): worst = 0.303875 / average = 0.784919 (Wall 0.000300445s, CPU 0.0003s)
Info    : No ill-shaped tets in the mesh :-)
Info    : 0.00 < quality < 0.10 :         0 elements
Info    : 0.10 < quality < 0.20 :         0 elements
Info    : 0.20 < quality < 0.30 :         0 elements
Info    : 0.30 < quality < 0.40 :        16 elements
Info    : 0.40 < quality < 0.50 :        35 elements
Info    : 0.50 < quality < 0.60 :        71 elements
Info    : 0.60 < quality < 0.70 :       363 elements
Info    : 0.70 < quality < 0.80 :       542 elements
Info    : 0.80 < quality < 0.90 :       701 elements
Info    : 0.90 < quality < 1.00 :       323 elements
Info    : Optimizing volume 40002
Info    : Optimization starts (volume = 3.04e-06) with worst = 0.0331028 / average = 0.766232:
Info    : 0.00 < quality < 0.10 :         8 elements
Info    : 0.10 < quality < 0.20 :        12 elements
Info    : 0.20 < quality < 0.30 :        19 elements
Info    : 0.30 < quality < 0.40 :        31 elements
Info    : 0.40 < quality < 0.50 :        42 elements
Info    : 0.50 < quality < 0.60 :        74 elements
Info    : 0.60 < quality < 0.70 :       384 elements
Info    : 0.70 < quality < 0.80 :       570 elements
Info    : 0.80 < quality < 0.90 :       633 elements
Info    : 0.90 < quality < 1.00 :       325 elements
Info    : 38 edge swaps, 0 node relocations (volume = 3.04e-06): worst = 0.304574 / average = 0.778449 (Wall 0.000333789s, CPU 0.000334s)
Info    : No ill-shaped tets in the mesh :-)
Info    : 0.00 < quality < 0.10 :         0 elements
Info    : 0.10 < quality < 0.20 :         0 elements
Info    : 0.20 < quality < 0.30 :         0 elements
Info    : 0.30 < quality < 0.40 :        27 elements
Info    : 0.40 < quality < 0.50 :        42 elements
Info    : 0.50 < quality < 0.60 :        75 elements
Info    : 0.60 < quality < 0.70 :       378 elements
Info    : 0.70 < quality < 0.80 :       577 elements
Info    : 0.80 < quality < 0.90 :       639 elements
Info    : 0.90 < quality < 1.00 :       324 elements
Info    : Optimizing volume 40003
Info    : Optimization starts (volume = 4.256e-06) with worst = 0.0246037 / average = 0.76572:
Info    : 0.00 < quality < 0.10 :        13 elements
Info    : 0.10 < quality < 0.20 :        30 elements
Info    : 0.20 < quality < 0.30 :        35 elements
Info    : 0.30 < quality < 0.40 :        37 elements
Info    : 0.40 < quality < 0.50 :        61 elements
Info    : 0.50 < quality < 0.60 :       102 elements
Info    : 0.60 < quality < 0.70 :       407 elements
Info    : 0.70 < quality < 0.80 :       770 elements
Info    : 0.80 < quality < 0.90 :       905 elements
Info    : 0.90 < quality < 1.00 :       457 elements
Info    : 78 edge swaps, 4 node relocations (volume = 4.256e-06): worst = 0.263957 / average = 0.784005 (Wall 0.000636748s, CPU 0.000636s)
Info    : 79 edge swaps, 4 node relocations (volume = 4.256e-06): worst = 0.303273 / average = 0.78422 (Wall 0.000747661s, CPU 0.000747s)
Info    : No ill-shaped tets in the mesh :-)
Info    : 0.00 < quality < 0.10 :         0 elements
Info    : 0.10 < quality < 0.20 :         0 elements
Info    : 0.20 < quality < 0.30 :         0 elements
Info    : 0.30 < quality < 0.40 :        38 elements
Info    : 0.40 < quality < 0.50 :        55 elements
Info    : 0.50 < quality < 0.60 :        98 elements
Info    : 0.60 < quality < 0.70 :       394 elements
Info    : 0.70 < quality < 0.80 :       781 elements
Info    : 0.80 < quality < 0.90 :       921 elements
Info    : 0.90 < quality < 1.00 :       457 elements
Info    : Optimizing volume 40004
Info    : Optimization starts (volume = 4.256e-06) with worst = 0.0249402 / average = 0.775934:
Info    : 0.00 < quality < 0.10 :        10 elements
Info    : 0.10 < quality < 0.20 :        22 elements
Info    : 0.20 < quality < 0.30 :        18 elements
Info    : 0.30 < quality < 0.40 :        43 elements
Info    : 0.40 < quality < 0.50 :        57 elements
Info    : 0.50 < quality < 0.60 :        81 elements
Info    : 0.60 < quality < 0.70 :       424 elements
Info    : 0.70 < quality < 0.80 :       671 elements
Info    : 0.80 < quality < 0.90 :       943 elements
Info    : 0.90 < quality < 1.00 :       481 elements
Info    : 50 edge swaps, 0 node relocations (volume = 4.256e-06): worst = 0.300829 / average = 0.788768 (Wall 0.000468377s, CPU 0.000467s)
Info    : No ill-shaped tets in the mesh :-)
Info    : 0.00 < quality < 0.10 :         0 elements
Info    : 0.10 < quality < 0.20 :         0 elements
Info    : 0.20 < quality < 0.30 :         0 elements
Info    : 0.30 < quality < 0.40 :        42 elements
Info    : 0.40 < quality < 0.50 :        53 elements
Info    : 0.50 < quality < 0.60 :        73 elements
Info    : 0.60 < quality < 0.70 :       431 elements
Info    : 0.70 < quality < 0.80 :       667 elements
Info    : 0.80 < quality < 0.90 :       953 elements
Info    : 0.90 < quality < 1.00 :       482 elements
Info    : Optimizing volume 40005
Info    : Optimization starts (volume = 3.04e-06) with worst = 0.0284099 / average = 0.772168:
Info    : 0.00 < quality < 0.10 :         9 elements
Info    : 0.10 < quality < 0.20 :        11 elements
Info    : 0.20 < quality < 0.30 :        15 elements
Info    : 0.30 < quality < 0.40 :        18 elements
Info    : 0.40 < quality < 0.50 :        30 elements
Info    : 0.50 < quality < 0.60 :        67 elements
Info    : 0.60 < quality < 0.70 :       379 elements
Info    : 0.70 < quality < 0.80 :       548 elements
Info    : 0.80 < quality < 0.90 :       684 elements
Info    : 0.90 < quality < 1.00 :       317 elements
Info    : 35 edge swaps, 0 node relocations (volume = 3.04e-06): worst = 0.300632 / average = 0.782343 (Wall 0.000320234s, CPU 0.00032s)
Info    : No ill-shaped tets in the mesh :-)
Info    : 0.00 < quality < 0.10 :         0 elements
Info    : 0.10 < quality < 0.20 :         0 elements
Info    : 0.20 < quality < 0.30 :         0 elements
Info    : 0.30 < quality < 0.40 :        17 elements
Info    : 0.40 < quality < 0.50 :        29 elements
Info    : 0.50 < quality < 0.60 :        72 elements
Info    : 0.60 < quality < 0.70 :       380 elements
Info    : 0.70 < quality < 0.80 :       546 elements
Info    : 0.80 < quality < 0.90 :       686 elements
Info    : 0.90 < quality < 1.00 :       318 elements
Info    : Optimizing volume 40006
Info    : Optimization starts (volume = 3.04e-06) with worst = 0.025644 / average = 0.766643:
Info    : 0.00 < quality < 0.10 :         8 elements
Info    : 0.10 < quality < 0.20 :        19 elements
Info    : 0.20 < quality < 0.30 :        11 elements
Info    : 0.30 < quality < 0.40 :        30 elements
Info    : 0.40 < quality < 0.50 :        34 elements
Info    : 0.50 < quality < 0.60 :        88 elements
Info    : 0.60 < quality < 0.70 :       352 elements
Info    : 0.70 < quality < 0.80 :       584 elements
Info    : 0.80 < quality < 0.90 :       633 elements
Info    : 0.90 < quality < 1.00 :       318 elements
Info    : 38 edge swaps, 1 node relocations (volume = 3.04e-06): worst = 0.313374 / average = 0.779095 (Wall 0.0003345s, CPU 0.000333s)
Info    : No ill-shaped tets in the mesh :-)
Info    : 0.00 < quality < 0.10 :         0 elements
Info    : 0.10 < quality < 0.20 :         0 elements
Info    : 0.20 < quality < 0.30 :         0 elements
Info    : 0.30 < quality < 0.40 :        31 elements
Info    : 0.40 < quality < 0.50 :        33 elements
Info    : 0.50 < quality < 0.60 :        83 elements
Info    : 0.60 < quality < 0.70 :       348 elements
Info    : 0.70 < quality < 0.80 :       589 elements
Info    : 0.80 < quality < 0.90 :       643 elements
Info    : 0.90 < quality < 1.00 :       314 elements
Info    : Optimizing volume 40007
Info    : Optimization starts (volume = 4.256e-06) with worst = 0.0289765 / average = 0.76512:
Info    : 0.00 < quality < 0.10 :        10 elements
Info    : 0.10 < quality < 0.20 :        35 elements
Info    : 0.20 < quality < 0.30 :        25 elements
Info    : 0.30 < quality < 0.40 :        37 elements
Info    : 0.40 < quality < 0.50 :        51 elements
Info    : 0.50 < quality < 0.60 :       109 elements
Info    : 0.60 < quality < 0.70 :       469 elements
Info    : 0.70 < quality < 0.80 :       748 elements
Info    : 0.80 < quality < 0.90 :       907 elements
Info    : 0.90 < quality < 1.00 :       446 elements
Info    : 70 edge swaps, 0 node relocations (volume = 4.256e-06): worst = 0.30234 / average = 0.781902 (Wall 0.000520797s, CPU 0.000521s)
Info    : No ill-shaped tets in the mesh :-)
Info    : 0.00 < quality < 0.10 :         0 elements
Info    : 0.10 < quality < 0.20 :         0 elements
Info    : 0.20 < quality < 0.30 :         0 elements
Info    : 0.30 < quality < 0.40 :        35 elements
Info    : 0.40 < quality < 0.50 :        45 elements
Info    : 0.50 < quality < 0.60 :       110 elements
Info    : 0.60 < quality < 0.70 :       448 elements
Info    : 0.70 < quality < 0.80 :       768 elements
Info    : 0.80 < quality < 0.90 :       918 elements
Info    : 0.90 < quality < 1.00 :       446 elements
Info    : Optimizing volume 40008
Info    : Optimization starts (volume = 4.256e-06) with worst = 0.0275154 / average = 0.765711:
Info    : 0.00 < quality < 0.10 :         9 elements
Info    : 0.10 < quality < 0.20 :        25 elements
Info    : 0.20 < quality < 0.30 :        31 elements
Info    : 0.30 < quality < 0.40 :        44 elements
Info    : 0.40 < quality < 0.50 :        58 elements
Info    : 0.50 < quality < 0.60 :       114 elements
Info    : 0.60 < quality < 0.70 :       470 elements
Info    : 0.70 < quality < 0.80 :       708 elements
Info    : 0.80 < quality < 0.90 :       883 elements
Info    : 0.90 < quality < 1.00 :       470 elements
Info    : 65 edge swaps, 3 node relocations (volume = 4.256e-06): worst = 0.302823 / average = 0.779475 (Wall 0.000547348s, CPU 0.000548s)
Info    : No ill-shaped tets in the mesh :-)
Info    : 0.00 < quality < 0.10 :         0 elements
Info    : 0.10 < quality < 0.20 :         0 elements
Info    : 0.20 < quality < 0.30 :         0 elements
Info    : 0.30 < quality < 0.40 :        47 elements
Info    : 0.40 < quality < 0.50 :        56 elements
Info    : 0.50 < quality < 0.60 :       118 elements
Info    : 0.60 < quality < 0.70 :       462 elements
Info    : 0.70 < quality < 0.80 :       717 elements
Info    : 0.80 < quality < 0.90 :       889 elements
Info    : 0.90 < quality < 1.00 :       468 elements
Info    : Optimizing volume 40009
Info    : Optimization starts (volume = 3.04e-06) with worst = 0.0289468 / average = 0.764728:
Info    : 0.00 < quality < 0.10 :         7 elements
Info    : 0.10 < quality < 0.20 :        33 elements
Info    : 0.20 < quality < 0.30 :        17 elements
Info    : 0.30 < quality < 0.40 :        18 elements
Info    : 0.40 < quality < 0.50 :        38 elements
Info    : 0.50 < quality < 0.60 :        73 elements
Info    : 0.60 < quality < 0.70 :       384 elements
Info    : 0.70 < quality < 0.80 :       551 elements
Info    : 0.80 < quality < 0.90 :       693 elements
Info    : 0.90 < quality < 1.00 :       311 elements
Info    : 55 edge swaps, 6 node relocations (volume = 3.04e-06): worst = 0.230282 / average = 0.782138 (Wall 0.000458919s, CPU 0.000459s)
Info    : 57 edge swaps, 6 node relocations (volume = 3.04e-06): worst = 0.301777 / average = 0.782829 (Wall 0.000547589s, CPU 0.000547s)
Info    : No ill-shaped tets in the mesh :-)
Info    : 0.00 < quality < 0.10 :         0 elements
Info    : 0.10 < quality < 0.20 :         0 elements
Info    : 0.20 < quality < 0.30 :         0 elements
Info    : 0.30 < quality < 0.40 :        20 elements
Info    : 0.40 < quality < 0.50 :        33 elements
Info    : 0.50 < quality < 0.60 :        76 elements
Info    : 0.60 < quality < 0.70 :       368 elements
Info    : 0.70 < quality < 0.80 :       557 elements
Info    : 0.80 < quality < 0.90 :       702 elements
Info    : 0.90 < quality < 1.00 :       317 elements
Info    : Optimizing volume 40010
Info    : Optimization starts (volume = 3.04e-06) with worst = 0.0193983 / average = 0.770034:
Info    : 0.00 < quality < 0.10 :        10 elements
Info    : 0.10 < quality < 0.20 :        23 elements
Info    : 0.20 < quality < 0.30 :        12 elements
Info    : 0.30 < quality < 0.40 :        24 elements
Info    : 0.40 < quality < 0.50 :        32 elements
Info    : 0.50 < quality < 0.60 :        64 elements
Info    : 0.60 < quality < 0.70 :       355 elements
Info    : 0.70 < quality < 0.80 :       603 elements
Info    : 0.80 < quality < 0.90 :       658 elements
Info    : 0.90 < quality < 1.00 :       317 elements
Info    : 44 edge swaps, 0 node relocations (volume = 3.04e-06): worst = 0.309908 / average = 0.784362 (Wall 0.000356082s, CPU 0.000356s)
Info    : No ill-shaped tets in the mesh :-)
Info    : 0.00 < quality < 0.10 :         0 elements
Info    : 0.10 < quality < 0.20 :         0 elements
Info    : 0.20 < quality < 0.30 :         0 elements
Info    : 0.30 < quality < 0.40 :        21 elements
Info    : 0.40 < quality < 0.50 :        31 elements
Info    : 0.50 < quality < 0.60 :        67 elements
Info    : 0.60 < quality < 0.70 :       347 elements
Info    : 0.70 < quality < 0.80 :       609 elements
Info    : 0.80 < quality < 0.90 :       665 elements
Info    : 0.90 < quality < 1.00 :       316 elements
Info    : Optimizing volume 40011
Info    : Optimization starts (volume = 4.256e-06) with worst = 0.0220964 / average = 0.770788:
Info    : 0.00 < quality < 0.10 :         7 elements
Info    : 0.10 < quality < 0.20 :        21 elements
Info    : 0.20 < quality < 0.30 :        23 elements
Info    : 0.30 < quality < 0.40 :        42 elements
Info    : 0.40 < quality < 0.50 :        70 elements
Info    : 0.50 < quality < 0.60 :       117 elements
Info    : 0.60 < quality < 0.70 :       421 elements
Info    : 0.70 < quality < 0.80 :       686 elements
Info    : 0.80 < quality < 0.90 :       942 elements
Info    : 0.90 < quality < 1.00 :       468 elements
Info    : 50 edge swaps, 2 node relocations (volume = 4.256e-06): worst = 0.111863 / average = 0.782543 (Wall 0.000454961s, CPU 0.000454s)
Info    : 52 edge swaps, 2 node relocations (volume = 4.256e-06): worst = 0.302545 / average = 0.783042 (Wall 0.000577125s, CPU 0.000577s)
Info    : No ill-shaped tets in the mesh :-)
Info    : 0.00 < quality < 0.10 :         0 elements
Info    : 0.10 < quality < 0.20 :         0 elements
Info    : 0.20 < quality < 0.30 :         0 elements
Info    : 0.30 < quality < 0.40 :        44 elements
Info    : 0.40 < quality < 0.50 :        65 elements
Info    : 0.50 < quality < 0.60 :       111 elements
Info    : 0.60 < quality < 0.70 :       416 elements
Info    : 0.70 < quality < 0.80 :       693 elements
Info    : 0.80 < quality < 0.90 :       951 elements
Info    : 0.90 < quality < 1.00 :       469 elements
Info    : Optimizing volume 40012
Info    : Optimization starts (volume = 4.256e-06) with worst = 0.0112533 / average = 0.770094:
Info    : 0.00 < quality < 0.10 :        14 elements
Info    : 0.10 < quality < 0.20 :        24 elements
Info    : 0.20 < quality < 0.30 :        22 elements
Info    : 0.30 < quality < 0.40 :        38 elements
Info    : 0.40 < quality < 0.50 :        43 elements
Info    : 0.50 < quality < 0.60 :       123 elements
Info    : 0.60 < quality < 0.70 :       459 elements
Info    : 0.70 < quality < 0.80 :       685 elements
Info    : 0.80 < quality < 0.90 :       918 elements
Info    : 0.90 < quality < 1.00 :       469 elements
Info    : 60 edge swaps, 3 node relocations (volume = 4.256e-06): worst = 0.237779 / average = 0.784078 (Wall 0.000520437s, CPU 0.000516s)
Info    : 62 edge swaps, 3 node relocations (volume = 4.256e-06): worst = 0.302143 / average = 0.784286 (Wall 0.000641859s, CPU 0.000638s)
Info    : No ill-shaped tets in the mesh :-)
Info    : 0.00 < quality < 0.10 :         0 elements
Info    : 0.10 < quality < 0.20 :         0 elements
Info    : 0.20 < quality < 0.30 :         0 elements
Info    : 0.30 < quality < 0.40 :        38 elements
Info    : 0.40 < quality < 0.50 :        41 elements
Info    : 0.50 < quality < 0.60 :       127 elements
Info    : 0.60 < quality < 0.70 :       450 elements
Info    : 0.70 < quality < 0.80 :       682 elements
Info    : 0.80 < quality < 0.90 :       928 elements
Info    : 0.90 < quality < 1.00 :       473 elements
Info    : Optimizing volume 40013
Info    : Optimization starts (volume = 0.0140868) with worst = 0.00258666 / average = 0.737566:
Info    : 0.00 < quality < 0.10 :      2806 elements
Info    : 0.10 < quality < 0.20 :      8215 elements
Info    : 0.20 < quality < 0.30 :     17192 elements
Info    : 0.30 < quality < 0.40 :     30485 elements
Info    : 0.40 < quality < 0.50 :     45549 elements
Info    : 0.50 < quality < 0.60 :     68325 elements
Info    : 0.60 < quality < 0.70 :    116501 elements
Info    : 0.70 < quality < 0.80 :    220535 elements
Info    : 0.80 < quality < 0.90 :    286709 elements
Info    : 0.90 < quality < 1.00 :    131287 elements
Info    : 23175 edge swaps, 2980 node relocations (volume = 0.0140868): worst = 0.0776858 / average = 0.750021 (Wall 0.675063s, CPU 0.673977s)
Info    : 24588 edge swaps, 3654 node relocations (volume = 0.0140868): worst = 0.0974389 / average = 0.750319 (Wall 0.979388s, CPU 0.977784s)
Info    : 24861 edge swaps, 3928 node relocations (volume = 0.0140868): worst = 0.0974389 / average = 0.750372 (Wall 1.26171s, CPU 1.25966s)
Info    : No ill-shaped tets in the mesh :-)
Info    : 0.00 < quality < 0.10 :         1 elements
Info    : 0.10 < quality < 0.20 :       129 elements
Info    : 0.20 < quality < 0.30 :      2574 elements
Info    : 0.30 < quality < 0.40 :     32689 elements
Info    : 0.40 < quality < 0.50 :     47243 elements
Info    : 0.50 < quality < 0.60 :     69377 elements
Info    : 0.60 < quality < 0.70 :    117370 elements
Info    : 0.70 < quality < 0.80 :    221445 elements
Info    : 0.80 < quality < 0.90 :    287781 elements
Info    : 0.90 < quality < 1.00 :    129726 elements
Info    : Done optimizing mesh (Wall 2.92356s, CPU 2.87063s)
Info    : 213534 nodes 1464712 elements
Info    : Writing '/output/8fa4d3763c22e432fa648f26/motor.msh'...
Info    : Done writing '/output/8fa4d3763c22e432fa648f26/motor.msh'
Info    : Stopped on Sun Aug 16 19:42:38 2026 (From start: Wall 25.1855s, CPU 25.1959s)
